time_ms,req_id,node_id,content_id,file_size_MB,algo,path,server_node,latency_ms,throughput_mbps,http_code,cache_status,download_time
100,1,GS_01,telemetry_UAV_05,0.1,Optimized,"['GS_01', 'SAT_63188', 'UAV_05']",UAV_05,4.117654,10.932950,200,HIT,77.290950
100,2,GS_01,telemetry_UAV_10,0.1,Optimized,"['GS_01', 'SAT_63188', 'UAV_10']",UAV_10,4.185893,12.098388,200,HIT,70.310405
100,3,GS_01,telemetry_UAV_01,0.1,Optimized,"['GS_01', 'SAT_63188', 'UAV_01']",UAV_01,3.849678,12.272149,200,HIT,69.037933
100,4,GS_01,low_res_img_UAV_05,5.0,Optimized,"['GS_01', 'SAT_63188', 'UAV_05']",UAV_05,4.159478,18.302015,200,HIT,2189.711199
100,5,GS_01,low_res_img_UAV_01,5.0,Optimized,"['GS_01', 'SAT_63188', 'UAV_01']",UAV_01,3.800000,10.071216,200,HIT,3975.515132
100,6,GS_01,low_res_img_UAV_10,5.0,Optimized,"['GS_01', 'SAT_63188', 'UAV_10']",UAV_10,4.038097,18.914630,200,HIT,2118.803182
1100,7,GS_01,telemetry_UAV_05,0.1,Optimized,"['GS_01', 'SAT_63188', 'UAV_05']",UAV_05,4.184277,15.082354,200,HIT,57.226395
1100,8,GS_01,telemetry_UAV_01,0.1,Optimized,"['GS_01', 'SAT_63188', 'UAV_01']",UAV_01,4.213584,15.268630,200,HIT,56.608592
1100,9,GS_01,telemetry_UAV_10,0.1,Optimized,"['GS_01', 'SAT_63188', 'UAV_10']",UAV_10,4.443151,15.707976,200,HIT,55.372693
2100,10,GS_01,telemetry_UAV_10,0.1,Optimized,"['GS_01', 'SAT_63188', 'UAV_10']",UAV_10,4.421597,12.736095,200,HIT,67.235198
2100,11,GS_01,low_res_img_UAV_05,5.0,Optimized,"['GS_01', 'SAT_63188', 'UAV_05']",UAV_05,4.209602,12.467640,200,HIT,3212.515151
2100,12,GS_01,low_res_img_UAV_10,5.0,Optimized,"['GS_01', 'SAT_63188', 'UAV_10']",UAV_10,4.368062,18.909250,200,HIT,2119.734879
2100,13,GS_01,telemetry_UAV_05,0.1,Optimized,"['GS_01', 'SAT_63188', 'UAV_05']",UAV_05,4.214324,19.295572,200,HIT,45.674613
2100,14,GS_01,low_res_img_UAV_01,5.0,Optimized,"['GS_01', 'SAT_63188', 'UAV_01']",UAV_01,4.371393,12.798464,200,HIT,3129.746340
2100,15,GS_01,telemetry_UAV_01,0.1,Optimized,"['GS_01', 'SAT_63188', 'UAV_01']",UAV_01,4.631460,15.006050,200,HIT,57.943291
3100,16,GS_01,telemetry_UAV_05,0.1,Optimized,"['GS_01', 'SAT_63188', 'UAV_05']",UAV_05,4.778433,19.845852,200,HIT,45.089123
3100,17,GS_01,telemetry_UAV_10,0.1,Optimized,"['GS_01', 'SAT_63188', 'UAV_10']",UAV_10,4.596617,17.664073,200,HIT,49.886285
3100,18,GS_01,telemetry_UAV_01,0.1,Optimized,"['GS_01', 'SAT_63188', 'UAV_01']",UAV_01,4.499323,13.912692,200,HIT,62.000775
4100,19,GS_01,telemetry_UAV_01,0.1,Optimized,"['GS_01', 'SAT_63188', 'UAV_01']",UAV_01,4.861965,17.392584,200,HIT,50.858581
4100,20,GS_01,low_res_img_UAV_01,5.0,Optimized,"['GS_01', 'SAT_63188', 'UAV_01']",UAV_01,4.724852,13.533762,200,HIT,2960.296215
4100,21,GS_01,telemetry_UAV_05,0.1,Optimized,"['GS_01', 'SAT_63188', 'UAV_05']",UAV_05,4.919862,18.718846,200,HIT,47.657540
4100,22,GS_01,telemetry_UAV_10,0.1,Optimized,"['GS_01', 'SAT_63188', 'UAV_10']",UAV_10,4.722230,10.076760,200,HIT,84.112831
4100,23,GS_01,low_res_img_UAV_05,5.0,Optimized,"['GS_01', 'SAT_63188', 'UAV_05']",UAV_05,4.664030,17.731331,200,HIT,2260.557819
4100,24,GS_01,low_res_img_UAV_10,5.0,Optimized,"['GS_01', 'SAT_63188', 'UAV_10']",UAV_10,4.920273,18.166987,200,HIT,2206.716350
5100,25,GS_01,telemetry_UAV_10,0.1,Optimized,"['GS_01', 'SAT_63188', 'UAV_10']",UAV_10,5.115795,11.085513,200,HIT,77.282055
5100,26,GS_01,telemetry_UAV_05,0.1,Optimized,"['GS_01', 'SAT_63188', 'UAV_05']",UAV_05,5.119911,15.210496,200,HIT,57.715170
5100,27,GS_01,telemetry_UAV_01,0.1,Optimized,"['GS_01', 'SAT_63188', 'UAV_01']",UAV_01,4.896721,11.633059,200,HIT,73.666251
6100,28,GS_01,telemetry_UAV_01,0.1,Optimized,"['GS_01', 'SAT_63188', 'UAV_01']",UAV_01,5.055067,15.376300,200,HIT,57.083190
6100,29,GS_01,low_res_img_UAV_01,5.0,Optimized,"['GS_01', 'SAT_63188', 'UAV_01']",UAV_01,5.184225,13.242788,200,HIT,3025.696182
6100,30,GS_01,telemetry_UAV_05,0.1,Optimized,"['GS_01', 'SAT_63188', 'UAV_05']",UAV_05,5.090576,13.788740,200,HIT,63.108931
6100,31,GS_01,telemetry_UAV_10,0.1,Optimized,"['GS_01', 'SAT_63188', 'UAV_10']",UAV_10,5.044752,14.470097,200,HIT,60.331183
6100,32,GS_01,low_res_img_UAV_05,5.0,Optimized,"['GS_01', 'SAT_63188', 'UAV_05']",UAV_05,5.403031,14.090136,200,HIT,2844.268475
6100,33,GS_01,low_res_img_UAV_10,5.0,Optimized,"['GS_01', 'SAT_63188', 'UAV_10']",UAV_10,5.282238,19.067131,200,HIT,2103.133203
7100,34,GS_01,telemetry_UAV_01,0.1,Optimized,"['GS_01', 'SAT_63188', 'UAV_01']",UAV_01,5.455263,15.851657,200,HIT,55.923174
7100,35,GS_01,telemetry_UAV_10,0.1,Optimized,"['GS_01', 'SAT_63188', 'UAV_10']",UAV_10,5.687576,17.789384,200,HIT,50.658217
7100,36,GS_01,telemetry_UAV_05,0.1,Optimized,"['GS_01', 'SAT_63188', 'UAV_05']",UAV_05,5.278741,13.990139,200,HIT,62.461874
8000,37,GS_01,telemetry_UAV_10,0.1,Optimized,"['GS_01', 'SAT_63188', 'UAV_10']",UAV_10,5.512994,17.527294,200,HIT,51.156091
8100,38,GS_01,telemetry_UAV_05,0.1,Optimized,"['GS_01', 'SAT_63188', 'UAV_05']",UAV_05,5.473839,18.647592,200,HIT,48.374820
8100,39,GS_01,telemetry_UAV_01,0.1,Optimized,"['GS_01', 'SAT_63188', 'UAV_01']",UAV_01,5.448679,17.679494,200,HIT,50.698844
8100,40,GS_01,low_res_img_UAV_10,5.0,Optimized,"['GS_01', 'SAT_63188', 'UAV_10']",UAV_10,5.646148,10.843413,200,HIT,3694.521432
8100,41,GS_01,low_res_img_UAV_05,5.0,Optimized,"['GS_01', 'SAT_63188', 'UAV_05']",UAV_05,5.637863,16.585056,200,HIT,2417.447614
8100,42,GS_01,low_res_img_UAV_01,5.0,Optimized,"['GS_01', 'SAT_63188', 'UAV_01']",UAV_01,5.770856,19.488706,200,HIT,2058.241684
9100,43,GS_01,telemetry_UAV_01,0.1,Optimized,"['GS_01', 'SAT_63188', 'UAV_01']",UAV_01,5.718023,19.739860,200,HIT,46.245160
9100,44,GS_01,telemetry_UAV_05,0.1,Optimized,"['GS_01', 'SAT_63188', 'UAV_05']",UAV_05,5.800468,17.436646,200,HIT,51.680852
9100,45,GS_01,telemetry_UAV_10,0.1,Optimized,"['GS_01', 'SAT_63188', 'UAV_10']",UAV_10,5.787160,18.454968,200,HIT,49.135920
10100,46,GS_01,telemetry_UAV_01,0.1,Optimized,"['GS_01', 'SAT_63188', 'UAV_01']",UAV_01,6.181478,17.493370,200,HIT,51.913090
10100,47,GS_01,telemetry_UAV_05,0.1,Optimized,"['GS_01', 'SAT_63188', 'UAV_05']",UAV_05,5.998973,14.251377,200,HIT,62.133898
10100,48,GS_01,low_res_img_UAV_01,5.0,Optimized,"['GS_01', 'SAT_63188', 'UAV_01']",UAV_01,6.035729,12.685302,200,HIT,3159.291271
10100,49,GS_01,low_res_img_UAV_10,5.0,Optimized,"['GS_01', 'SAT_63188', 'UAV_10']",UAV_10,5.918467,15.153124,200,HIT,2645.638251
10100,50,GS_01,telemetry_UAV_10,0.1,Optimized,"['GS_01', 'SAT_63188', 'UAV_10']",UAV_10,6.103742,15.623169,200,HIT,57.309741
10100,51,GS_01,low_res_img_UAV_05,5.0,Optimized,"['GS_01', 'SAT_63188', 'UAV_05']",UAV_05,6.031477,11.062471,200,HIT,3621.860096
11100,52,GS_01,telemetry_UAV_10,0.1,Optimized,"['GS_01', 'SAT_63188', 'UAV_10']",UAV_10,6.285216,15.178859,200,HIT,58.990099
11100,53,GS_01,telemetry_UAV_05,0.1,Optimized,"['GS_01', 'SAT_63188', 'UAV_05']",UAV_05,6.009038,19.872689,200,HIT,46.265290
11100,54,GS_01,telemetry_UAV_01,0.1,Optimized,"['GS_01', 'SAT_63188', 'UAV_01']",UAV_01,6.442868,16.188424,200,HIT,55.860897
12100,55,GS_01,telemetry_UAV_01,0.1,Optimized,"['GS_01', 'SAT_63188', 'UAV_01']",UAV_01,6.357351,11.308113,200,HIT,77.103021
12100,56,GS_01,low_res_img_UAV_01,5.0,Optimized,"['GS_01', 'SAT_63188', 'UAV_01']",UAV_01,6.339483,12.212485,200,HIT,3281.676250
12100,57,GS_01,low_res_img_UAV_05,5.0,Optimized,"['GS_01', 'SAT_63188', 'UAV_05']",UAV_05,6.460644,14.913920,200,HIT,2688.518694
12100,58,GS_01,telemetry_UAV_05,0.1,Optimized,"['GS_01', 'SAT_63188', 'UAV_05']",UAV_05,6.499075,15.514904,200,HIT,58.062397
12100,59,GS_01,telemetry_UAV_10,0.1,Optimized,"['GS_01', 'SAT_63188', 'UAV_10']",UAV_10,6.282972,10.315233,200,HIT,83.838176
12100,60,GS_01,low_res_img_UAV_10,5.0,Optimized,"['GS_01', 'SAT_63188', 'UAV_10']",UAV_10,6.426335,18.833277,200,HIT,2130.326538
13100,61,GS_01,telemetry_UAV_01,0.1,Optimized,"['GS_01', 'SAT_63188', 'UAV_01']",UAV_01,6.339758,11.992330,200,HIT,73.049061
13100,62,GS_01,telemetry_UAV_05,0.1,Optimized,"['GS_01', 'SAT_63188', 'UAV_05']",UAV_05,6.294804,11.861131,200,HIT,73.741996
13100,63,GS_01,telemetry_UAV_10,0.1,Optimized,"['GS_01', 'SAT_63188', 'UAV_10']",UAV_10,6.744802,16.229252,200,HIT,56.038510
14100,64,GS_01,low_res_img_UAV_10,5.0,Optimized,"['GS_01', 'SAT_63188', 'UAV_10']",UAV_10,6.584081,15.079342,200,HIT,2659.219672
14100,65,GS_01,telemetry_UAV_10,0.1,Optimized,"['GS_01', 'SAT_63188', 'UAV_10']",UAV_10,6.714712,16.186423,200,HIT,56.138849
14100,66,GS_01,telemetry_UAV_05,0.1,Optimized,"['GS_01', 'SAT_63188', 'UAV_05']",UAV_05,6.483047,10.662464,200,HIT,81.512609
14100,67,GS_01,low_res_img_UAV_05,5.0,Optimized,"['GS_01', 'SAT_63188', 'UAV_05']",UAV_05,6.715508,13.938409,200,HIT,2876.483510
14100,68,GS_01,telemetry_UAV_01,0.1,Optimized,"['GS_01', 'SAT_63188', 'UAV_01']",UAV_01,6.940521,16.218198,200,HIT,56.267826
14100,69,GS_01,low_res_img_UAV_01,5.0,Optimized,"['GS_01', 'SAT_63188', 'UAV_01']",UAV_01,6.843163,13.588716,200,HIT,2950.461939
15000,70,GS_01,telemetry_UAV_05,0.1,Optimized,"['GS_01', 'SAT_63188', 'UAV_05']",UAV_05,6.910496,19.782140,200,HIT,47.351014
15100,71,GS_01,telemetry_UAV_01,0.1,Optimized,"['GS_01', 'SAT_63188', 'UAV_01']",UAV_01,6.900265,17.970791,200,HIT,51.416947
15100,72,GS_01,telemetry_UAV_10,0.1,Optimized,"['GS_01', 'SAT_63188', 'UAV_10']",UAV_10,6.944074,15.206769,200,HIT,59.552225
16100,73,GS_01,low_res_img_UAV_05,5.0,Optimized,"['GS_01', 'SAT_63188', 'UAV_05']",UAV_05,6.759799,19.685041,200,HIT,2038.759681
16100,74,GS_01,telemetry_UAV_01,0.1,Optimized,"['GS_01', 'SAT_63188', 'UAV_01']",UAV_01,7.199934,19.021759,200,HIT,49.257033
16100,75,GS_01,telemetry_UAV_05,0.1,Optimized,"['GS_01', 'SAT_63188', 'UAV_05']",UAV_05,6.786591,19.535927,200,HIT,47.736785
16100,76,GS_01,telemetry_UAV_10,0.1,Optimized,"['GS_01', 'SAT_63188', 'UAV_10']",UAV_10,7.059338,13.325112,200,HIT,67.096357
16100,77,GS_01,low_res_img_UAV_01,5.0,Optimized,"['GS_01', 'SAT_63188', 'UAV_01']",UAV_01,6.973126,12.298717,200,HIT,3259.344845
16100,78,GS_01,low_res_img_UAV_10,5.0,Optimized,"['GS_01', 'SAT_63188', 'UAV_10']",UAV_10,6.849859,14.931554,200,HIT,2685.740503
17100,79,GS_01,telemetry_UAV_01,0.1,Optimized,"['GS_01', 'SAT_63188', 'UAV_01']",UAV_01,7.168697,14.445368,200,HIT,62.549771
17100,80,GS_01,telemetry_UAV_10,0.1,Optimized,"['GS_01', 'SAT_63188', 'UAV_10']",UAV_10,6.877762,14.334801,200,HIT,62.686000
17100,81,GS_01,telemetry_UAV_05,0.1,Optimized,"['GS_01', 'SAT_63188', 'UAV_05']",UAV_05,7.160633,16.903056,200,HIT,54.489354
18100,82,GS_01,telemetry_UAV_10,0.1,Optimized,"['GS_01', 'SAT_63188', 'UAV_10']",UAV_10,7.082945,14.500886,200,HIT,62.251987
18100,83,GS_01,low_res_img_UAV_01,5.0,Optimized,"['GS_01', 'SAT_63188', 'UAV_01']",UAV_01,7.143733,18.173496,200,HIT,2208.151153
18100,84,GS_01,telemetry_UAV_01,0.1,Optimized,"['GS_01', 'SAT_63188', 'UAV_01']",UAV_01,7.390912,16.470163,200,HIT,55.963596
18100,85,GS_01,telemetry_UAV_05,0.1,Optimized,"['GS_01', 'SAT_63188', 'UAV_05']",UAV_05,7.116626,19.118730,200,HIT,48.960409
18100,86,GS_01,low_res_img_UAV_05,5.0,Optimized,"['GS_01', 'SAT_63188', 'UAV_05']",UAV_05,7.095606,13.050254,200,HIT,3072.170015
18100,87,GS_01,low_res_img_UAV_10,5.0,Optimized,"['GS_01', 'SAT_63188', 'UAV_10']",UAV_10,7.343765,14.859938,200,HIT,2699.145030
19100,88,GS_01,telemetry_UAV_01,0.1,Optimized,"['GS_01', 'SAT_63188', 'UAV_01']",UAV_01,7.554348,16.924156,200,HIT,54.824060
19100,89,GS_01,telemetry_UAV_05,0.1,Optimized,"['GS_01', 'SAT_63188', 'UAV_05']",UAV_05,7.402005,11.416602,200,HIT,77.475397
19100,90,GS_01,telemetry_UAV_10,0.1,Optimized,"['GS_01', 'SAT_63188', 'UAV_10']",UAV_10,7.202839,19.762912,200,HIT,47.682704
20000,91,GS_01,telemetry_UAV_05,0.1,Optimized,"['GS_01', 'SAT_63188', 'UAV_05']",UAV_05,7.639639,17.160993,200,HIT,54.256987
20100,92,GS_01,telemetry_UAV_01,0.1,Optimized,"['GS_01', 'SAT_63188', 'UAV_01']",UAV_01,7.303918,16.020906,200,HIT,57.238672
20100,93,GS_01,low_res_img_UAV_05,5.0,Optimized,"['GS_01', 'SAT_63188', 'UAV_05']",UAV_05,7.464669,12.148696,200,HIT,3299.998977
20100,94,GS_01,telemetry_UAV_10,0.1,Optimized,"['GS_01', 'SAT_63188', 'UAV_10']",UAV_10,7.695134,12.700123,200,HIT,70.686648
20100,95,GS_01,low_res_img_UAV_01,5.0,Optimized,"['GS_01', 'SAT_63188', 'UAV_01']",UAV_01,7.273761,17.033681,200,HIT,2355.562381
20100,96,GS_01,low_res_img_UAV_10,5.0,Optimized,"['GS_01', 'SAT_63188', 'UAV_10']",UAV_10,7.441827,12.924943,200,HIT,3102.232966
21100,97,GS_01,telemetry_UAV_05,0.1,Optimized,"['GS_01', 'SAT_63188', 'UAV_05']",UAV_05,7.513280,17.925207,200,HIT,52.143169
21100,98,GS_01,telemetry_UAV_01,0.1,Optimized,"['GS_01', 'SAT_63188', 'UAV_01']",UAV_01,7.637244,19.269538,200,HIT,49.153549
21100,99,GS_01,telemetry_UAV_10,0.1,Optimized,"['GS_01', 'SAT_63188', 'UAV_10']",UAV_10,7.650536,11.333792,200,HIT,78.235914
22100,100,GS_01,low_res_img_UAV_10,5.0,Optimized,"['GS_01', 'SAT_63188', 'UAV_10']",UAV_10,7.678592,19.794316,200,HIT,2028.460735
22100,101,GS_01,telemetry_UAV_10,0.1,Optimized,"['GS_01', 'SAT_63188', 'UAV_10']",UAV_10,7.775180,17.519980,200,HIT,53.437334
22100,102,GS_01,telemetry_UAV_05,0.1,Optimized,"['GS_01', 'SAT_63188', 'UAV_05']",UAV_05,7.800123,16.692668,200,HIT,55.725355
22100,103,GS_01,telemetry_UAV_01,0.1,Optimized,"['GS_01', 'SAT_63188', 'UAV_01']",UAV_01,7.865296,13.630599,200,HIT,66.556773
22100,104,GS_01,low_res_img_UAV_05,5.0,Optimized,"['GS_01', 'SAT_63188', 'UAV_05']",UAV_05,7.445800,17.683787,200,HIT,2269.404737
22100,105,GS_01,low_res_img_UAV_01,5.0,Optimized,"['GS_01', 'SAT_63188', 'UAV_01']",UAV_01,7.880049,19.865998,200,HIT,2021.370686
23100,106,GS_01,telemetry_UAV_01,0.1,Optimized,"['GS_01', 'SAT_63188', 'UAV_01']",UAV_01,7.740189,10.525561,200,HIT,83.745640
23100,107,GS_01,telemetry_UAV_05,0.1,Optimized,"['GS_01', 'SAT_63188', 'UAV_05']",UAV_05,7.991633,14.664278,200,HIT,62.545974
23100,108,GS_01,telemetry_UAV_10,0.1,Optimized,"['GS_01', 'SAT_63188', 'UAV_10']",UAV_10,7.577766,18.797551,200,HIT,50.136502
24100,109,GS_01,low_res_img_UAV_05,5.0,Optimized,"['GS_01', 'SAT_63188', 'UAV_05']",UAV_05,7.931022,19.654031,200,HIT,2043.136944
24100,110,GS_01,telemetry_UAV_05,0.1,Optimized,"['GS_01', 'SAT_63188', 'UAV_05']",UAV_05,7.893335,14.815737,200,HIT,61.889973
24100,111,GS_01,telemetry_UAV_01,0.1,Optimized,"['GS_01', 'SAT_63188', 'UAV_01']",UAV_01,7.920662,12.621991,200,HIT,71.302102
24100,112,GS_01,telemetry_UAV_10,0.1,Optimized,"['GS_01', 'SAT_63188', 'UAV_10']",UAV_10,7.848466,16.380309,200,HIT,56.687594
24100,113,GS_01,low_res_img_UAV_10,5.0,Optimized,"['GS_01', 'SAT_63188', 'UAV_10']",UAV_10,7.707780,17.790020,200,HIT,2256.159391
24100,114,GS_01,low_res_img_UAV_01,5.0,Optimized,"['GS_01', 'SAT_63188', 'UAV_01']",UAV_01,7.775821,12.252614,200,HIT,3272.385391
25100,115,GS_01,telemetry_UAV_01,0.1,Optimized,"['GS_01', 'SAT_63188', 'UAV_01']",UAV_01,8.035448,12.630579,200,HIT,71.373793
25100,116,GS_01,telemetry_UAV_10,0.1,Optimized,"['GS_01', 'SAT_63188', 'UAV_10']",UAV_10,8.034551,14.705892,200,HIT,62.434514
25100,117,GS_01,telemetry_UAV_05,0.1,Optimized,"['GS_01', 'SAT_63188', 'UAV_05']",UAV_05,7.692373,14.517207,200,HIT,62.799391
26100,118,GS_01,telemetry_UAV_05,0.1,Optimized,"['GS_01', 'SAT_63188', 'UAV_05']",UAV_05,7.971518,13.828600,200,HIT,65.822639
26100,119,GS_01,telemetry_UAV_10,0.1,Optimized,"['GS_01', 'SAT_63188', 'UAV_10']",UAV_10,7.940910,16.556210,200,HIT,56.261146
26100,120,GS_01,low_res_img_UAV_01,5.0,Optimized,"['GS_01', 'SAT_63188', 'UAV_01']",UAV_01,7.799265,18.286055,200,HIT,2195.258548
26100,121,GS_01,low_res_img_UAV_05,5.0,Optimized,"['GS_01', 'SAT_63188', 'UAV_05']",UAV_05,8.019766,19.856749,200,HIT,2022.448187
26100,122,GS_01,telemetry_UAV_01,0.1,Optimized,"['GS_01', 'SAT_63188', 'UAV_01']",UAV_01,8.000304,10.313524,200,HIT,85.568363
26100,123,GS_01,low_res_img_UAV_10,5.0,Optimized,"['GS_01', 'SAT_63188', 'UAV_10']",UAV_10,7.864293,12.073110,200,HIT,3321.012374
27100,124,GS_01,telemetry_UAV_05,0.1,Optimized,"['GS_01', 'SAT_63188', 'UAV_05']",UAV_05,8.111764,17.589195,200,HIT,53.594233
27100,125,GS_01,telemetry_UAV_10,0.1,Optimized,"['GS_01', 'SAT_63188', 'UAV_10']",UAV_10,7.729061,10.338924,200,HIT,85.106555
27100,126,GS_01,telemetry_UAV_01,0.1,Optimized,"['GS_01', 'SAT_63188', 'UAV_01']",UAV_01,8.130817,13.975264,200,HIT,65.374814
28100,127,GS_01,telemetry_UAV_01,0.1,Optimized,"['GS_01', 'SAT_63188', 'UAV_01']",UAV_01,8.056575,19.039129,200,HIT,50.075303
28100,128,GS_01,telemetry_UAV_10,0.1,Optimized,"['GS_01', 'SAT_63188', 'UAV_10']",UAV_10,8.127000,17.538251,200,HIT,53.741583
28100,129,GS_01,low_res_img_UAV_10,5.0,Optimized,"['GS_01', 'SAT_63188', 'UAV_10']",UAV_10,7.972459,17.986690,200,HIT,2231.839130
28100,130,GS_01,low_res_img_UAV_05,5.0,Optimized,"['GS_01', 'SAT_63188', 'UAV_05']",UAV_05,8.025077,14.795073,200,HIT,2711.627888
28100,131,GS_01,telemetry_UAV_05,0.1,Optimized,"['GS_01', 'SAT_63188', 'UAV_05']",UAV_05,7.953486,13.805173,200,HIT,65.902776
28100,132,GS_01,low_res_img_UAV_01,5.0,Optimized,"['GS_01', 'SAT_63188', 'UAV_01']",UAV_01,8.192722,17.967350,200,HIT,2234.453098
29100,133,GS_01,telemetry_UAV_01,0.1,Optimized,"['GS_01', 'SAT_63188', 'UAV_01']",UAV_01,7.752500,17.795430,200,HIT,52.707863
29100,134,GS_01,telemetry_UAV_05,0.1,Optimized,"['GS_01', 'SAT_63188', 'UAV_05']",UAV_05,8.067950,17.958666,200,HIT,52.614689
29100,135,GS_01,telemetry_UAV_10,0.1,Optimized,"['GS_01', 'SAT_63188', 'UAV_10']",UAV_10,7.963498,11.297148,200,HIT,78.777828
30100,136,GS_01,telemetry_UAV_05,0.1,Optimized,"['GS_01', 'SAT_67311', 'UAV_05']",UAV_05,7.803444,11.218704,200,HIT,79.112928
30100,137,GS_01,telemetry_UAV_10,0.1,Optimized,"['GS_01', 'SAT_67311', 'UAV_10']",UAV_10,7.911090,19.739711,200,HIT,48.438533
30100,138,GS_01,telemetry_UAV_01,0.1,Optimized,"['GS_01', 'SAT_67311', 'UAV_01']",UAV_01,7.759957,15.132726,200,HIT,60.625513
31100,139,GS_01,telemetry_UAV_01,0.1,Optimized,"['GS_01', 'SAT_67311', 'UAV_01']",UAV_01,7.893680,19.683613,200,HIT,48.536624
31100,140,GS_01,telemetry_UAV_05,0.1,Optimized,"['GS_01', 'SAT_67311', 'UAV_05']",UAV_05,7.875909,19.240732,200,HIT,49.454369
31100,141,GS_01,telemetry_UAV_10,0.1,Optimized,"['GS_01', 'SAT_67311', 'UAV_10']",UAV_10,8.033575,12.113361,200,HIT,74.076350
32000,142,GS_01,telemetry_UAV_01,0.1,Optimized,"['GS_01', 'SAT_67311', 'UAV_01']",UAV_01,7.847234,18.882858,200,HIT,50.213703
32100,143,GS_01,telemetry_UAV_10,0.1,Optimized,"['GS_01', 'SAT_67311', 'UAV_10']",UAV_10,8.030665,14.784057,200,HIT,62.143010
32100,144,GS_01,telemetry_UAV_05,0.1,Optimized,"['GS_01', 'SAT_67311', 'UAV_05']",UAV_05,8.190209,16.940509,200,HIT,55.414291
33100,145,GS_01,telemetry_UAV_05,0.1,Optimized,"['GS_01', 'SAT_67311', 'UAV_05']",UAV_05,8.092651,19.166406,200,HIT,49.832350
33100,146,GS_01,telemetry_UAV_10,0.1,Optimized,"['GS_01', 'SAT_67311', 'UAV_10']",UAV_10,8.191922,15.501288,200,HIT,59.800536
33100,147,GS_01,telemetry_UAV_01,0.1,Optimized,"['GS_01', 'SAT_67311', 'UAV_01']",UAV_01,7.771677,13.507780,200,HIT,66.996807
34100,148,GS_01,telemetry_UAV_05,0.1,Optimized,"['GS_01', 'SAT_67311', 'UAV_05']",UAV_05,7.676653,13.515049,200,HIT,66.869928
34100,149,GS_01,telemetry_UAV_01,0.1,Optimized,"['GS_01', 'SAT_67311', 'UAV_01']",UAV_01,7.734448,11.978800,200,HIT,74.519102
34100,150,GS_01,telemetry_UAV_10,0.1,Optimized,"['GS_01', 'SAT_67311', 'UAV_10']",UAV_10,7.788161,19.056042,200,HIT,49.769597
35000,151,UAV_01,c2_converge_cmd,0.01,Optimized,"['UAV_01', 'SAT_67311', 'GS_01']",GS_01,7.692923,15.414760,200,HIT,12.882755
35000,152,UAV_05,c2_converge_cmd,0.01,Optimized,"['UAV_05', 'SAT_67311', 'GS_01']",GS_01,8.003713,12.770464,200,HIT,14.268168
35000,153,UAV_10,c2_converge_cmd,0.01,Optimized,"['UAV_10', 'SAT_67311', 'GS_01']",GS_01,7.711275,15.808829,200,HIT,12.771738
35100,154,GS_01,telemetry_UAV_05,0.1,Optimized,"['GS_01', 'SAT_67311', 'UAV_05']",UAV_05,7.835814,11.235912,200,HIT,79.036089
35100,155,GS_01,telemetry_UAV_01,0.1,Optimized,"['GS_01', 'SAT_67311', 'UAV_01']",UAV_01,7.750887,10.714022,200,HIT,82.419395
35100,156,GS_01,telemetry_UAV_10,0.1,Optimized,"['GS_01', 'SAT_67311', 'UAV_10']",UAV_10,8.021786,12.688689,200,HIT,71.070066
36100,157,GS_01,telemetry_UAV_01,0.1,Optimized,"['GS_01', 'SAT_67311', 'UAV_01']",UAV_01,7.968609,15.279748,200,HIT,60.325495
36100,158,GS_01,telemetry_UAV_10,0.1,Optimized,"['GS_01', 'SAT_67311', 'UAV_10']",UAV_10,8.033276,13.910413,200,HIT,65.544150
36100,159,GS_01,telemetry_UAV_05,0.1,Optimized,"['GS_01', 'SAT_67311', 'UAV_05']",UAV_05,7.945847,12.671926,200,HIT,71.077532
37100,160,GS_01,telemetry_UAV_01,0.1,Optimized,"['GS_01', 'SAT_67311', 'UAV_01']",UAV_01,7.833893,18.373991,200,HIT,51.373698
37100,161,GS_01,telemetry_UAV_05,0.1,Optimized,"['GS_01', 'SAT_67311', 'UAV_05']",UAV_05,7.662451,16.466552,200,HIT,56.245786
37100,162,GS_01,telemetry_UAV_10,0.1,Optimized,"['GS_01', 'SAT_67311', 'UAV_10']",UAV_10,7.548665,12.087233,200,HIT,73.734203
38100,163,GS_01,telemetry_UAV_01,0.1,Optimized,"['GS_01', 'SAT_67311', 'UAV_01']",UAV_01,7.538689,15.421954,200,HIT,59.412791
38100,164,GS_01,telemetry_UAV_05,0.1,Optimized,"['GS_01', 'SAT_67311', 'UAV_05']",UAV_05,7.707832,18.446700,200,HIT,51.076021
38100,165,GS_01,telemetry_UAV_10,0.1,Optimized,"['GS_01', 'SAT_67311', 'UAV_10']",UAV_10,7.767049,13.148027,200,HIT,68.612681
39100,166,GS_01,telemetry_UAV_10,0.1,Optimized,"['GS_01', 'SAT_67311', 'UAV_10']",UAV_10,7.643877,15.516648,200,HIT,59.201403
39100,167,GS_01,telemetry_UAV_01,0.1,Optimized,"['GS_01', 'SAT_67311', 'UAV_01']",UAV_01,7.523235,12.737639,200,HIT,70.329221
39100,168,GS_01,telemetry_UAV_05,0.1,Optimized,"['GS_01', 'SAT_67311', 'UAV_05']",UAV_05,7.361884,12.546900,200,HIT,71.122653
40100,169,GS_01,telemetry_UAV_01,0.1,Optimized,"['GS_01', 'SAT_67311', 'UAV_01']",UAV_01,7.247790,12.675902,200,HIT,70.359671
40100,170,GS_01,telemetry_UAV_10,0.1,Optimized,"['GS_01', 'SAT_67311', 'UAV_10']",UAV_10,7.697236,10.791660,200,HIT,81.828556
40100,171,GS_01,telemetry_UAV_05,0.1,Optimized,"['GS_01', 'SAT_67311', 'UAV_05']",UAV_05,7.405266,11.986490,200,HIT,74.147073
41100,172,GS_01,telemetry_UAV_05,0.1,Optimized,"['GS_01', 'SAT_67311', 'UAV_05']",UAV_05,7.461700,17.536542,200,HIT,53.080727
41100,173,GS_01,telemetry_UAV_10,0.1,Optimized,"['GS_01', 'SAT_67311', 'UAV_10']",UAV_10,7.144947,14.813666,200,HIT,61.149134
41100,174,GS_01,telemetry_UAV_01,0.1,Optimized,"['GS_01', 'SAT_67311', 'UAV_01']",UAV_01,7.127209,18.905368,200,HIT,49.443233
42100,175,GS_01,telemetry_UAV_10,0.1,Optimized,"['GS_01', 'SAT_67311', 'UAV_10']",UAV_10,7.107211,19.701631,200,HIT,47.712986
42100,176,GS_01,telemetry_UAV_05,0.1,Optimized,"['GS_01', 'SAT_67311', 'UAV_05']",UAV_05,7.429908,10.351069,200,HIT,84.716613
42100,177,GS_01,telemetry_UAV_01,0.1,Optimized,"['GS_01', 'SAT_67311', 'UAV_01']",UAV_01,7.131666,17.765904,200,HIT,52.161743
43100,178,GS_01,telemetry_UAV_01,0.1,Optimized,"['GS_01', 'SAT_67311', 'UAV_01']",UAV_01,7.244075,19.981720,200,HIT,47.280669
43100,179,GS_01,telemetry_UAV_10,0.1,Optimized,"['GS_01', 'SAT_67311', 'UAV_10']",UAV_10,7.130431,15.393786,200,HIT,59.099453
43100,180,GS_01,telemetry_UAV_05,0.1,Optimized,"['GS_01', 'SAT_67311', 'UAV_05']",UAV_05,7.280561,10.804381,200,HIT,81.324600
44100,181,GS_01,telemetry_UAV_01,0.1,Optimized,"['GS_01', 'SAT_67311', 'UAV_01']",UAV_01,7.014657,14.472055,200,HIT,62.293605
44100,182,GS_01,telemetry_UAV_10,0.1,Optimized,"['GS_01', 'SAT_67311', 'UAV_10']",UAV_10,6.805508,12.308792,200,HIT,71.799699
44100,183,GS_01,telemetry_UAV_05,0.1,Optimized,"['GS_01', 'SAT_67311', 'UAV_05']",UAV_05,7.055160,16.212168,200,HIT,56.400812
45100,184,GS_01,telemetry_UAV_10,0.1,Optimized,"['GS_01', 'SAT_67311', 'UAV_10']",UAV_10,6.678020,12.821418,200,HIT,69.073614
45100,185,GS_01,telemetry_UAV_01,0.1,Optimized,"['GS_01', 'SAT_67311', 'UAV_01']",UAV_01,6.794031,18.772334,200,HIT,49.409935
45100,186,GS_01,telemetry_UAV_05,0.1,Optimized,"['GS_01', 'SAT_67311', 'UAV_05']",UAV_05,6.619177,13.811238,200,HIT,64.543019
46100,187,GS_01,telemetry_UAV_10,0.1,Optimized,"['GS_01', 'SAT_67311', 'UAV_10']",UAV_10,6.878245,13.983968,200,HIT,64.086614
46100,188,GS_01,telemetry_UAV_05,0.1,Optimized,"['GS_01', 'SAT_67311', 'UAV_05']",UAV_05,6.510813,17.662115,200,HIT,51.805501
46100,189,GS_01,telemetry_UAV_01,0.1,Optimized,"['GS_01', 'SAT_67311', 'UAV_01']",UAV_01,6.691196,10.749302,200,HIT,81.114636
47100,190,GS_01,telemetry_UAV_10,0.1,Optimized,"['GS_01', 'SAT_67311', 'UAV_10']",UAV_10,6.641003,16.460438,200,HIT,55.242383
47100,191,GS_01,telemetry_UAV_01,0.1,Optimized,"['GS_01', 'SAT_67311', 'UAV_01']",UAV_01,6.361620,12.342117,200,HIT,71.180323
47100,192,GS_01,telemetry_UAV_05,0.1,Optimized,"['GS_01', 'SAT_67311', 'UAV_05']",UAV_05,6.639049,19.071855,200,HIT,48.585678
48100,193,GS_01,telemetry_UAV_01,0.1,Optimized,"['GS_01', 'SAT_67311', 'UAV_01']",UAV_01,6.099859,10.517438,200,HIT,82.164014
48100,194,GS_01,telemetry_UAV_10,0.1,Optimized,"['GS_01', 'SAT_67311', 'UAV_10']",UAV_10,6.102838,13.130798,200,HIT,67.028303
48100,195,GS_01,telemetry_UAV_05,0.1,Optimized,"['GS_01', 'SAT_67311', 'UAV_05']",UAV_05,6.259369,14.205129,200,HIT,62.577058
49000,196,GS_01,telemetry_UAV_05,0.1,Optimized,"['GS_01', 'SAT_67311', 'UAV_05']",UAV_05,6.187938,18.727330,200,HIT,48.906253
49100,197,GS_01,telemetry_UAV_10,0.1,Optimized,"['GS_01', 'SAT_67311', 'UAV_10']",UAV_10,6.154075,19.816448,200,HIT,46.524580
49100,198,GS_01,telemetry_UAV_01,0.1,Optimized,"['GS_01', 'SAT_67311', 'UAV_01']",UAV_01,5.935230,14.601772,200,HIT,60.723100
50100,199,GS_01,telemetry_UAV_05,0.1,Optimized,"['GS_01', 'SAT_67311', 'UAV_05']",UAV_05,5.759309,16.383391,200,HIT,54.589250
50100,200,GS_01,telemetry_UAV_10,0.1,Optimized,"['GS_01', 'SAT_67311', 'UAV_10']",UAV_10,5.757555,13.882982,200,HIT,63.382064
50100,201,GS_01,telemetry_UAV_01,0.1,Optimized,"['GS_01', 'SAT_67311', 'UAV_01']",UAV_01,5.821098,16.752048,200,HIT,53.576453
51000,202,GS_01,telemetry_UAV_05,0.1,Optimized,"['GS_01', 'SAT_67311', 'UAV_05']",UAV_05,6.044854,14.263598,200,HIT,62.131684
51100,203,GS_01,telemetry_UAV_01,0.1,Optimized,"['GS_01', 'SAT_67311', 'UAV_01']",UAV_01,5.588582,19.551892,200,HIT,46.505338
51100,204,GS_01,telemetry_UAV_10,0.1,Optimized,"['GS_01', 'SAT_67311', 'UAV_10']",UAV_10,5.970065,15.896844,200,HIT,56.294518
52100,205,GS_01,telemetry_UAV_10,0.1,Optimized,"['GS_01', 'SAT_67311', 'UAV_10']",UAV_10,5.615994,18.747134,200,HIT,48.289183
52100,206,GS_01,telemetry_UAV_01,0.1,Optimized,"['GS_01', 'SAT_67311', 'UAV_01']",UAV_01,5.787065,18.053033,200,HIT,50.100949
52100,207,GS_01,telemetry_UAV_05,0.1,Optimized,"['GS_01', 'SAT_67311', 'UAV_05']",UAV_05,5.445986,14.521249,200,HIT,60.537664
53100,208,GS_01,telemetry_UAV_10,0.1,Optimized,"['GS_01', 'SAT_67311', 'UAV_10']",UAV_10,5.419499,17.657099,200,HIT,50.727054
53100,209,GS_01,telemetry_UAV_01,0.1,Optimized,"['GS_01', 'SAT_67311', 'UAV_01']",UAV_01,5.609004,14.443824,200,HIT,60.995997
53100,210,GS_01,telemetry_UAV_05,0.1,Optimized,"['GS_01', 'SAT_67311', 'UAV_05']",UAV_05,5.553940,18.239880,200,HIT,49.413876
54100,211,GS_01,telemetry_UAV_01,0.1,Optimized,"['GS_01', 'SAT_67311', 'UAV_01']",UAV_01,5.332552,18.917054,200,HIT,47.622436
54100,212,GS_01,telemetry_UAV_05,0.1,Optimized,"['GS_01', 'SAT_67311', 'UAV_05']",UAV_05,5.432875,17.326151,200,HIT,51.605855
54100,213,GS_01,telemetry_UAV_10,0.1,Optimized,"['GS_01', 'SAT_67311', 'UAV_10']",UAV_10,5.014628,13.559080,200,HIT,64.015679
55100,214,GS_01,telemetry_UAV_10,0.1,Optimized,"['GS_01', 'SAT_67311', 'UAV_10']",UAV_10,5.082218,15.798128,200,HIT,55.721129
55100,215,GS_01,telemetry_UAV_01,0.1,Optimized,"['GS_01', 'SAT_67311', 'UAV_01']",UAV_01,5.180165,18.479642,200,HIT,48.471046
55100,216,GS_01,telemetry_UAV_05,0.1,Optimized,"['GS_01', 'SAT_67311', 'UAV_05']",UAV_05,4.878712,17.651931,200,HIT,50.199533
56100,217,GS_01,telemetry_UAV_05,0.1,Optimized,"['GS_01', 'SAT_67311', 'UAV_05']",UAV_05,4.665632,11.977212,200,HIT,71.459140
56100,218,GS_01,telemetry_UAV_10,0.1,Optimized,"['GS_01', 'SAT_67311', 'UAV_10']",UAV_10,4.753524,17.093000,200,HIT,51.556309
56100,219,GS_01,telemetry_UAV_01,0.1,Optimized,"['GS_01', 'SAT_67311', 'UAV_01']",UAV_01,4.629140,12.705704,200,HIT,67.592988
57100,220,GS_01,telemetry_UAV_05,0.1,Optimized,"['GS_01', 'SAT_67311', 'UAV_05']",UAV_05,4.775722,19.646907,200,HIT,45.494599
57100,221,GS_01,telemetry_UAV_01,0.1,Optimized,"['GS_01', 'SAT_67311', 'UAV_01']",UAV_01,4.509569,17.216940,200,HIT,50.975433
57100,222,GS_01,telemetry_UAV_10,0.1,Optimized,"['GS_01', 'SAT_67311', 'UAV_10']",UAV_10,4.597657,13.993123,200,HIT,61.768598
58100,223,GS_01,telemetry_UAV_10,0.1,Optimized,"['GS_01', 'SAT_67311', 'UAV_10']",UAV_10,4.300136,15.970101,200,HIT,54.393744
58100,224,GS_01,telemetry_UAV_05,0.1,Optimized,"['GS_01', 'SAT_67311', 'UAV_05']",UAV_05,4.322187,10.372455,200,HIT,81.449543
58100,225,GS_01,telemetry_UAV_01,0.1,Optimized,"['GS_01', 'SAT_67311', 'UAV_01']",UAV_01,4.253701,17.386094,200,HIT,50.267487
59100,226,GS_01,telemetry_UAV_05,0.1,Optimized,"['GS_01', 'SAT_67311', 'UAV_05']",UAV_05,4.202452,13.681184,200,HIT,62.676924
59100,227,GS_01,telemetry_UAV_10,0.1,Optimized,"['GS_01', 'SAT_67311', 'UAV_10']",UAV_10,4.215172,14.489035,200,HIT,59.429338
59100,228,GS_01,telemetry_UAV_01,0.1,Optimized,"['GS_01', 'SAT_67311', 'UAV_01']",UAV_01,4.419712,14.921582,200,HIT,58.033329
60100,229,GS_01,telemetry_UAV_10,0.1,Optimized,"['GS_01', 'SAT_67311', 'UAV_10']",UAV_10,3.831006,19.530976,200,HIT,44.791580
60100,230,GS_01,telemetry_UAV_05,0.1,Optimized,"['GS_01', 'SAT_67311', 'UAV_05']",UAV_05,3.949048,19.461043,200,HIT,45.056814
60100,231,GS_01,telemetry_UAV_01,0.1,Optimized,"['GS_01', 'SAT_67311', 'UAV_01']",UAV_01,3.930453,16.954210,200,HIT,51.116374
61100,232,GS_01,telemetry_UAV_01,0.1,Optimized,"['GS_01', 'SAT_67311', 'UAV_01']",UAV_01,4.305147,12.010494,200,HIT,70.913567
61100,233,GS_01,telemetry_UAV_10,0.1,Optimized,"['GS_01', 'SAT_67311', 'UAV_10']",UAV_10,4.100208,10.418522,200,HIT,80.886534
61100,234,GS_01,telemetry_UAV_05,0.1,Optimized,"['GS_01', 'SAT_67311', 'UAV_05']",UAV_05,4.077752,16.543111,200,HIT,52.436249
62100,235,GS_01,telemetry_UAV_10,0.1,Optimized,"['GS_01', 'SAT_67311', 'UAV_10']",UAV_10,4.419435,15.707637,200,HIT,55.350075
62100,236,GS_01,telemetry_UAV_05,0.1,Optimized,"['GS_01', 'SAT_67311', 'UAV_05']",UAV_05,4.431445,17.412278,200,HIT,50.376036
62100,237,GS_01,telemetry_UAV_01,0.1,Optimized,"['GS_01', 'SAT_67311', 'UAV_01']",UAV_01,4.656724,11.042003,200,HIT,77.107346
63100,238,GS_01,telemetry_UAV_10,0.1,Optimized,"['GS_01', 'SAT_67311', 'UAV_10']",UAV_10,4.460752,15.117367,200,HIT,57.380020
63100,239,GS_01,telemetry_UAV_01,0.1,Optimized,"['GS_01', 'SAT_67311', 'UAV_01']",UAV_01,4.701768,19.151042,200,HIT,46.474952
63100,240,GS_01,telemetry_UAV_05,0.1,Optimized,"['GS_01', 'SAT_67311', 'UAV_05']",UAV_05,4.493484,17.521604,200,HIT,50.151405
64100,241,GS_01,telemetry_UAV_10,0.1,Optimized,"['GS_01', 'SAT_67311', 'UAV_10']",UAV_10,4.851383,15.408043,200,HIT,56.772319
64100,242,GS_01,telemetry_UAV_01,0.1,Optimized,"['GS_01', 'SAT_67311', 'UAV_01']",UAV_01,4.974576,14.086351,200,HIT,61.767139
64100,243,GS_01,telemetry_UAV_05,0.1,Optimized,"['GS_01', 'SAT_67311', 'UAV_05']",UAV_05,5.088416,16.651080,200,HIT,53.133349
65100,244,GS_01,telemetry_UAV_05,0.1,Optimized,"['GS_01', 'SAT_67311', 'UAV_05']",UAV_05,5.031552,17.662011,200,HIT,50.326507
65100,245,GS_01,telemetry_UAV_01,0.1,Optimized,"['GS_01', 'SAT_67311', 'UAV_01']",UAV_01,5.044518,14.731760,200,HIT,59.348961
65100,246,GS_01,telemetry_UAV_10,0.1,Optimized,"['GS_01', 'SAT_67311', 'UAV_10']",UAV_10,4.945397,10.184545,200,HIT,83.495789
66100,247,GS_01,telemetry_UAV_10,0.1,Optimized,"['GS_01', 'SAT_67311', 'UAV_10']",UAV_10,5.081614,14.014689,200,HIT,62.164579
66100,248,GS_01,telemetry_UAV_01,0.1,Optimized,"['GS_01', 'SAT_67311', 'UAV_01']",UAV_01,5.158944,13.802509,200,HIT,63.119421
66100,249,GS_01,telemetry_UAV_05,0.1,Optimized,"['GS_01', 'SAT_67311', 'UAV_05']",UAV_05,5.306833,18.820688,200,HIT,47.813249
67100,250,GS_01,telemetry_UAV_01,0.1,Optimized,"['GS_01', 'SAT_67311', 'UAV_01']",UAV_01,5.440460,12.920801,200,HIT,67.356126
67100,251,GS_01,telemetry_UAV_05,0.1,Optimized,"['GS_01', 'SAT_67311', 'UAV_05']",UAV_05,5.223161,12.048254,200,HIT,71.622821
67100,252,GS_01,telemetry_UAV_10,0.1,Optimized,"['GS_01', 'SAT_67311', 'UAV_10']",UAV_10,5.486083,10.327594,200,HIT,82.948462
68100,253,GS_01,telemetry_UAV_10,0.1,Optimized,"['GS_01', 'SAT_67311', 'UAV_10']",UAV_10,5.533783,13.735896,200,HIT,63.775343
68100,254,GS_01,telemetry_UAV_01,0.1,Optimized,"['GS_01', 'SAT_67311', 'UAV_01']",UAV_01,5.687149,17.548801,200,HIT,51.274310
68100,255,GS_01,telemetry_UAV_05,0.1,Optimized,"['GS_01', 'SAT_67311', 'UAV_05']",UAV_05,5.552712,10.381968,200,HIT,82.609397
69100,256,GS_01,telemetry_UAV_01,0.1,Optimized,"['GS_01', 'SAT_67311', 'UAV_01']",UAV_01,6.043072,13.029003,200,HIT,67.444548
69100,257,GS_01,telemetry_UAV_05,0.1,Optimized,"['GS_01', 'SAT_67311', 'UAV_05']",UAV_05,5.792063,12.352771,200,HIT,70.554860
69100,258,GS_01,telemetry_UAV_10,0.1,Optimized,"['GS_01', 'SAT_67311', 'UAV_10']",UAV_10,5.932929,17.606605,200,HIT,51.370421
70100,259,GS_01,telemetry_UAV_01,0.1,Optimized,"['GS_01', 'SAT_67311', 'UAV_01']",UAV_01,5.794807,12.768746,200,HIT,68.447788
70100,260,GS_01,telemetry_UAV_05,0.1,Optimized,"['GS_01', 'SAT_67311', 'UAV_05']",UAV_05,5.823074,12.348337,200,HIT,70.609124
70100,261,GS_01,telemetry_UAV_10,0.1,Optimized,"['GS_01', 'SAT_67311', 'UAV_10']",UAV_10,6.020797,15.577490,200,HIT,57.376951
71100,262,GS_01,telemetry_UAV_05,0.1,Optimized,"['GS_01', 'SAT_67311', 'UAV_05']",UAV_05,6.159968,17.919873,200,HIT,50.803140
71100,263,GS_01,telemetry_UAV_10,0.1,Optimized,"['GS_01', 'SAT_67311', 'UAV_10']",UAV_10,6.305283,19.004722,200,HIT,48.400083
71100,264,GS_01,telemetry_UAV_01,0.1,Optimized,"['GS_01', 'SAT_67311', 'UAV_01']",UAV_01,6.146506,10.712565,200,HIT,80.825170
72100,265,GS_01,telemetry_UAV_01,0.1,Optimized,"['GS_01', 'SAT_67311', 'UAV_01']",UAV_01,6.291730,11.796029,200,HIT,74.111162
72100,266,GS_01,telemetry_UAV_05,0.1,Optimized,"['GS_01', 'SAT_67311', 'UAV_05']",UAV_05,6.353294,18.507899,200,HIT,49.578082
72100,267,GS_01,telemetry_UAV_10,0.1,Optimized,"['GS_01', 'SAT_67311', 'UAV_10']",UAV_10,6.285496,11.829645,200,HIT,73.912211
73100,268,GS_01,telemetry_UAV_05,0.1,Optimized,"['GS_01', 'SAT_67311', 'UAV_05']",UAV_05,6.607869,18.483240,200,HIT,49.890324
73100,269,GS_01,telemetry_UAV_01,0.1,Optimized,"['GS_01', 'SAT_67311', 'UAV_01']",UAV_01,6.432098,18.725291,200,HIT,49.155065
73100,270,GS_01,telemetry_UAV_10,0.1,Optimized,"['GS_01', 'SAT_67311', 'UAV_10']",UAV_10,6.459676,15.311947,200,HIT,58.706461
74100,271,GS_01,telemetry_UAV_10,0.1,Optimized,"['GS_01', 'SAT_67311', 'UAV_10']",UAV_10,6.672593,17.137240,200,HIT,53.354556
74100,272,GS_01,telemetry_UAV_05,0.1,Optimized,"['GS_01', 'SAT_67311', 'UAV_05']",UAV_05,6.574002,16.814801,200,HIT,54.151134
74100,273,GS_01,telemetry_UAV_01,0.1,Optimized,"['GS_01', 'SAT_67311', 'UAV_01']",UAV_01,6.455726,18.174386,200,HIT,50.473720
75100,274,GS_01,telemetry_UAV_05,0.1,Optimized,"['GS_01', 'SAT_67311', 'UAV_05']",UAV_05,6.969676,12.178636,200,HIT,72.658475
75100,275,GS_01,telemetry_UAV_01,0.1,Optimized,"['GS_01', 'SAT_67311', 'UAV_01']",UAV_01,6.717820,19.351603,200,HIT,48.058065
75100,276,GS_01,telemetry_UAV_10,0.1,Optimized,"['GS_01', 'SAT_67311', 'UAV_10']",UAV_10,6.918328,16.957993,200,HIT,54.093721
76100,277,GS_01,telemetry_UAV_10,0.1,Optimized,"['GS_01', 'SAT_67311', 'UAV_10']",UAV_10,6.893960,16.483421,200,HIT,55.427573
76100,278,GS_01,telemetry_UAV_01,0.1,Optimized,"['GS_01', 'SAT_67311', 'UAV_01']",UAV_01,7.163506,13.413928,200,HIT,66.803007
76100,279,GS_01,telemetry_UAV_05,0.1,Optimized,"['GS_01', 'SAT_67311', 'UAV_05']",UAV_05,7.042023,16.887397,200,HIT,54.414629
77100,280,GS_01,telemetry_UAV_01,0.1,Optimized,"['GS_01', 'SAT_67311', 'UAV_01']",UAV_01,6.909618,19.340261,200,HIT,48.274106
77100,281,GS_01,telemetry_UAV_05,0.1,Optimized,"['GS_01', 'SAT_67311', 'UAV_05']",UAV_05,7.223755,16.094575,200,HIT,56.929944
77100,282,GS_01,telemetry_UAV_10,0.1,Optimized,"['GS_01', 'SAT_67311', 'UAV_10']",UAV_10,7.201223,14.927060,200,HIT,60.795164
78100,283,GS_01,telemetry_UAV_10,0.1,Optimized,"['GS_01', 'SAT_67311', 'UAV_10']",UAV_10,7.054481,16.101538,200,HIT,56.739176
78100,284,GS_01,telemetry_UAV_01,0.1,Optimized,"['GS_01', 'SAT_67311', 'UAV_01']",UAV_01,7.279181,14.728928,200,HIT,61.594065
78100,285,GS_01,telemetry_UAV_05,0.1,Optimized,"['GS_01', 'SAT_67311', 'UAV_05']",UAV_05,7.389434,10.033489,200,HIT,87.122420
79100,286,GS_01,telemetry_UAV_01,0.1,Optimized,"['GS_01', 'SAT_67311', 'UAV_01']",UAV_01,7.298662,10.703678,200,HIT,82.039328
79100,287,GS_01,telemetry_UAV_05,0.1,Optimized,"['GS_01', 'SAT_67311', 'UAV_05']",UAV_05,7.528011,17.678427,200,HIT,52.780907
79100,288,GS_01,telemetry_UAV_10,0.1,Optimized,"['GS_01', 'SAT_67311', 'UAV_10']",UAV_10,7.212035,12.882729,200,HIT,69.310677
80000,289,GS_01,telemetry_UAV_05,0.1,Optimized,"['GS_01', 'SAT_62528', 'UAV_05']",UAV_05,7.468269,15.528504,200,HIT,58.986431
80000,290,GS_01,telemetry_UAV_10,0.1,Optimized,"['GS_01', 'SAT_62528', 'UAV_10']",UAV_10,7.631585,18.615469,200,HIT,50.606598
80100,291,GS_01,telemetry_UAV_01,0.1,Optimized,"['GS_01', 'SAT_62528', 'UAV_01']",UAV_01,7.652602,15.971415,200,HIT,57.742090
81100,292,GS_01,telemetry_UAV_10,0.1,Optimized,"['GS_01', 'SAT_62528', 'UAV_10']",UAV_10,7.504195,14.642214,200,HIT,62.140742
81100,293,GS_01,telemetry_UAV_01,0.1,Optimized,"['GS_01', 'SAT_62528', 'UAV_01']",UAV_01,7.372543,13.977057,200,HIT,64.609200
81100,294,GS_01,telemetry_UAV_05,0.1,Optimized,"['GS_01', 'SAT_62528', 'UAV_05']",UAV_05,7.600891,18.159581,200,HIT,51.654770
82100,295,GS_01,telemetry_UAV_10,0.1,Optimized,"['GS_01', 'SAT_62528', 'UAV_10']",UAV_10,7.463879,15.117700,200,HIT,60.381983
82100,296,GS_01,telemetry_UAV_05,0.1,Optimized,"['GS_01', 'SAT_62528', 'UAV_05']",UAV_05,7.571929,12.699655,200,HIT,70.565765
82100,297,GS_01,telemetry_UAV_01,0.1,Optimized,"['GS_01', 'SAT_62528', 'UAV_01']",UAV_01,7.479773,18.377665,200,HIT,51.010876
83100,298,GS_01,telemetry_UAV_01,0.1,Optimized,"['GS_01', 'SAT_62528', 'UAV_01']",UAV_01,7.636854,14.560573,200,HIT,62.579749
83100,299,GS_01,telemetry_UAV_05,0.1,Optimized,"['GS_01', 'SAT_62528', 'UAV_05']",UAV_05,7.510347,18.593747,200,HIT,50.535563
83100,300,GS_01,telemetry_UAV_10,0.1,Optimized,"['GS_01', 'SAT_62528', 'UAV_10']",UAV_10,7.696200,19.162917,200,HIT,49.443497
84100,301,GS_01,telemetry_UAV_01,0.1,Optimized,"['GS_01', 'SAT_62528', 'UAV_01']",UAV_01,7.707175,10.272127,200,HIT,85.587829
84100,302,GS_01,telemetry_UAV_05,0.1,Optimized,"['GS_01', 'SAT_62528', 'UAV_05']",UAV_05,8.042165,16.462065,200,HIT,56.638742
84100,303,GS_01,telemetry_UAV_10,0.1,Optimized,"['GS_01', 'SAT_62528', 'UAV_10']",UAV_10,7.934377,11.008877,200,HIT,80.603004
85100,304,GS_01,telemetry_UAV_01,0.1,Optimized,"['GS_01', 'SAT_62528', 'UAV_01']",UAV_01,7.779696,12.352142,200,HIT,72.545791
85100,305,GS_01,telemetry_UAV_10,0.1,Optimized,"['GS_01', 'SAT_62528', 'UAV_10']",UAV_10,8.056929,10.249596,200,HIT,86.108789
85100,306,GS_01,telemetry_UAV_05,0.1,Optimized,"['GS_01', 'SAT_62528', 'UAV_05']",UAV_05,8.117655,11.478331,200,HIT,77.814201
86100,307,GS_01,telemetry_UAV_01,0.1,Optimized,"['GS_01', 'SAT_62528', 'UAV_01']",UAV_01,7.972013,10.411356,200,HIT,84.811188
86100,308,GS_01,telemetry_UAV_10,0.1,Optimized,"['GS_01', 'SAT_62528', 'UAV_10']",UAV_10,8.093111,17.797927,200,HIT,53.042165
86100,309,GS_01,telemetry_UAV_05,0.1,Optimized,"['GS_01', 'SAT_62528', 'UAV_05']",UAV_05,8.009607,10.300284,200,HIT,85.677371
87100,310,GS_01,telemetry_UAV_05,0.1,Optimized,"['GS_01', 'SAT_62528', 'UAV_05']",UAV_05,7.993680,16.352146,200,HIT,56.916921
87100,311,GS_01,telemetry_UAV_01,0.1,Optimized,"['GS_01', 'SAT_62528', 'UAV_01']",UAV_01,7.895683,17.893209,200,HIT,52.605384
87100,312,GS_01,telemetry_UAV_10,0.1,Optimized,"['GS_01', 'SAT_62528', 'UAV_10']",UAV_10,8.026691,15.949889,200,HIT,58.183779
88100,313,GS_01,telemetry_UAV_05,0.1,Optimized,"['GS_01', 'SAT_62528', 'UAV_05']",UAV_05,8.047847,18.570754,200,HIT,51.126336
88100,314,GS_01,telemetry_UAV_10,0.1,Optimized,"['GS_01', 'SAT_62528', 'UAV_10']",UAV_10,8.140050,17.571911,200,HIT,53.667254
88100,315,GS_01,telemetry_UAV_01,0.1,Optimized,"['GS_01', 'SAT_62528', 'UAV_01']",UAV_01,8.199387,13.580177,200,HIT,67.108781
89100,316,GS_01,telemetry_UAV_05,0.1,Optimized,"['GS_01', 'SAT_62528', 'UAV_05']",UAV_05,8.079635,15.866483,200,HIT,58.500387
89100,317,GS_01,telemetry_UAV_10,0.1,Optimized,"['GS_01', 'SAT_62528', 'UAV_10']",UAV_10,8.180656,18.859271,200,HIT,50.600110
89100,318,GS_01,telemetry_UAV_01,0.1,Optimized,"['GS_01', 'SAT_62528', 'UAV_01']",UAV_01,7.767426,13.278833,200,HIT,68.013683
90100,319,GS_01,telemetry_UAV_10,0.1,Optimized,"['GS_01', 'SAT_62528', 'UAV_10']",UAV_10,8.067827,14.161411,200,HIT,64.559374
90100,320,GS_01,telemetry_UAV_01,0.1,Optimized,"['GS_01', 'SAT_62528', 'UAV_01']",UAV_01,8.146045,16.363990,200,HIT,57.033878
90100,321,GS_01,telemetry_UAV_05,0.1,Optimized,"['GS_01', 'SAT_62528', 'UAV_05']",UAV_05,7.880650,11.802140,200,HIT,75.664967
91100,322,GS_01,telemetry_UAV_01,0.1,Optimized,"['GS_01', 'SAT_62528', 'UAV_01']",UAV_01,7.894959,17.690877,200,HIT,53.116007
91100,323,GS_01,telemetry_UAV_05,0.1,Optimized,"['GS_01', 'SAT_62528', 'UAV_05']",UAV_05,8.200000,10.119522,200,HIT,87.255120
91100,324,GS_01,telemetry_UAV_10,0.1,Optimized,"['GS_01', 'SAT_62528', 'UAV_10']",UAV_10,7.954093,18.312076,200,HIT,51.641113
92100,325,GS_01,telemetry_UAV_01,0.1,Optimized,"['GS_01', 'SAT_62528', 'UAV_01']",UAV_01,7.772361,18.850080,200,HIT,50.212500
92100,326,GS_01,telemetry_UAV_05,0.1,Optimized,"['GS_01', 'SAT_62528', 'UAV_05']",UAV_05,8.195055,18.119564,200,HIT,52.346228
92100,327,GS_01,telemetry_UAV_10,0.1,Optimized,"['GS_01', 'SAT_62528', 'UAV_10']",UAV_10,7.837120,17.674651,200,HIT,53.099682
93100,328,GS_01,telemetry_UAV_05,0.1,Optimized,"['GS_01', 'SAT_62528', 'UAV_05']",UAV_05,7.736912,13.836554,200,HIT,65.554777
93100,329,GS_01,telemetry_UAV_10,0.1,Optimized,"['GS_01', 'SAT_62528', 'UAV_10']",UAV_10,7.959265,14.647413,200,HIT,62.576418
93100,330,GS_01,telemetry_UAV_01,0.1,Optimized,"['GS_01', 'SAT_62528', 'UAV_01']",UAV_01,7.948645,18.040667,200,HIT,52.292902
94000,331,GS_01,telemetry_UAV_01,0.1,Optimized,"['GS_01', 'SAT_62528', 'UAV_01']",UAV_01,8.082460,12.559061,200,HIT,71.781488
94100,332,GS_01,telemetry_UAV_05,0.1,Optimized,"['GS_01', 'SAT_62528', 'UAV_05']",UAV_05,7.838947,10.744017,200,HIT,82.298991
94100,333,GS_01,telemetry_UAV_10,0.1,Optimized,"['GS_01', 'SAT_62528', 'UAV_10']",UAV_10,8.087125,18.961881,200,HIT,50.277032
95100,334,GS_01,telemetry_UAV_10,0.1,Optimized,"['GS_01', 'SAT_62528', 'UAV_10']",UAV_10,7.614499,15.896587,200,HIT,57.939768
95100,335,GS_01,telemetry_UAV_01,0.1,Optimized,"['GS_01', 'SAT_62528', 'UAV_01']",UAV_01,7.812864,11.927199,200,HIT,74.886451
95100,336,GS_01,telemetry_UAV_05,0.1,Optimized,"['GS_01', 'SAT_62528', 'UAV_05']",UAV_05,7.865590,17.606170,200,HIT,53.304206
96100,337,GS_01,telemetry_UAV_05,0.1,Optimized,"['GS_01', 'SAT_62528', 'UAV_05']",UAV_05,7.623969,11.509954,200,HIT,77.129023
96100,338,GS_01,telemetry_UAV_01,0.1,Optimized,"['GS_01', 'SAT_62528', 'UAV_01']",UAV_01,7.615578,18.403908,200,HIT,51.084605
96100,339,GS_01,telemetry_UAV_10,0.1,Optimized,"['GS_01', 'SAT_62528', 'UAV_10']",UAV_10,7.852570,13.265305,200,HIT,68.160268
97100,340,GS_01,telemetry_UAV_05,0.1,Optimized,"['GS_01', 'SAT_62528', 'UAV_05']",UAV_05,7.483192,17.557664,200,HIT,53.047339
97100,341,GS_01,telemetry_UAV_10,0.1,Optimized,"['GS_01', 'SAT_62528', 'UAV_10']",UAV_10,7.649920,16.545822,200,HIT,56.000496
97100,342,GS_01,telemetry_UAV_01,0.1,Optimized,"['GS_01', 'SAT_62528', 'UAV_01']",UAV_01,7.567340,18.818244,200,HIT,50.079277
98100,343,GS_01,telemetry_UAV_05,0.1,Optimized,"['GS_01', 'SAT_62528', 'UAV_05']",UAV_05,7.832520,13.029350,200,HIT,69.232361
98100,344,GS_01,telemetry_UAV_10,0.1,Optimized,"['GS_01', 'SAT_62528', 'UAV_10']",UAV_10,7.540407,15.371242,200,HIT,59.585648
98100,345,GS_01,telemetry_UAV_01,0.1,Optimized,"['GS_01', 'SAT_62528', 'UAV_01']",UAV_01,7.656570,12.261996,200,HIT,72.898802
99100,346,GS_01,telemetry_UAV_10,0.1,Optimized,"['GS_01', 'SAT_62528', 'UAV_10']",UAV_10,7.595712,11.661044,200,HIT,76.200205
99100,347,GS_01,telemetry_UAV_05,0.1,Optimized,"['GS_01', 'SAT_62528', 'UAV_05']",UAV_05,7.639518,14.327477,200,HIT,63.476285
99100,348,GS_01,telemetry_UAV_01,0.1,Optimized,"['GS_01', 'SAT_62528', 'UAV_01']",UAV_01,7.320335,19.299257,200,HIT,48.772709
100100,349,GS_01,telemetry_UAV_05,0.1,Optimized,"['GS_01', 'SAT_62528', 'UAV_05']",UAV_05,7.676151,19.583832,200,HIT,48.526175
100100,350,GS_01,telemetry_UAV_10,0.1,Optimized,"['GS_01', 'SAT_62528', 'UAV_10']",UAV_10,7.516278,12.002653,200,HIT,74.168212
100100,351,GS_01,telemetry_UAV_01,0.1,Optimized,"['GS_01', 'SAT_62528', 'UAV_01']",UAV_01,7.612005,19.618804,200,HIT,48.389211
101100,352,GS_01,telemetry_UAV_05,0.1,Optimized,"['GS_01', 'SAT_62528', 'UAV_05']",UAV_05,7.473795,10.036266,200,HIT,87.184715
101100,353,GS_01,telemetry_UAV_10,0.1,Optimized,"['GS_01', 'SAT_62528', 'UAV_10']",UAV_10,7.184722,12.979373,200,HIT,68.820982
101100,354,GS_01,telemetry_UAV_01,0.1,Optimized,"['GS_01', 'SAT_62528', 'UAV_01']",UAV_01,7.514965,18.173988,200,HIT,51.533923
102100,355,GS_01,telemetry_UAV_05,0.1,Optimized,"['GS_01', 'SAT_62528', 'UAV_05']",UAV_05,7.415973,19.360577,200,HIT,48.737055
102100,356,GS_01,telemetry_UAV_10,0.1,Optimized,"['GS_01', 'SAT_62528', 'UAV_10']",UAV_10,7.045251,10.057157,200,HIT,86.590597
102100,357,GS_01,telemetry_UAV_01,0.1,Optimized,"['GS_01', 'SAT_62528', 'UAV_01']",UAV_01,7.295167,15.357721,200,HIT,59.386228
103100,358,GS_01,telemetry_UAV_01,0.1,Optimized,"['GS_01', 'SAT_62528', 'UAV_01']",UAV_01,7.289339,10.382845,200,HIT,84.339510
103100,359,GS_01,telemetry_UAV_10,0.1,Optimized,"['GS_01', 'SAT_62528', 'UAV_10']",UAV_10,7.080859,15.935998,200,HIT,57.281669
103100,360,GS_01,telemetry_UAV_05,0.1,Optimized,"['GS_01', 'SAT_62528', 'UAV_05']",UAV_05,6.876356,14.311722,200,HIT,62.774590
104100,361,GS_01,telemetry_UAV_01,0.1,Optimized,"['GS_01', 'SAT_62528', 'UAV_01']",UAV_01,7.093193,13.800439,200,HIT,65.062364
104100,362,GS_01,telemetry_UAV_05,0.1,Optimized,"['GS_01', 'SAT_62528', 'UAV_05']",UAV_05,6.842728,10.938748,200,HIT,79.977240
104100,363,GS_01,telemetry_UAV_10,0.1,Optimized,"['GS_01', 'SAT_62528', 'UAV_10']",UAV_10,6.718117,14.707495,200,HIT,61.112153
105100,364,GS_01,telemetry_UAV_05,0.1,Optimized,"['GS_01', 'SAT_62528', 'UAV_05']",UAV_05,6.955382,13.485914,200,HIT,66.276538
105100,365,GS_01,telemetry_UAV_01,0.1,Optimized,"['GS_01', 'SAT_62528', 'UAV_01']",UAV_01,6.791557,19.817849,200,HIT,47.159207
105100,366,GS_01,telemetry_UAV_10,0.1,Optimized,"['GS_01', 'SAT_62528', 'UAV_10']",UAV_10,6.870139,19.516421,200,HIT,47.861260
106100,367,GS_01,telemetry_UAV_10,0.1,Optimized,"['GS_01', 'SAT_62528', 'UAV_10']",UAV_10,6.661465,16.189205,200,HIT,56.077111
106100,368,GS_01,telemetry_UAV_05,0.1,Optimized,"['GS_01', 'SAT_62528', 'UAV_05']",UAV_05,6.858383,19.210607,200,HIT,48.502044
106100,369,GS_01,telemetry_UAV_01,0.1,Optimized,"['GS_01', 'SAT_62528', 'UAV_01']",UAV_01,6.733927,17.738050,200,HIT,51.834714
107000,370,GS_01,telemetry_UAV_05,0.1,Optimized,"['GS_01', 'SAT_62528', 'UAV_05']",UAV_05,6.588130,14.259300,200,HIT,62.691865
107100,371,GS_01,telemetry_UAV_10,0.1,Optimized,"['GS_01', 'SAT_62528', 'UAV_10']",UAV_10,6.320137,13.239652,200,HIT,66.744687
107100,372,GS_01,telemetry_UAV_01,0.1,Optimized,"['GS_01', 'SAT_62528', 'UAV_01']",UAV_01,6.551071,18.692120,200,HIT,49.349855
108100,373,GS_01,telemetry_UAV_01,0.1,Optimized,"['GS_01', 'SAT_62528', 'UAV_01']",UAV_01,6.336132,18.961982,200,HIT,48.525815
108100,374,GS_01,telemetry_UAV_05,0.1,Optimized,"['GS_01', 'SAT_62528', 'UAV_05']",UAV_05,6.558651,16.403726,200,HIT,55.328059
108100,375,GS_01,telemetry_UAV_10,0.1,Optimized,"['GS_01', 'SAT_62528', 'UAV_10']",UAV_10,6.093688,19.393142,200,HIT,47.345385
109100,376,GS_01,telemetry_UAV_10,0.1,Optimized,"['GS_01', 'SAT_62528', 'UAV_10']",UAV_10,6.316113,19.950505,200,HIT,46.415349
109100,377,GS_01,telemetry_UAV_01,0.1,Optimized,"['GS_01', 'SAT_62528', 'UAV_01']",UAV_01,5.926739,10.083934,200,HIT,85.260857
109100,378,GS_01,telemetry_UAV_05,0.1,Optimized,"['GS_01', 'SAT_62528', 'UAV_05']",UAV_05,6.370334,14.451848,200,HIT,61.726575
110100,379,GS_01,telemetry_UAV_01,0.1,Optimized,"['GS_01', 'SAT_62528', 'UAV_01']",UAV_01,6.124594,15.353437,200,HIT,58.230190
110100,380,GS_01,telemetry_UAV_05,0.1,Optimized,"['GS_01', 'SAT_62528', 'UAV_05']",UAV_05,5.768196,14.910207,200,HIT,59.422717
110100,381,GS_01,telemetry_UAV_10,0.1,Optimized,"['GS_01', 'SAT_62528', 'UAV_10']",UAV_10,5.932096,16.196350,200,HIT,55.325940
111100,382,GS_01,telemetry_UAV_05,0.1,Optimized,"['GS_01', 'SAT_62528', 'UAV_05']",UAV_05,5.911163,16.873882,200,HIT,53.321710
111100,383,GS_01,telemetry_UAV_01,0.1,Optimized,"['GS_01', 'SAT_62528', 'UAV_01']",UAV_01,5.565047,12.607617,200,HIT,69.018751
111100,384,GS_01,telemetry_UAV_10,0.1,Optimized,"['GS_01', 'SAT_62528', 'UAV_10']",UAV_10,5.644347,13.837808,200,HIT,63.456971
112000,385,GS_01,telemetry_UAV_05,0.1,Optimized,"['GS_01', 'SAT_62528', 'UAV_05']",UAV_05,5.489784,18.021372,200,HIT,49.881520
112100,386,GS_01,telemetry_UAV_01,0.1,Optimized,"['GS_01', 'SAT_62528', 'UAV_01']",UAV_01,5.725703,11.349974,200,HIT,76.210445
112100,387,GS_01,telemetry_UAV_10,0.1,Optimized,"['GS_01', 'SAT_62528', 'UAV_10']",UAV_10,5.579913,19.886892,200,HIT,45.807415
113100,388,GS_01,telemetry_UAV_01,0.1,Optimized,"['GS_01', 'SAT_62528', 'UAV_01']",UAV_01,5.585324,18.950143,200,HIT,47.801365
113100,389,GS_01,telemetry_UAV_05,0.1,Optimized,"['GS_01', 'SAT_62528', 'UAV_05']",UAV_05,5.588578,13.828442,200,HIT,63.440358
113100,390,GS_01,telemetry_UAV_10,0.1,Optimized,"['GS_01', 'SAT_62528', 'UAV_10']",UAV_10,5.421674,18.773936,200,HIT,48.033944
114100,391,GS_01,telemetry_UAV_10,0.1,Optimized,"['GS_01', 'SAT_62528', 'UAV_10']",UAV_10,5.033505,17.552284,200,HIT,50.611619
114100,392,GS_01,telemetry_UAV_01,0.1,Optimized,"['GS_01', 'SAT_62528', 'UAV_01']",UAV_01,5.406288,16.520822,200,HIT,53.830027
114100,393,GS_01,telemetry_UAV_05,0.1,Optimized,"['GS_01', 'SAT_62528', 'UAV_05']",UAV_05,5.281239,16.433318,200,HIT,53.962826
115100,394,GS_01,telemetry_UAV_10,0.1,Optimized,"['GS_01', 'SAT_62528', 'UAV_10']",UAV_10,5.069805,10.593431,200,HIT,80.588302
115100,395,GS_01,telemetry_UAV_05,0.1,Optimized,"['GS_01', 'SAT_62528', 'UAV_05']",UAV_05,5.238584,17.434177,200,HIT,51.125466
115100,396,GS_01,telemetry_UAV_01,0.1,Optimized,"['GS_01', 'SAT_62528', 'UAV_01']",UAV_01,5.148537,18.516555,200,HIT,48.353117
116100,397,GS_01,telemetry_UAV_01,0.1,Optimized,"['GS_01', 'SAT_62528', 'UAV_01']",UAV_01,4.989645,15.114759,200,HIT,57.918044
116100,398,GS_01,telemetry_UAV_10,0.1,Optimized,"['GS_01', 'SAT_62528', 'UAV_10']",UAV_10,4.998644,17.346037,200,HIT,51.118688
116100,399,GS_01,telemetry_UAV_05,0.1,Optimized,"['GS_01', 'SAT_62528', 'UAV_05']",UAV_05,4.798019,19.676806,200,HIT,45.455024
117100,400,GS_01,telemetry_UAV_01,0.1,Optimized,"['GS_01', 'SAT_62528', 'UAV_01']",UAV_01,4.714085,15.782756,200,HIT,55.402316
117100,401,GS_01,telemetry_UAV_05,0.1,Optimized,"['GS_01', 'SAT_62528', 'UAV_05']",UAV_05,4.846966,14.633196,200,HIT,59.517181
117100,402,GS_01,telemetry_UAV_10,0.1,Optimized,"['GS_01', 'SAT_62528', 'UAV_10']",UAV_10,4.428916,10.897629,200,HIT,77.839380
118100,403,GS_01,telemetry_UAV_10,0.1,Optimized,"['GS_01', 'SAT_62528', 'UAV_10']",UAV_10,4.423147,17.577693,200,HIT,49.935377
118100,404,GS_01,telemetry_UAV_05,0.1,Optimized,"['GS_01', 'SAT_62528', 'UAV_05']",UAV_05,4.331899,19.428587,200,HIT,45.508336
118100,405,GS_01,telemetry_UAV_01,0.1,Optimized,"['GS_01', 'SAT_62528', 'UAV_01']",UAV_01,4.230797,11.599353,200,HIT,73.200161
119100,406,GS_01,telemetry_UAV_05,0.1,Optimized,"['GS_01', 'SAT_62528', 'UAV_05']",UAV_05,3.982209,11.987971,200,HIT,70.715773
119100,407,GS_01,telemetry_UAV_10,0.1,Optimized,"['GS_01', 'SAT_62528', 'UAV_10']",UAV_10,4.409800,12.059550,200,HIT,70.747266
119100,408,GS_01,telemetry_UAV_01,0.1,Optimized,"['GS_01', 'SAT_62528', 'UAV_01']",UAV_01,4.047563,10.084586,200,HIT,83.376551
120100,409,GS_01,telemetry_UAV_05,0.1,Optimized,"['GS_01', 'SAT_62528', 'UAV_05']",UAV_05,4.262442,18.726394,200,HIT,46.982894
120100,410,GS_01,telemetry_UAV_10,0.1,Optimized,"['GS_01', 'SAT_62528', 'UAV_10']",UAV_10,3.992511,10.309037,200,HIT,81.594325
120100,411,GS_01,telemetry_UAV_01,0.1,Optimized,"['GS_01', 'SAT_62528', 'UAV_01']",UAV_01,3.879385,18.989554,200,HIT,46.007809
121100,412,GS_01,telemetry_UAV_05,0.1,Optimized,"['GS_01', 'SAT_62528', 'UAV_05']",UAV_05,4.301490,17.948249,200,HIT,48.874085
121100,413,GS_01,telemetry_UAV_01,0.1,Optimized,"['GS_01', 'SAT_62528', 'UAV_01']",UAV_01,4.323404,10.604953,200,HIT,79.759855
121100,414,GS_01,telemetry_UAV_10,0.1,Optimized,"['GS_01', 'SAT_62528', 'UAV_10']",UAV_10,4.151878,19.976371,200,HIT,44.199192
122100,415,GS_01,telemetry_UAV_05,0.1,Optimized,"['GS_01', 'SAT_62528', 'UAV_05']",UAV_05,4.499864,13.034810,200,HIT,65.873983
122100,416,GS_01,telemetry_UAV_10,0.1,Optimized,"['GS_01', 'SAT_62528', 'UAV_10']",UAV_10,4.196171,19.405850,200,HIT,45.420854
122100,417,GS_01,telemetry_UAV_01,0.1,Optimized,"['GS_01', 'SAT_62528', 'UAV_01']",UAV_01,4.233988,16.865420,200,HIT,51.668322
123100,418,GS_01,telemetry_UAV_05,0.1,Optimized,"['GS_01', 'SAT_62528', 'UAV_05']",UAV_05,4.684212,12.277044,200,HIT,69.846480
123100,419,GS_01,telemetry_UAV_01,0.1,Optimized,"['GS_01', 'SAT_62528', 'UAV_01']",UAV_01,4.793862,15.882150,200,HIT,55.164875
123100,420,GS_01,telemetry_UAV_10,0.1,Optimized,"['GS_01', 'SAT_62528', 'UAV_10']",UAV_10,4.838664,18.215839,200,HIT,48.756487
124100,421,GS_01,telemetry_UAV_05,0.1,Optimized,"['GS_01', 'SAT_62528', 'UAV_05']",UAV_05,5.074326,18.242353,200,HIT,48.928318
124100,422,GS_01,telemetry_UAV_01,0.1,Optimized,"['GS_01', 'SAT_62528', 'UAV_01']",UAV_01,4.870567,16.724125,200,HIT,52.705656
124100,423,GS_01,telemetry_UAV_10,0.1,Optimized,"['GS_01', 'SAT_62528', 'UAV_10']",UAV_10,4.985026,19.023430,200,HIT,47.038431
125100,424,GS_01,telemetry_UAV_05,0.1,Optimized,"['GS_01', 'SAT_62528', 'UAV_05']",UAV_05,4.890823,14.026122,200,HIT,61.927260
125100,425,GS_01,telemetry_UAV_10,0.1,Optimized,"['GS_01', 'SAT_62528', 'UAV_10']",UAV_10,5.251236,10.511705,200,HIT,81.356870
125100,426,GS_01,telemetry_UAV_01,0.1,Optimized,"['GS_01', 'SAT_62528', 'UAV_01']",UAV_01,4.858656,16.467377,200,HIT,53.439557
126100,427,GS_01,telemetry_UAV_05,0.1,Optimized,"['GS_01', 'SAT_62528', 'UAV_05']",UAV_05,5.429418,13.274273,200,HIT,65.696373
126100,428,GS_01,telemetry_UAV_01,0.1,Optimized,"['GS_01', 'SAT_62528', 'UAV_01']",UAV_01,5.443678,17.806534,200,HIT,50.371006
126100,429,GS_01,telemetry_UAV_10,0.1,Optimized,"['GS_01', 'SAT_62528', 'UAV_10']",UAV_10,5.258383,10.894628,200,HIT,78.689068
127100,430,GS_01,telemetry_UAV_05,0.1,Optimized,"['GS_01', 'SAT_62528', 'UAV_05']",UAV_05,5.548721,12.011483,200,HIT,72.151654
127100,431,GS_01,telemetry_UAV_10,0.1,Optimized,"['GS_01', 'SAT_62528', 'UAV_10']",UAV_10,5.638390,16.916914,200,HIT,52.928339
127100,432,GS_01,telemetry_UAV_01,0.1,Optimized,"['GS_01', 'SAT_62528', 'UAV_01']",UAV_01,5.471870,18.957495,200,HIT,47.671538
128100,433,GS_01,telemetry_UAV_01,0.1,Optimized,"['GS_01', 'SAT_62528', 'UAV_01']",UAV_01,5.729234,13.887651,200,HIT,63.334368
128100,434,GS_01,telemetry_UAV_05,0.1,Optimized,"['GS_01', 'SAT_62528', 'UAV_05']",UAV_05,5.444324,12.206582,200,HIT,70.982736
128100,435,GS_01,telemetry_UAV_10,0.1,Optimized,"['GS_01', 'SAT_62528', 'UAV_10']",UAV_10,5.629268,18.796466,200,HIT,48.190461
129100,436,GS_01,telemetry_UAV_01,0.1,Optimized,"['GS_01', 'SAT_62528', 'UAV_01']",UAV_01,5.845391,14.731745,200,HIT,60.149888
129100,437,GS_01,telemetry_UAV_05,0.1,Optimized,"['GS_01', 'SAT_62528', 'UAV_05']",UAV_05,5.854586,14.770504,200,HIT,60.016583
129100,438,GS_01,telemetry_UAV_10,0.1,Optimized,"['GS_01', 'SAT_62528', 'UAV_10']",UAV_10,5.586485,15.819842,200,HIT,56.155892
130100,439,GS_01,telemetry_UAV_05,0.1,Optimized,"['GS_01', 'SAT_47643', 'UAV_05']",UAV_05,6.261257,16.537467,200,HIT,54.636259
130100,440,GS_01,telemetry_UAV_10,0.1,Optimized,"['GS_01', 'SAT_47643', 'UAV_10']",UAV_10,6.097296,10.219162,200,HIT,84.381603
130100,441,GS_01,telemetry_UAV_01,0.1,Optimized,"['GS_01', 'SAT_47643', 'UAV_01']",UAV_01,5.835446,12.847709,200,HIT,68.103358
131100,442,GS_01,telemetry_UAV_05,0.1,Optimized,"['GS_01', 'SAT_47643', 'UAV_05']",UAV_05,6.418525,13.566707,200,HIT,65.386407
131100,443,GS_01,telemetry_UAV_01,0.1,Optimized,"['GS_01', 'SAT_47643', 'UAV_01']",UAV_01,6.350632,14.990601,200,HIT,59.717404
131100,444,GS_01,telemetry_UAV_10,0.1,Optimized,"['GS_01', 'SAT_47643', 'UAV_10']",UAV_10,5.967425,18.904800,200,HIT,48.284719
132100,445,GS_01,telemetry_UAV_10,0.1,Optimized,"['GS_01', 'SAT_47643', 'UAV_10']",UAV_10,6.593062,15.824471,200,HIT,57.147675
132100,446,GS_01,telemetry_UAV_05,0.1,Optimized,"['GS_01', 'SAT_47643', 'UAV_05']",UAV_05,6.273440,17.952800,200,HIT,50.834735
132100,447,GS_01,telemetry_UAV_01,0.1,Optimized,"['GS_01', 'SAT_47643', 'UAV_01']",UAV_01,6.545964,12.977925,200,HIT,68.189102
133100,448,GS_01,telemetry_UAV_10,0.1,Optimized,"['GS_01', 'SAT_47643', 'UAV_10']",UAV_10,6.317987,12.847890,200,HIT,68.585021
133100,449,GS_01,telemetry_UAV_05,0.1,Optimized,"['GS_01', 'SAT_47643', 'UAV_05']",UAV_05,6.633819,19.404479,200,HIT,47.861414
133100,450,GS_01,telemetry_UAV_01,0.1,Optimized,"['GS_01', 'SAT_47643', 'UAV_01']",UAV_01,6.343862,13.664967,200,HIT,64.887727
134100,451,GS_01,telemetry_UAV_01,0.1,Optimized,"['GS_01', 'SAT_47643', 'UAV_01']",UAV_01,6.776699,15.332546,200,HIT,58.953293
134100,452,GS_01,telemetry_UAV_05,0.1,Optimized,"['GS_01', 'SAT_47643', 'UAV_05']",UAV_05,6.469906,10.590935,200,HIT,82.006203
134100,453,GS_01,telemetry_UAV_10,0.1,Optimized,"['GS_01', 'SAT_47643', 'UAV_10']",UAV_10,6.513120,13.531450,200,HIT,65.634648
135100,454,GS_01,telemetry_UAV_01,0.1,Optimized,"['GS_01', 'SAT_47643', 'UAV_01']",UAV_01,6.782263,12.146830,200,HIT,72.643071
135100,455,GS_01,telemetry_UAV_10,0.1,Optimized,"['GS_01', 'SAT_47643', 'UAV_10']",UAV_10,6.855009,15.590731,200,HIT,58.167549
135100,456,GS_01,telemetry_UAV_05,0.1,Optimized,"['GS_01', 'SAT_47643', 'UAV_05']",UAV_05,6.685989,10.575824,200,HIT,82.330212
136100,457,GS_01,telemetry_UAV_01,0.1,Optimized,"['GS_01', 'SAT_47643', 'UAV_01']",UAV_01,7.043872,12.485144,200,HIT,71.120023
136100,458,GS_01,telemetry_UAV_05,0.1,Optimized,"['GS_01', 'SAT_47643', 'UAV_05']",UAV_05,7.120674,18.201402,200,HIT,51.073332
136100,459,GS_01,telemetry_UAV_10,0.1,Optimized,"['GS_01', 'SAT_47643', 'UAV_10']",UAV_10,6.881345,16.484251,200,HIT,55.412515
137100,460,GS_01,telemetry_UAV_10,0.1,Optimized,"['GS_01', 'SAT_47643', 'UAV_10']",UAV_10,7.034085,18.602316,200,HIT,50.039483
137100,461,GS_01,telemetry_UAV_05,0.1,Optimized,"['GS_01', 'SAT_47643', 'UAV_05']",UAV_05,7.146351,16.529080,200,HIT,55.545899
137100,462,GS_01,telemetry_UAV_01,0.1,Optimized,"['GS_01', 'SAT_47643', 'UAV_01']",UAV_01,7.151689,15.835999,200,HIT,57.669500
138100,463,GS_01,telemetry_UAV_10,0.1,Optimized,"['GS_01', 'SAT_47643', 'UAV_10']",UAV_10,7.142848,15.395416,200,HIT,59.106368
138100,464,GS_01,telemetry_UAV_05,0.1,Optimized,"['GS_01', 'SAT_47643', 'UAV_05']",UAV_05,7.245931,14.414570,200,HIT,62.745333
138100,465,GS_01,telemetry_UAV_01,0.1,Optimized,"['GS_01', 'SAT_47643', 'UAV_01']",UAV_01,7.320188,15.117607,200,HIT,60.238615
139100,466,GS_01,telemetry_UAV_10,0.1,Optimized,"['GS_01', 'SAT_47643', 'UAV_10']",UAV_10,7.323141,19.074805,200,HIT,49.263282
139100,467,GS_01,telemetry_UAV_05,0.1,Optimized,"['GS_01', 'SAT_47643', 'UAV_05']",UAV_05,7.609644,19.521896,200,HIT,48.589270
139100,468,GS_01,telemetry_UAV_01,0.1,Optimized,"['GS_01', 'SAT_47643', 'UAV_01']",UAV_01,7.560981,11.207182,200,HIT,78.943780
140000,469,GS_01,telemetry_UAV_05,0.1,Optimized,"['GS_01', 'SAT_47643', 'UAV_05']",UAV_05,7.306496,12.508128,200,HIT,71.264906
140100,470,GS_01,telemetry_UAV_10,0.1,Optimized,"['GS_01', 'SAT_47643', 'UAV_10']",UAV_10,7.564017,10.602013,200,HIT,83.021388
140100,471,GS_01,telemetry_UAV_01,0.1,Optimized,"['GS_01', 'SAT_47643', 'UAV_01']",UAV_01,7.468514,14.530534,200,HIT,62.524992
141100,472,GS_01,telemetry_UAV_10,0.1,Optimized,"['GS_01', 'SAT_47643', 'UAV_10']",UAV_10,7.548202,10.249960,200,HIT,85.597287
141100,473,GS_01,telemetry_UAV_01,0.1,Optimized,"['GS_01', 'SAT_47643', 'UAV_01']",UAV_01,7.640079,10.819973,200,HIT,81.577419
141100,474,GS_01,telemetry_UAV_05,0.1,Optimized,"['GS_01', 'SAT_47643', 'UAV_05']",UAV_05,7.595291,14.439294,200,HIT,62.999662
142100,475,GS_01,telemetry_UAV_01,0.1,Optimized,"['GS_01', 'SAT_47643', 'UAV_01']",UAV_01,7.452506,11.364182,200,HIT,77.849124
142100,476,GS_01,telemetry_UAV_10,0.1,Optimized,"['GS_01', 'SAT_47643', 'UAV_10']",UAV_10,7.644530,13.186593,200,HIT,68.312211
142100,477,GS_01,telemetry_UAV_05,0.1,Optimized,"['GS_01', 'SAT_47643', 'UAV_05']",UAV_05,7.641430,17.103633,200,HIT,54.415118
143100,478,GS_01,telemetry_UAV_01,0.1,Optimized,"['GS_01', 'SAT_47643', 'UAV_01']",UAV_01,7.602789,18.084350,200,HIT,51.839932
143100,479,GS_01,telemetry_UAV_10,0.1,Optimized,"['GS_01', 'SAT_47643', 'UAV_10']",UAV_10,7.940285,19.645427,200,HIT,48.662230
143100,480,GS_01,telemetry_UAV_05,0.1,Optimized,"['GS_01', 'SAT_47643', 'UAV_05']",UAV_05,7.609424,16.180231,200,HIT,57.052477
144000,481,GS_01,telemetry_UAV_10,0.1,Optimized,"['GS_01', 'SAT_47643', 'UAV_10']",UAV_10,7.871360,11.660954,200,HIT,76.476380
144100,482,GS_01,telemetry_UAV_05,0.1,Optimized,"['GS_01', 'SAT_47643', 'UAV_05']",UAV_05,7.821030,16.151601,200,HIT,57.351725
144100,483,GS_01,telemetry_UAV_01,0.1,Optimized,"['GS_01', 'SAT_47643', 'UAV_01']",UAV_01,7.962711,17.285887,200,HIT,54.243240
145100,484,GS_01,telemetry_UAV_05,0.1,Optimized,"['GS_01', 'SAT_47643', 'UAV_05']",UAV_05,7.953938,12.153871,200,HIT,73.776588
145100,485,GS_01,telemetry_UAV_01,0.1,Optimized,"['GS_01', 'SAT_47643', 'UAV_01']",UAV_01,7.860348,14.060143,200,HIT,64.758772
145100,486,GS_01,telemetry_UAV_10,0.1,Optimized,"['GS_01', 'SAT_47643', 'UAV_10']",UAV_10,8.101559,13.162946,200,HIT,68.878227
146100,487,GS_01,telemetry_UAV_01,0.1,Optimized,"['GS_01', 'SAT_47643', 'UAV_01']",UAV_01,7.762214,14.262518,200,HIT,63.853291
146100,488,GS_01,telemetry_UAV_10,0.1,Optimized,"['GS_01', 'SAT_47643', 'UAV_10']",UAV_10,8.158784,14.846897,200,HIT,62.042097
146100,489,GS_01,telemetry_UAV_05,0.1,Optimized,"['GS_01', 'SAT_47643', 'UAV_05']",UAV_05,7.715491,12.568827,200,HIT,71.365025
147000,490,GS_01,telemetry_UAV_05,0.1,Optimized,"['GS_01', 'SAT_47643', 'UAV_05']",UAV_05,8.053167,13.494735,200,HIT,67.335546
147100,491,GS_01,telemetry_UAV_10,0.1,Optimized,"['GS_01', 'SAT_47643', 'UAV_10']",UAV_10,7.969225,15.111632,200,HIT,60.908577
147100,492,GS_01,telemetry_UAV_01,0.1,Optimized,"['GS_01', 'SAT_47643', 'UAV_01']",UAV_01,7.836020,16.748150,200,HIT,55.602491
148100,493,GS_01,telemetry_UAV_10,0.1,Optimized,"['GS_01', 'SAT_47643', 'UAV_10']",UAV_10,8.116551,11.362406,200,HIT,78.524176
148100,494,GS_01,telemetry_UAV_01,0.1,Optimized,"['GS_01', 'SAT_47643', 'UAV_01']",UAV_01,7.775873,16.485320,200,HIT,56.303898
148100,495,GS_01,telemetry_UAV_05,0.1,Optimized,"['GS_01', 'SAT_47643', 'UAV_05']",UAV_05,8.152033,19.217384,200,HIT,49.781009
149100,496,GS_01,telemetry_UAV_05,0.1,Optimized,"['GS_01', 'SAT_47643', 'UAV_05']",UAV_05,7.885047,15.148259,200,HIT,60.696395
149100,497,GS_01,telemetry_UAV_10,0.1,Optimized,"['GS_01', 'SAT_47643', 'UAV_10']",UAV_10,8.100224,11.343792,200,HIT,78.623380
149100,498,GS_01,telemetry_UAV_01,0.1,Optimized,"['GS_01', 'SAT_47643', 'UAV_01']",UAV_01,7.879188,19.726616,200,HIT,48.433533
150100,499,GS_01,telemetry_UAV_10,0.1,Optimized,"['GS_01', 'SAT_47643', 'UAV_10']",UAV_10,7.789403,11.889249,200,HIT,75.077082
150100,500,GS_01,telemetry_UAV_01,0.1,Optimized,"['GS_01', 'SAT_47643', 'UAV_01']",UAV_01,7.955886,13.771674,200,HIT,66.046138
150100,501,GS_01,telemetry_UAV_05,0.1,Optimized,"['GS_01', 'SAT_47643', 'UAV_05']",UAV_05,7.751808,19.616974,200,HIT,48.532817
151100,502,GS_01,telemetry_UAV_10,0.1,Optimized,"['GS_01', 'SAT_47643', 'UAV_10']",UAV_10,8.121296,18.756557,200,HIT,50.773046
151100,503,GS_01,telemetry_UAV_05,0.1,Optimized,"['GS_01', 'SAT_47643', 'UAV_05']",UAV_05,7.744884,18.324713,200,HIT,51.401775
151100,504,GS_01,telemetry_UAV_01,0.1,Optimized,"['GS_01', 'SAT_47643', 'UAV_01']",UAV_01,8.073474,10.777109,200,HIT,82.304883
152000,505,GS_01,telemetry_UAV_05,0.1,Optimized,"['GS_01', 'SAT_47643', 'UAV_05']",UAV_05,8.028606,11.316347,200,HIT,78.722800
152100,506,GS_01,telemetry_UAV_10,0.1,Optimized,"['GS_01', 'SAT_47643', 'UAV_10']",UAV_10,7.854494,17.338296,200,HIT,53.995130
152100,507,GS_01,telemetry_UAV_01,0.1,Optimized,"['GS_01', 'SAT_47643', 'UAV_01']",UAV_01,7.980002,16.081276,200,HIT,57.727299
153100,508,GS_01,telemetry_UAV_10,0.1,Optimized,"['GS_01', 'SAT_47643', 'UAV_10']",UAV_10,7.827835,10.563691,200,HIT,83.558942
153100,509,GS_01,telemetry_UAV_01,0.1,Optimized,"['GS_01', 'SAT_47643', 'UAV_01']",UAV_01,8.138866,12.475837,200,HIT,72.262822
153100,510,GS_01,telemetry_UAV_05,0.1,Optimized,"['GS_01', 'SAT_47643', 'UAV_05']",UAV_05,7.914596,10.187787,200,HIT,86.439994
154100,511,GS_01,telemetry_UAV_01,0.1,Optimized,"['GS_01', 'SAT_47643', 'UAV_01']",UAV_01,7.842367,14.255344,200,HIT,63.961674
154100,512,GS_01,telemetry_UAV_05,0.1,Optimized,"['GS_01', 'SAT_47643', 'UAV_05']",UAV_05,7.892191,19.999821,200,HIT,47.892549
154100,513,GS_01,telemetry_UAV_10,0.1,Optimized,"['GS_01', 'SAT_47643', 'UAV_10']",UAV_10,7.910742,17.522766,200,HIT,53.565635
155100,514,GS_01,telemetry_UAV_01,0.1,Optimized,"['GS_01', 'SAT_47643', 'UAV_01']",UAV_01,7.794700,15.626909,200,HIT,58.988446
155100,515,GS_01,telemetry_UAV_05,0.1,Optimized,"['GS_01', 'SAT_47643', 'UAV_05']",UAV_05,7.939299,13.368483,200,HIT,67.781540
155100,516,GS_01,telemetry_UAV_10,0.1,Optimized,"['GS_01', 'SAT_47643', 'UAV_10']",UAV_10,7.810499,19.247019,200,HIT,49.375376
156100,517,GS_01,telemetry_UAV_01,0.1,Optimized,"['GS_01', 'SAT_47643', 'UAV_01']",UAV_01,7.887589,16.517763,200,HIT,56.320297
156100,518,GS_01,telemetry_UAV_10,0.1,Optimized,"['GS_01', 'SAT_47643', 'UAV_10']",UAV_10,7.702961,19.767710,200,HIT,48.173000
156100,519,GS_01,telemetry_UAV_05,0.1,Optimized,"['GS_01', 'SAT_47643', 'UAV_05']",UAV_05,7.829351,11.389277,200,HIT,78.070858
157100,520,GS_01,telemetry_UAV_10,0.1,Optimized,"['GS_01', 'SAT_47643', 'UAV_10']",UAV_10,7.496416,13.752322,200,HIT,65.668412
157100,521,GS_01,telemetry_UAV_05,0.1,Optimized,"['GS_01', 'SAT_47643', 'UAV_05']",UAV_05,7.758144,10.112536,200,HIT,86.867878
157100,522,GS_01,telemetry_UAV_01,0.1,Optimized,"['GS_01', 'SAT_47643', 'UAV_01']",UAV_01,7.700455,10.609811,200,HIT,83.102365
158100,523,GS_01,telemetry_UAV_10,0.1,Optimized,"['GS_01', 'SAT_47643', 'UAV_10']",UAV_10,7.441601,11.249269,200,HIT,78.557335
158100,524,GS_01,telemetry_UAV_05,0.1,Optimized,"['GS_01', 'SAT_47643', 'UAV_05']",UAV_05,7.598862,19.918453,200,HIT,47.762624
158100,525,GS_01,telemetry_UAV_01,0.1,Optimized,"['GS_01', 'SAT_47643', 'UAV_01']",UAV_01,7.532755,18.298461,200,HIT,51.252279
159100,526,GS_01,telemetry_UAV_01,0.1,Optimized,"['GS_01', 'SAT_47643', 'UAV_01']",UAV_01,7.714587,17.966168,200,HIT,52.242724
159100,527,GS_01,telemetry_UAV_05,0.1,Optimized,"['GS_01', 'SAT_47643', 'UAV_05']",UAV_05,7.609882,16.264549,200,HIT,56.796613
159100,528,GS_01,telemetry_UAV_10,0.1,Optimized,"['GS_01', 'SAT_47643', 'UAV_10']",UAV_10,7.484224,14.291768,200,HIT,63.460503
160100,529,GS_01,telemetry_UAV_10,0.1,Optimized,"['GS_01', 'SAT_47643', 'UAV_10']",UAV_10,7.299750,12.525512,200,HIT,71.169397
160100,530,GS_01,telemetry_UAV_01,0.1,Optimized,"['GS_01', 'SAT_47643', 'UAV_01']",UAV_01,7.432366,16.326425,200,HIT,56.432683
160100,531,GS_01,telemetry_UAV_05,0.1,Optimized,"['GS_01', 'SAT_47643', 'UAV_05']",UAV_05,7.690661,13.905681,200,HIT,65.221106
161100,532,GS_01,telemetry_UAV_10,0.1,Optimized,"['GS_01', 'SAT_47643', 'UAV_10']",UAV_10,7.345046,19.624208,200,HIT,48.111023
161100,533,GS_01,telemetry_UAV_01,0.1,Optimized,"['GS_01', 'SAT_47643', 'UAV_01']",UAV_01,7.400552,17.778127,200,HIT,52.399669
161100,534,GS_01,telemetry_UAV_05,0.1,Optimized,"['GS_01', 'SAT_47643', 'UAV_05']",UAV_05,7.308008,18.420298,200,HIT,50.738358
162100,535,GS_01,telemetry_UAV_05,0.1,Optimized,"['GS_01', 'SAT_47643', 'UAV_05']",UAV_05,7.315830,18.366704,200,HIT,50.872911
162100,536,GS_01,telemetry_UAV_10,0.1,Optimized,"['GS_01', 'SAT_47643', 'UAV_10']",UAV_10,7.245476,11.580462,200,HIT,76.327350
162100,537,GS_01,telemetry_UAV_01,0.1,Optimized,"['GS_01', 'SAT_47643', 'UAV_01']",UAV_01,7.101329,19.456129,200,HIT,48.219476
163100,538,GS_01,telemetry_UAV_05,0.1,Optimized,"['GS_01', 'SAT_47643', 'UAV_05']",UAV_05,7.310375,10.555305,200,HIT,83.101650
163100,539,GS_01,telemetry_UAV_01,0.1,Optimized,"['GS_01', 'SAT_47643', 'UAV_01']",UAV_01,7.202445,10.108101,200,HIT,86.346884
163100,540,GS_01,telemetry_UAV_10,0.1,Optimized,"['GS_01', 'SAT_47643', 'UAV_10']",UAV_10,6.953878,18.161662,200,HIT,51.002711
164100,541,GS_01,telemetry_UAV_05,0.1,Optimized,"['GS_01', 'SAT_47643', 'UAV_05']",UAV_05,7.142507,15.894735,200,HIT,57.473640
164100,542,GS_01,telemetry_UAV_01,0.1,Optimized,"['GS_01', 'SAT_47643', 'UAV_01']",UAV_01,6.849388,17.247866,200,HIT,53.231937
164100,543,GS_01,telemetry_UAV_10,0.1,Optimized,"['GS_01', 'SAT_47643', 'UAV_10']",UAV_10,6.874150,10.289810,200,HIT,84.620970
165100,544,GS_01,telemetry_UAV_05,0.1,Optimized,"['GS_01', 'SAT_47643', 'UAV_05']",UAV_05,6.858480,18.510171,200,HIT,50.077963
165100,545,GS_01,telemetry_UAV_01,0.1,Optimized,"['GS_01', 'SAT_47643', 'UAV_01']",UAV_01,6.617631,14.404746,200,HIT,62.154882
165100,546,GS_01,telemetry_UAV_10,0.1,Optimized,"['GS_01', 'SAT_47643', 'UAV_10']",UAV_10,6.597864,13.926570,200,HIT,64.042018
166100,547,GS_01,telemetry_UAV_01,0.1,Optimized,"['GS_01', 'SAT_47643', 'UAV_01']",UAV_01,6.515589,16.705603,200,HIT,54.403713
166100,548,GS_01,telemetry_UAV_05,0.1,Optimized,"['GS_01', 'SAT_47643', 'UAV_05']",UAV_05,6.518536,19.254846,200,HIT,48.066518
166100,549,GS_01,telemetry_UAV_10,0.1,Optimized,"['GS_01', 'SAT_47643', 'UAV_10']",UAV_10,6.444800,15.728202,200,HIT,57.308848
167100,550,GS_01,telemetry_UAV_01,0.1,Optimized,"['GS_01', 'SAT_47643', 'UAV_01']",UAV_01,6.534920,12.553211,200,HIT,70.263637
167100,551,GS_01,telemetry_UAV_10,0.1,Optimized,"['GS_01', 'SAT_47643', 'UAV_10']",UAV_10,6.654914,12.826472,200,HIT,69.025924
167100,552,GS_01,telemetry_UAV_05,0.1,Optimized,"['GS_01', 'SAT_47643', 'UAV_05']",UAV_05,6.510958,14.125846,200,HIT,63.144735
168100,553,GS_01,telemetry_UAV_01,0.1,Optimized,"['GS_01', 'SAT_47643', 'UAV_01']",UAV_01,6.200356,16.696803,200,HIT,54.113720
168100,554,GS_01,telemetry_UAV_05,0.1,Optimized,"['GS_01', 'SAT_47643', 'UAV_05']",UAV_05,6.344947,11.311953,200,HIT,77.066597
168100,555,GS_01,telemetry_UAV_10,0.1,Optimized,"['GS_01', 'SAT_47643', 'UAV_10']",UAV_10,6.497717,14.945985,200,HIT,60.023797
169100,556,GS_01,telemetry_UAV_01,0.1,Optimized,"['GS_01', 'SAT_47643', 'UAV_01']",UAV_01,6.253861,14.549767,200,HIT,61.237558
169100,557,GS_01,telemetry_UAV_05,0.1,Optimized,"['GS_01', 'SAT_47643', 'UAV_05']",UAV_05,6.215965,11.674080,200,HIT,74.743848
169100,558,GS_01,telemetry_UAV_10,0.1,Optimized,"['GS_01', 'SAT_47643', 'UAV_10']",UAV_10,6.387061,15.772259,200,HIT,57.109027
170100,559,GS_01,telemetry_UAV_10,0.1,Optimized,"['GS_01', 'SAT_47643', 'UAV_10']",UAV_10,6.058740,14.113278,200,HIT,62.742950
170100,560,GS_01,telemetry_UAV_01,0.1,Optimized,"['GS_01', 'SAT_47643', 'UAV_01']",UAV_01,6.148253,19.475904,200,HIT,47.224651
170100,561,GS_01,telemetry_UAV_05,0.1,Optimized,"['GS_01', 'SAT_47643', 'UAV_05']",UAV_05,5.968330,16.085812,200,HIT,55.701599
171100,562,GS_01,telemetry_UAV_01,0.1,Optimized,"['GS_01', 'SAT_47643', 'UAV_01']",UAV_01,5.912217,19.693779,200,HIT,46.534181
171100,563,GS_01,telemetry_UAV_10,0.1,Optimized,"['GS_01', 'SAT_47643', 'UAV_10']",UAV_10,5.937228,11.764484,200,HIT,73.938508
171100,564,GS_01,telemetry_UAV_05,0.1,Optimized,"['GS_01', 'SAT_47643', 'UAV_05']",UAV_05,6.004867,10.173372,200,HIT,84.641526
172100,565,GS_01,telemetry_UAV_10,0.1,Optimized,"['GS_01', 'SAT_47643', 'UAV_10']",UAV_10,5.758144,12.808702,200,HIT,68.215681
172100,566,GS_01,telemetry_UAV_05,0.1,Optimized,"['GS_01', 'SAT_47643', 'UAV_05']",UAV_05,5.775728,10.343453,200,HIT,83.119340
172100,567,GS_01,telemetry_UAV_01,0.1,Optimized,"['GS_01', 'SAT_47643', 'UAV_01']",UAV_01,5.741224,11.964792,200,HIT,72.604066
173100,568,GS_01,telemetry_UAV_05,0.1,Optimized,"['GS_01', 'SAT_47643', 'UAV_05']",UAV_05,5.431550,19.089590,200,HIT,47.339207
173100,569,GS_01,telemetry_UAV_01,0.1,Optimized,"['GS_01', 'SAT_47643', 'UAV_01']",UAV_01,5.589583,15.231856,200,HIT,58.111089
173100,570,GS_01,telemetry_UAV_10,0.1,Optimized,"['GS_01', 'SAT_47643', 'UAV_10']",UAV_10,5.244162,10.872324,200,HIT,78.825485
174100,571,GS_01,telemetry_UAV_10,0.1,Optimized,"['GS_01', 'SAT_47643', 'UAV_10']",UAV_10,5.159374,10.148519,200,HIT,83.988606
174100,572,GS_01,telemetry_UAV_05,0.1,Optimized,"['GS_01', 'SAT_47643', 'UAV_05']",UAV_05,5.448464,11.655118,200,HIT,74.087839
174100,573,GS_01,telemetry_UAV_01,0.1,Optimized,"['GS_01', 'SAT_47643', 'UAV_01']",UAV_01,4.996786,14.741200,200,HIT,59.266452
175100,574,GS_01,telemetry_UAV_05,0.1,Optimized,"['GS_01', 'SAT_47643', 'UAV_05']",UAV_05,4.825333,19.870516,200,HIT,45.085988
175100,575,GS_01,telemetry_UAV_10,0.1,Optimized,"['GS_01', 'SAT_47643', 'UAV_10']",UAV_10,5.141757,12.494155,200,HIT,69.171696
175100,576,GS_01,telemetry_UAV_01,0.1,Optimized,"['GS_01', 'SAT_47643', 'UAV_01']",UAV_01,5.256368,15.744663,200,HIT,56.067236
176100,577,GS_01,telemetry_UAV_01,0.1,Optimized,"['GS_01', 'SAT_47643', 'UAV_01']",UAV_01,4.847995,17.798357,200,HIT,49.795964
176100,578,GS_01,telemetry_UAV_10,0.1,Optimized,"['GS_01', 'SAT_47643', 'UAV_10']",UAV_10,4.651136,19.208056,200,HIT,46.300327
176100,579,GS_01,telemetry_UAV_05,0.1,Optimized,"['GS_01', 'SAT_47643', 'UAV_05']",UAV_05,4.816747,11.978680,200,HIT,71.602066
177100,580,GS_01,telemetry_UAV_10,0.1,Optimized,"['GS_01', 'SAT_47643', 'UAV_10']",UAV_10,4.663806,12.567102,200,HIT,68.322080
177100,581,GS_01,telemetry_UAV_05,0.1,Optimized,"['GS_01', 'SAT_47643', 'UAV_05']",UAV_05,4.561448,15.672363,200,HIT,55.606717
177100,582,GS_01,telemetry_UAV_01,0.1,Optimized,"['GS_01', 'SAT_47643', 'UAV_01']",UAV_01,4.764988,10.270399,200,HIT,82.658745
178100,583,GS_01,telemetry_UAV_01,0.1,Optimized,"['GS_01', 'SAT_47643', 'UAV_01']",UAV_01,4.429947,11.155458,200,HIT,76.143721
178100,584,GS_01,telemetry_UAV_10,0.1,Optimized,"['GS_01', 'SAT_47643', 'UAV_10']",UAV_10,4.607691,18.644163,200,HIT,47.516562
178100,585,GS_01,telemetry_UAV_05,0.1,Optimized,"['GS_01', 'SAT_47643', 'UAV_05']",UAV_05,4.504829,19.988049,200,HIT,44.528744
179100,586,GS_01,telemetry_UAV_10,0.1,Optimized,"['GS_01', 'SAT_47643', 'UAV_10']",UAV_10,4.144579,14.139332,200,HIT,60.724339
179100,587,GS_01,telemetry_UAV_01,0.1,Optimized,"['GS_01', 'SAT_47643', 'UAV_01']",UAV_01,4.378980,15.130345,200,HIT,57.252858
179100,588,GS_01,telemetry_UAV_05,0.1,Optimized,"['GS_01', 'SAT_47643', 'UAV_05']",UAV_05,4.054858,15.076306,200,HIT,57.118255
180000,589,GS_01,telemetry_UAV_05,0.1,Optimized,"['GS_01', 'SAT_47643', 'UAV_05']",UAV_05,3.845274,16.362720,200,HIT,52.736899
180100,590,GS_01,telemetry_UAV_10,0.1,Optimized,"['GS_01', 'SAT_47643', 'UAV_10']",UAV_10,4.192238,17.596829,200,HIT,49.654975
180100,591,GS_01,telemetry_UAV_01,0.1,Optimized,"['GS_01', 'SAT_47643', 'UAV_01']",UAV_01,3.811783,16.387341,200,HIT,52.629952
181100,592,GS_01,telemetry_UAV_01,0.1,Optimized,"['GS_01', 'SAT_47643', 'UAV_01']",UAV_01,4.118315,12.990424,200,HIT,65.702141
181100,593,GS_01,telemetry_UAV_10,0.1,Optimized,"['GS_01', 'SAT_47643', 'UAV_10']",UAV_10,4.408402,13.244975,200,HIT,64.808667
181100,594,GS_01,telemetry_UAV_05,0.1,Optimized,"['GS_01', 'SAT_47643', 'UAV_05']",UAV_05,4.184384,18.120684,200,HIT,48.332826
182100,595,GS_01,telemetry_UAV_01,0.1,Optimized,"['GS_01', 'SAT_47643', 'UAV_01']",UAV_01,4.511002,17.067923,200,HIT,51.382551
182100,596,GS_01,telemetry_UAV_05,0.1,Optimized,"['GS_01', 'SAT_47643', 'UAV_05']",UAV_05,4.207150,13.881921,200,HIT,61.836063
182100,597,GS_01,telemetry_UAV_10,0.1,Optimized,"['GS_01', 'SAT_47643', 'UAV_10']",UAV_10,4.452254,10.841883,200,HIT,78.240174
183100,598,GS_01,telemetry_UAV_05,0.1,Optimized,"['GS_01', 'SAT_47643', 'UAV_05']",UAV_05,4.417971,11.131200,200,HIT,76.288033
183100,599,GS_01,telemetry_UAV_01,0.1,Optimized,"['GS_01', 'SAT_47643', 'UAV_01']",UAV_01,4.714161,10.323314,200,HIT,82.208656
183100,600,GS_01,telemetry_UAV_10,0.1,Optimized,"['GS_01', 'SAT_47643', 'UAV_10']",UAV_10,4.806606,17.957046,200,HIT,49.357363
184100,601,GS_01,telemetry_UAV_10,0.1,Optimized,"['GS_01', 'SAT_47643', 'UAV_10']",UAV_10,4.837495,16.773135,200,HIT,52.532814
184100,602,GS_01,telemetry_UAV_01,0.1,Optimized,"['GS_01', 'SAT_47643', 'UAV_01']",UAV_01,4.988919,18.493715,200,HIT,48.246859
184100,603,GS_01,telemetry_UAV_05,0.1,Optimized,"['GS_01', 'SAT_47643', 'UAV_05']",UAV_05,4.741017,18.842942,200,HIT,47.197232
185100,604,GS_01,telemetry_UAV_05,0.1,Optimized,"['GS_01', 'SAT_47643', 'UAV_05']",UAV_05,4.876780,19.838837,200,HIT,45.201725
185100,605,GS_01,telemetry_UAV_10,0.1,Optimized,"['GS_01', 'SAT_47643', 'UAV_10']",UAV_10,4.893235,12.194098,200,HIT,70.498744
185100,606,GS_01,telemetry_UAV_01,0.1,Optimized,"['GS_01', 'SAT_47643', 'UAV_01']",UAV_01,4.917589,11.459249,200,HIT,74.730189
186100,607,GS_01,telemetry_UAV_01,0.1,Optimized,"['GS_01', 'SAT_47643', 'UAV_01']",UAV_01,5.050142,15.853767,200,HIT,55.511334
186100,608,GS_01,telemetry_UAV_05,0.1,Optimized,"['GS_01', 'SAT_47643', 'UAV_05']",UAV_05,5.186428,19.937867,200,HIT,45.311081
186100,609,GS_01,telemetry_UAV_10,0.1,Optimized,"['GS_01', 'SAT_47643', 'UAV_10']",UAV_10,5.361849,18.695058,200,HIT,48.153908
187100,610,GS_01,telemetry_UAV_05,0.1,Optimized,"['GS_01', 'SAT_47643', 'UAV_05']",UAV_05,5.317342,19.124719,200,HIT,47.148022
187100,611,GS_01,telemetry_UAV_01,0.1,Optimized,"['GS_01', 'SAT_47643', 'UAV_01']",UAV_01,5.624243,19.241324,200,HIT,47.201422
187100,612,GS_01,telemetry_UAV_10,0.1,Optimized,"['GS_01', 'SAT_47643', 'UAV_10']",UAV_10,5.322436,19.882476,200,HIT,45.558874
188100,613,GS_01,telemetry_UAV_01,0.1,Optimized,"['GS_01', 'SAT_47643', 'UAV_01']",UAV_01,5.640396,16.472277,200,HIT,54.206843
188100,614,GS_01,telemetry_UAV_10,0.1,Optimized,"['GS_01', 'SAT_47643', 'UAV_10']",UAV_10,5.556515,12.452207,200,HIT,69.802157
188100,615,GS_01,telemetry_UAV_05,0.1,Optimized,"['GS_01', 'SAT_47643', 'UAV_05']",UAV_05,5.861156,18.011420,200,HIT,50.277420
189100,616,GS_01,telemetry_UAV_10,0.1,Optimized,"['GS_01', 'SAT_47643', 'UAV_10']",UAV_10,5.695139,18.361197,200,HIT,49.265283
189100,617,GS_01,telemetry_UAV_01,0.1,Optimized,"['GS_01', 'SAT_47643', 'UAV_01']",UAV_01,5.872759,13.458287,200,HIT,65.315687
189100,618,GS_01,telemetry_UAV_05,0.1,Optimized,"['GS_01', 'SAT_47643', 'UAV_05']",UAV_05,6.071103,11.112622,200,HIT,78.061311
190100,619,GS_01,telemetry_UAV_01,0.1,Optimized,"['GS_01', 'SAT_47643', 'UAV_01']",UAV_01,6.249080,18.682328,200,HIT,49.070297
190100,620,GS_01,telemetry_UAV_05,0.1,Optimized,"['GS_01', 'SAT_47643', 'UAV_05']",UAV_05,5.888661,11.833380,200,HIT,73.494030
190100,621,GS_01,telemetry_UAV_10,0.1,Optimized,"['GS_01', 'SAT_47643', 'UAV_10']",UAV_10,5.903973,18.168563,200,HIT,49.936074
191100,622,GS_01,telemetry_UAV_01,0.1,Optimized,"['GS_01', 'SAT_47643', 'UAV_01']",UAV_01,6.075147,12.531962,200,HIT,69.911919
191100,623,GS_01,telemetry_UAV_10,0.1,Optimized,"['GS_01', 'SAT_47643', 'UAV_10']",UAV_10,6.376362,16.923903,200,HIT,53.646781
191100,624,GS_01,telemetry_UAV_05,0.1,Optimized,"['GS_01', 'SAT_47643', 'UAV_05']",UAV_05,6.217540,16.911610,200,HIT,53.522320
192100,625,GS_01,telemetry_UAV_05,0.1,Optimized,"['GS_01', 'SAT_47643', 'UAV_05']",UAV_05,6.604673,11.536828,200,HIT,75.947823
192100,626,GS_01,telemetry_UAV_01,0.1,Optimized,"['GS_01', 'SAT_47643', 'UAV_01']",UAV_01,6.189792,11.365466,200,HIT,76.578460
192100,627,GS_01,telemetry_UAV_10,0.1,Optimized,"['GS_01', 'SAT_47643', 'UAV_10']",UAV_10,6.543005,16.677627,200,HIT,54.511460
193100,628,GS_01,telemetry_UAV_01,0.1,Optimized,"['GS_01', 'SAT_47643', 'UAV_01']",UAV_01,6.634357,19.940052,200,HIT,46.754613
193100,629,GS_01,telemetry_UAV_10,0.1,Optimized,"['GS_01', 'SAT_47643', 'UAV_10']",UAV_10,6.347104,19.779211,200,HIT,46.793612
193100,630,GS_01,telemetry_UAV_05,0.1,Optimized,"['GS_01', 'SAT_47643', 'UAV_05']",UAV_05,6.338288,12.250781,200,HIT,71.640245
194100,631,GS_01,telemetry_UAV_05,0.1,Optimized,"['GS_01', 'SAT_47643', 'UAV_05']",UAV_05,6.635036,10.547409,200,HIT,82.483047
194100,632,GS_01,telemetry_UAV_01,0.1,Optimized,"['GS_01', 'SAT_47643', 'UAV_01']",UAV_01,6.684603,12.200202,200,HIT,72.257290
194100,633,GS_01,telemetry_UAV_10,0.1,Optimized,"['GS_01', 'SAT_47643', 'UAV_10']",UAV_10,6.888377,16.764817,200,HIT,54.607360
195100,634,GS_01,telemetry_UAV_01,0.1,Optimized,"['GS_01', 'SAT_47643', 'UAV_01']",UAV_01,6.970720,16.364340,200,HIT,55.857508
195100,635,GS_01,telemetry_UAV_10,0.1,Optimized,"['GS_01', 'SAT_47643', 'UAV_10']",UAV_10,6.620465,19.709670,200,HIT,47.209678
195100,636,GS_01,telemetry_UAV_05,0.1,Optimized,"['GS_01', 'SAT_47643', 'UAV_05']",UAV_05,7.057377,15.542561,200,HIT,58.528946
196100,637,GS_01,telemetry_UAV_10,0.1,Optimized,"['GS_01', 'SAT_47643', 'UAV_10']",UAV_10,6.749981,13.481717,200,HIT,66.089605
196100,638,GS_01,telemetry_UAV_05,0.1,Optimized,"['GS_01', 'SAT_47643', 'UAV_05']",UAV_05,7.081887,12.545269,200,HIT,70.850947
196100,639,GS_01,telemetry_UAV_01,0.1,Optimized,"['GS_01', 'SAT_47643', 'UAV_01']",UAV_01,6.768878,19.585014,200,HIT,47.616437
197100,640,GS_01,telemetry_UAV_01,0.1,Optimized,"['GS_01', 'SAT_47643', 'UAV_01']",UAV_01,7.294895,18.469956,200,HIT,50.608480
197100,641,GS_01,telemetry_UAV_10,0.1,Optimized,"['GS_01', 'SAT_47643', 'UAV_10']",UAV_10,7.063914,11.160593,200,HIT,78.744691
197100,642,GS_01,telemetry_UAV_05,0.1,Optimized,"['GS_01', 'SAT_47643', 'UAV_05']",UAV_05,7.126196,16.999886,200,HIT,54.185336
198100,643,GS_01,telemetry_UAV_05,0.1,Optimized,"['GS_01', 'SAT_47643', 'UAV_05']",UAV_05,7.136384,10.956872,200,HIT,80.149922
198100,644,GS_01,telemetry_UAV_01,0.1,Optimized,"['GS_01', 'SAT_47643', 'UAV_01']",UAV_01,7.452343,12.982170,200,HIT,69.075321
198100,645,GS_01,telemetry_UAV_10,0.1,Optimized,"['GS_01', 'SAT_47643', 'UAV_10']",UAV_10,7.236674,11.185699,200,HIT,78.756568
199100,646,GS_01,telemetry_UAV_05,0.1,Optimized,"['GS_01', 'SAT_47643', 'UAV_05']",UAV_05,7.157767,18.056088,200,HIT,51.464153
199100,647,GS_01,telemetry_UAV_01,0.1,Optimized,"['GS_01', 'SAT_47643', 'UAV_01']",UAV_01,7.288722,18.143110,200,HIT,51.382596
199100,648,GS_01,telemetry_UAV_10,0.1,Optimized,"['GS_01', 'SAT_47643', 'UAV_10']",UAV_10,7.339478,12.742092,200,HIT,70.123515
200100,649,GS_01,telemetry_UAV_05,0.1,Optimized,"['GS_01', 'SAT_47643', 'UAV_05']",UAV_05,7.337095,12.930670,200,HIT,69.205504
200100,650,GS_01,telemetry_UAV_10,0.1,Optimized,"['GS_01', 'SAT_47643', 'UAV_10']",UAV_10,7.355001,17.832273,200,HIT,52.217483
200100,651,GS_01,telemetry_UAV_01,0.1,Optimized,"['GS_01', 'SAT_47643', 'UAV_01']",UAV_01,7.324950,11.913566,200,HIT,74.475291
201100,652,GS_01,telemetry_UAV_05,0.1,Optimized,"['GS_01', 'SAT_47643', 'UAV_05']",UAV_05,7.682258,18.002705,200,HIT,52.120024
201100,653,GS_01,telemetry_UAV_01,0.1,Optimized,"['GS_01', 'SAT_47643', 'UAV_01']",UAV_01,7.808070,14.751336,200,HIT,62.040446
201100,654,GS_01,telemetry_UAV_10,0.1,Optimized,"['GS_01', 'SAT_47643', 'UAV_10']",UAV_10,7.332985,12.049245,200,HIT,73.727186
202100,655,GS_01,telemetry_UAV_01,0.1,Optimized,"['GS_01', 'SAT_47643', 'UAV_01']",UAV_01,7.458571,12.182546,200,HIT,73.126291
202100,656,GS_01,telemetry_UAV_10,0.1,Optimized,"['GS_01', 'SAT_47643', 'UAV_10']",UAV_10,7.454438,16.030417,200,HIT,57.359566
202100,657,GS_01,telemetry_UAV_05,0.1,Optimized,"['GS_01', 'SAT_47643', 'UAV_05']",UAV_05,7.839128,13.186876,200,HIT,68.505508
203100,658,GS_01,telemetry_UAV_10,0.1,Optimized,"['GS_01', 'SAT_47643', 'UAV_10']",UAV_10,7.499913,12.248835,200,HIT,72.812248
203100,659,GS_01,telemetry_UAV_01,0.1,Optimized,"['GS_01', 'SAT_47643', 'UAV_01']",UAV_01,7.843034,11.077688,200,HIT,80.060272
203100,660,GS_01,telemetry_UAV_05,0.1,Optimized,"['GS_01', 'SAT_47643', 'UAV_05']",UAV_05,7.702102,11.572819,200,HIT,76.829598
204100,661,GS_01,telemetry_UAV_05,0.1,Optimized,"['GS_01', 'SAT_47643', 'UAV_05']",UAV_05,7.981949,10.913466,200,HIT,81.285887
204100,662,GS_01,telemetry_UAV_10,0.1,Optimized,"['GS_01', 'SAT_47643', 'UAV_10']",UAV_10,8.041058,17.523614,200,HIT,53.693743
204100,663,GS_01,telemetry_UAV_01,0.1,Optimized,"['GS_01', 'SAT_47643', 'UAV_01']",UAV_01,7.622365,18.151317,200,HIT,51.696302
205100,664,GS_01,telemetry_UAV_10,0.1,Optimized,"['GS_01', 'SAT_47643', 'UAV_10']",UAV_10,8.084616,19.620153,200,HIT,48.859017
205100,665,GS_01,telemetry_UAV_05,0.1,Optimized,"['GS_01', 'SAT_47643', 'UAV_05']",UAV_05,8.056667,18.516561,200,HIT,51.261235
205100,666,GS_01,telemetry_UAV_01,0.1,Optimized,"['GS_01', 'SAT_47643', 'UAV_01']",UAV_01,7.962785,14.285718,200,HIT,63.962770
206000,667,GS_01,telemetry_UAV_01,0.1,Optimized,"['GS_01', 'SAT_47643', 'UAV_01']",UAV_01,8.002883,16.860516,200,HIT,55.451016
206100,668,GS_01,telemetry_UAV_10,0.1,Optimized,"['GS_01', 'SAT_47643', 'UAV_10']",UAV_10,8.166201,19.678284,200,HIT,48.820153
206100,669,GS_01,telemetry_UAV_05,0.1,Optimized,"['GS_01', 'SAT_47643', 'UAV_05']",UAV_05,7.741363,10.380223,200,HIT,84.811000
207100,670,GS_01,telemetry_UAV_01,0.1,Optimized,"['GS_01', 'SAT_47643', 'UAV_01']",UAV_01,7.802262,14.208950,200,HIT,64.104805
207100,671,GS_01,telemetry_UAV_05,0.1,Optimized,"['GS_01', 'SAT_47643', 'UAV_05']",UAV_05,7.771844,18.948841,200,HIT,49.990785
207100,672,GS_01,telemetry_UAV_10,0.1,Optimized,"['GS_01', 'SAT_47643', 'UAV_10']",UAV_10,7.850161,10.270474,200,HIT,85.743354
208100,673,GS_01,telemetry_UAV_01,0.1,Optimized,"['GS_01', 'SAT_47643', 'UAV_01']",UAV_01,7.786165,19.947105,200,HIT,47.892236
208100,674,GS_01,telemetry_UAV_05,0.1,Optimized,"['GS_01', 'SAT_47643', 'UAV_05']",UAV_05,8.005964,19.552702,200,HIT,48.921025
208100,675,GS_01,telemetry_UAV_10,0.1,Optimized,"['GS_01', 'SAT_47643', 'UAV_10']",UAV_10,7.994695,11.902252,200,HIT,75.208864
209100,676,GS_01,telemetry_UAV_01,0.1,Optimized,"['GS_01', 'SAT_47643', 'UAV_01']",UAV_01,7.946344,13.336840,200,HIT,67.930568
209100,677,GS_01,telemetry_UAV_10,0.1,Optimized,"['GS_01', 'SAT_47643', 'UAV_10']",UAV_10,8.087921,16.204534,200,HIT,57.456820
209100,678,GS_01,telemetry_UAV_05,0.1,Optimized,"['GS_01', 'SAT_47643', 'UAV_05']",UAV_05,8.134259,14.798183,200,HIT,62.194949
210100,679,GS_01,telemetry_UAV_05,0.1,Optimized,"['GS_01', 'SAT_47643', 'UAV_05']",UAV_05,7.799286,12.297998,200,HIT,72.850525
210100,680,GS_01,telemetry_UAV_01,0.1,Optimized,"['GS_01', 'SAT_47643', 'UAV_01']",UAV_01,7.902714,12.069263,200,HIT,74.186794
210100,681,GS_01,telemetry_UAV_10,0.1,Optimized,"['GS_01', 'SAT_47643', 'UAV_10']",UAV_10,7.964508,13.895602,200,HIT,65.536681
211100,682,GS_01,telemetry_UAV_01,0.1,Optimized,"['GS_01', 'SAT_47643', 'UAV_01']",UAV_01,7.778203,13.918165,200,HIT,65.257046
211100,683,GS_01,telemetry_UAV_10,0.1,Optimized,"['GS_01', 'SAT_47643', 'UAV_10']",UAV_10,8.013018,12.365883,200,HIT,72.707145
211100,684,GS_01,telemetry_UAV_05,0.1,Optimized,"['GS_01', 'SAT_47643', 'UAV_05']",UAV_05,7.760312,13.079692,200,HIT,68.923831
212100,685,GS_01,telemetry_UAV_05,0.1,Optimized,"['GS_01', 'SAT_47643', 'UAV_05']",UAV_05,7.865240,10.334809,200,HIT,85.273541
212100,686,GS_01,telemetry_UAV_01,0.1,Optimized,"['GS_01', 'SAT_47643', 'UAV_01']",UAV_01,8.174162,18.129181,200,HIT,52.301913
212100,687,GS_01,telemetry_UAV_10,0.1,Optimized,"['GS_01', 'SAT_47643', 'UAV_10']",UAV_10,7.752401,18.606710,200,HIT,50.747642
213100,688,GS_01,telemetry_UAV_10,0.1,Optimized,"['GS_01', 'SAT_47643', 'UAV_10']",UAV_10,8.009398,10.104730,200,HIT,87.180244
213100,689,GS_01,telemetry_UAV_05,0.1,Optimized,"['GS_01', 'SAT_47643', 'UAV_05']",UAV_05,8.119321,17.776346,200,HIT,53.122944
213100,690,GS_01,telemetry_UAV_01,0.1,Optimized,"['GS_01', 'SAT_47643', 'UAV_01']",UAV_01,7.805527,19.636877,200,HIT,48.545202
214100,691,GS_01,telemetry_UAV_01,0.1,Optimized,"['GS_01', 'SAT_47643', 'UAV_01']",UAV_01,7.960073,15.493919,200,HIT,59.593231
214100,692,GS_01,telemetry_UAV_05,0.1,Optimized,"['GS_01', 'SAT_47643', 'UAV_05']",UAV_05,7.787366,11.682357,200,HIT,76.266695
214100,693,GS_01,telemetry_UAV_10,0.1,Optimized,"['GS_01', 'SAT_47643', 'UAV_10']",UAV_10,7.969494,15.388291,200,HIT,59.957073
215100,694,GS_01,telemetry_UAV_05,0.1,Optimized,"['GS_01', 'SAT_47643', 'UAV_05']",UAV_05,7.712625,18.615315,200,HIT,50.687991
215100,695,GS_01,telemetry_UAV_10,0.1,Optimized,"['GS_01', 'SAT_47643', 'UAV_10']",UAV_10,7.856256,17.605612,200,HIT,53.296313
215100,696,GS_01,telemetry_UAV_01,0.1,Optimized,"['GS_01', 'SAT_47643', 'UAV_01']",UAV_01,7.953001,14.064132,200,HIT,64.835290
216000,697,GS_01,telemetry_UAV_01,0.1,Optimized,"['GS_01', 'SAT_47643', 'UAV_01']",UAV_01,7.953428,15.245840,200,HIT,60.426760
216100,698,GS_01,telemetry_UAV_10,0.1,Optimized,"['GS_01', 'SAT_47643', 'UAV_10']",UAV_10,7.794803,18.323515,200,HIT,51.454547
216100,699,GS_01,telemetry_UAV_05,0.1,Optimized,"['GS_01', 'SAT_47643', 'UAV_05']",UAV_05,7.719639,11.001290,200,HIT,80.438383
217100,700,GS_01,telemetry_UAV_05,0.1,Optimized,"['GS_01', 'SAT_47643', 'UAV_05']",UAV_05,7.589971,14.591216,200,HIT,62.417478
217100,701,GS_01,telemetry_UAV_10,0.1,Optimized,"['GS_01', 'SAT_47643', 'UAV_10']",UAV_10,7.506211,18.805203,200,HIT,50.047629
217100,702,GS_01,telemetry_UAV_01,0.1,Optimized,"['GS_01', 'SAT_47643', 'UAV_01']",UAV_01,7.732855,15.805470,200,HIT,58.348245
218100,703,GS_01,telemetry_UAV_10,0.1,Optimized,"['GS_01', 'SAT_47643', 'UAV_10']",UAV_10,7.508625,14.658818,200,HIT,62.083283
218100,704,GS_01,telemetry_UAV_05,0.1,Optimized,"['GS_01', 'SAT_47643', 'UAV_05']",UAV_05,7.697124,15.360825,200,HIT,59.777659
218100,705,GS_01,telemetry_UAV_01,0.1,Optimized,"['GS_01', 'SAT_47643', 'UAV_01']",UAV_01,7.409473,14.789812,200,HIT,61.500762
219100,706,GS_01,telemetry_UAV_05,0.1,Optimized,"['GS_01', 'SAT_47643', 'UAV_05']",UAV_05,7.791089,13.551597,200,HIT,66.824720
219100,707,GS_01,telemetry_UAV_01,0.1,Optimized,"['GS_01', 'SAT_47643', 'UAV_01']",UAV_01,7.594935,17.949059,200,HIT,52.165517
219100,708,GS_01,telemetry_UAV_10,0.1,Optimized,"['GS_01', 'SAT_47643', 'UAV_10']",UAV_10,7.747760,15.142175,200,HIT,60.580329
220100,709,GS_01,telemetry_UAV_01,0.1,Optimized,"['GS_01', 'SAT_47643', 'UAV_01']",UAV_01,7.401426,10.251005,200,HIT,85.442551
220100,710,GS_01,telemetry_UAV_10,0.1,Optimized,"['GS_01', 'SAT_47643', 'UAV_10']",UAV_10,7.360956,19.261003,200,HIT,48.895657
220100,711,GS_01,telemetry_UAV_05,0.1,Optimized,"['GS_01', 'SAT_47643', 'UAV_05']",UAV_05,7.475464,10.270764,200,HIT,85.366455
221100,712,GS_01,telemetry_UAV_01,0.1,Optimized,"['GS_01', 'SAT_47643', 'UAV_01']",UAV_01,7.427456,11.074679,200,HIT,79.664315
221100,713,GS_01,telemetry_UAV_10,0.1,Optimized,"['GS_01', 'SAT_47643', 'UAV_10']",UAV_10,7.384175,17.075830,200,HIT,54.234021
221100,714,GS_01,telemetry_UAV_05,0.1,Optimized,"['GS_01', 'SAT_47643', 'UAV_05']",UAV_05,7.163929,19.187741,200,HIT,48.857216
222100,715,GS_01,telemetry_UAV_05,0.1,Optimized,"['GS_01', 'SAT_47643', 'UAV_05']",UAV_05,7.137274,18.833734,200,HIT,49.614247
222100,716,GS_01,telemetry_UAV_10,0.1,Optimized,"['GS_01', 'SAT_47643', 'UAV_10']",UAV_10,7.051623,12.685826,200,HIT,70.114129
222100,717,GS_01,telemetry_UAV_01,0.1,Optimized,"['GS_01', 'SAT_47643', 'UAV_01']",UAV_01,7.085038,18.516879,200,HIT,50.288863
223100,718,GS_01,telemetry_UAV_05,0.1,Optimized,"['GS_01', 'SAT_47643', 'UAV_05']",UAV_05,7.117440,18.984123,200,HIT,49.257917
223100,719,GS_01,telemetry_UAV_10,0.1,Optimized,"['GS_01', 'SAT_47643', 'UAV_10']",UAV_10,6.865474,11.103275,200,HIT,78.916290
223100,720,GS_01,telemetry_UAV_01,0.1,Optimized,"['GS_01', 'SAT_47643', 'UAV_01']",UAV_01,6.864026,11.275285,200,HIT,77.815673
224100,721,GS_01,telemetry_UAV_05,0.1,Optimized,"['GS_01', 'SAT_47643', 'UAV_05']",UAV_05,6.821063,16.187211,200,HIT,56.242794
224100,722,GS_01,telemetry_UAV_01,0.1,Optimized,"['GS_01', 'SAT_47643', 'UAV_01']",UAV_01,7.110143,14.484189,200,HIT,62.342785
224100,723,GS_01,telemetry_UAV_10,0.1,Optimized,"['GS_01', 'SAT_47643', 'UAV_10']",UAV_10,6.982913,13.714855,200,HIT,65.313825
225100,724,GS_01,telemetry_UAV_05,0.1,Optimized,"['GS_01', 'SAT_47643', 'UAV_05']",UAV_05,6.959182,12.340607,200,HIT,71.785814
225100,725,GS_01,telemetry_UAV_01,0.1,Optimized,"['GS_01', 'SAT_47643', 'UAV_01']",UAV_01,6.919001,10.776151,200,HIT,81.157010
225100,726,GS_01,telemetry_UAV_10,0.1,Optimized,"['GS_01', 'SAT_47643', 'UAV_10']",UAV_10,6.648893,15.312024,200,HIT,58.895414
226100,727,GS_01,telemetry_UAV_05,0.1,Optimized,"['GS_01', 'SAT_47643', 'UAV_05']",UAV_05,6.457641,19.425569,200,HIT,47.640476
226100,728,GS_01,telemetry_UAV_01,0.1,Optimized,"['GS_01', 'SAT_47643', 'UAV_01']",UAV_01,6.765123,17.443640,200,HIT,52.627110
226100,729,GS_01,telemetry_UAV_10,0.1,Optimized,"['GS_01', 'SAT_47643', 'UAV_10']",UAV_10,6.558682,11.812718,200,HIT,74.282298
227100,730,GS_01,telemetry_UAV_05,0.1,Optimized,"['GS_01', 'SAT_47643', 'UAV_05']",UAV_05,6.445748,12.563710,200,HIT,70.121205
227100,731,GS_01,telemetry_UAV_10,0.1,Optimized,"['GS_01', 'SAT_47643', 'UAV_10']",UAV_10,6.415985,11.300152,200,HIT,77.211495
227100,732,GS_01,telemetry_UAV_01,0.1,Optimized,"['GS_01', 'SAT_47643', 'UAV_01']",UAV_01,6.416870,17.997394,200,HIT,50.867751
228100,733,GS_01,telemetry_UAV_01,0.1,Optimized,"['GS_01', 'SAT_47643', 'UAV_01']",UAV_01,6.452373,12.556942,200,HIT,70.162153
228100,734,GS_01,telemetry_UAV_10,0.1,Optimized,"['GS_01', 'SAT_47643', 'UAV_10']",UAV_10,6.355824,11.990234,200,HIT,73.076793
228100,735,GS_01,telemetry_UAV_05,0.1,Optimized,"['GS_01', 'SAT_47643', 'UAV_05']",UAV_05,6.154129,18.989858,200,HIT,48.281879
229100,736,GS_01,telemetry_UAV_10,0.1,Optimized,"['GS_01', 'SAT_47643', 'UAV_10']",UAV_10,6.005896,12.332319,200,HIT,70.876098
229100,737,GS_01,telemetry_UAV_05,0.1,Optimized,"['GS_01', 'SAT_47643', 'UAV_05']",UAV_05,6.048994,17.044944,200,HIT,52.983734
229100,738,GS_01,telemetry_UAV_01,0.1,Optimized,"['GS_01', 'SAT_47643', 'UAV_01']",UAV_01,6.386014,11.813835,200,HIT,74.103228
230100,739,GS_01,telemetry_UAV_10,0.1,Optimized,"['GS_01', 'SAT_47643', 'UAV_10']",UAV_10,6.052315,12.700695,200,HIT,69.040994
230100,740,GS_01,telemetry_UAV_05,0.1,Optimized,"['GS_01', 'SAT_47643', 'UAV_05']",UAV_05,5.854941,15.867952,200,HIT,56.271026
230100,741,GS_01,telemetry_UAV_01,0.1,Optimized,"['GS_01', 'SAT_47643', 'UAV_01']",UAV_01,5.885764,19.524121,200,HIT,46.860719
231100,742,GS_01,telemetry_UAV_01,0.1,Optimized,"['GS_01', 'SAT_47643', 'UAV_01']",UAV_01,5.636312,16.953587,200,HIT,52.823966
231100,743,GS_01,telemetry_UAV_10,0.1,Optimized,"['GS_01', 'SAT_47643', 'UAV_10']",UAV_10,5.718273,14.705451,200,HIT,60.119866
231100,744,GS_01,telemetry_UAV_05,0.1,Optimized,"['GS_01', 'SAT_47643', 'UAV_05']",UAV_05,5.747629,11.665256,200,HIT,74.327352
232100,745,GS_01,telemetry_UAV_01,0.1,Optimized,"['GS_01', 'SAT_47643', 'UAV_01']",UAV_01,5.725696,15.896785,200,HIT,56.050338
232100,746,GS_01,telemetry_UAV_05,0.1,Optimized,"['GS_01', 'SAT_47643', 'UAV_05']",UAV_05,5.603501,19.115788,200,HIT,47.453725
232100,747,GS_01,telemetry_UAV_10,0.1,Optimized,"['GS_01', 'SAT_47643', 'UAV_10']",UAV_10,5.689120,17.082909,200,HIT,52.519552
233100,748,GS_01,telemetry_UAV_01,0.1,Optimized,"['GS_01', 'SAT_47643', 'UAV_01']",UAV_01,5.494650,17.692195,200,HIT,50.712328
233100,749,GS_01,telemetry_UAV_10,0.1,Optimized,"['GS_01', 'SAT_47643', 'UAV_10']",UAV_10,5.256090,18.568132,200,HIT,48.340661
233100,750,GS_01,telemetry_UAV_05,0.1,Optimized,"['GS_01', 'SAT_47643', 'UAV_05']",UAV_05,5.294580,17.259917,200,HIT,51.644744
234100,751,GS_01,telemetry_UAV_01,0.1,Optimized,"['GS_01', 'SAT_47643', 'UAV_01']",UAV_01,5.139615,10.251882,200,HIT,83.174070
234100,752,GS_01,telemetry_UAV_05,0.1,Optimized,"['GS_01', 'SAT_47643', 'UAV_05']",UAV_05,5.321110,12.372049,200,HIT,69.982995
234100,753,GS_01,telemetry_UAV_10,0.1,Optimized,"['GS_01', 'SAT_47643', 'UAV_10']",UAV_10,5.306647,12.901477,200,HIT,67.315051
235100,754,GS_01,telemetry_UAV_05,0.1,Optimized,"['GS_01', 'SAT_47643', 'UAV_05']",UAV_05,4.824537,14.126056,200,HIT,61.457473
235100,755,GS_01,telemetry_UAV_01,0.1,Optimized,"['GS_01', 'SAT_47643', 'UAV_01']",UAV_01,5.008139,15.817799,200,HIT,55.584076
235100,756,GS_01,telemetry_UAV_10,0.1,Optimized,"['GS_01', 'SAT_47643', 'UAV_10']",UAV_10,4.937584,18.789811,200,HIT,47.513851
236100,757,GS_01,telemetry_UAV_01,0.1,Optimized,"['GS_01', 'SAT_47643', 'UAV_01']",UAV_01,4.965736,14.165298,200,HIT,61.441779
236100,758,GS_01,telemetry_UAV_10,0.1,Optimized,"['GS_01', 'SAT_47643', 'UAV_10']",UAV_10,4.646327,13.134535,200,HIT,65.554460
236100,759,GS_01,telemetry_UAV_05,0.1,Optimized,"['GS_01', 'SAT_47643', 'UAV_05']",UAV_05,4.708318,11.760363,200,HIT,72.733426
237000,760,GS_01,telemetry_UAV_10,0.1,Optimized,"['GS_01', 'SAT_47643', 'UAV_10']",UAV_10,4.389347,10.300318,200,HIT,82.056851
237100,761,GS_01,telemetry_UAV_05,0.1,Optimized,"['GS_01', 'SAT_47643', 'UAV_05']",UAV_05,4.741982,15.405196,200,HIT,56.672514
237100,762,GS_01,telemetry_UAV_01,0.1,Optimized,"['GS_01', 'SAT_47643', 'UAV_01']",UAV_01,4.634364,13.731012,200,HIT,62.896638
238100,763,GS_01,telemetry_UAV_01,0.1,Optimized,"['GS_01', 'SAT_47643', 'UAV_01']",UAV_01,4.268458,16.004808,200,HIT,54.253438
238100,764,GS_01,telemetry_UAV_05,0.1,Optimized,"['GS_01', 'SAT_47643', 'UAV_05']",UAV_05,4.566307,19.714433,200,HIT,45.145714
238100,765,GS_01,telemetry_UAV_10,0.1,Optimized,"['GS_01', 'SAT_47643', 'UAV_10']",UAV_10,4.159884,15.225969,200,HIT,56.701696
239100,766,GS_01,telemetry_UAV_05,0.1,Optimized,"['GS_01', 'SAT_47643', 'UAV_05']",UAV_05,4.166053,11.595952,200,HIT,73.155646
239100,767,GS_01,telemetry_UAV_10,0.1,Optimized,"['GS_01', 'SAT_47643', 'UAV_10']",UAV_10,4.037920,16.370736,200,HIT,52.905606
239100,768,GS_01,telemetry_UAV_01,0.1,Optimized,"['GS_01', 'SAT_47643', 'UAV_01']",UAV_01,4.176323,12.651941,200,HIT,67.407729
240100,769,GS_01,telemetry_UAV_05,0.1,Optimized,"['GS_01', 'SAT_62474', 'UAV_05']",UAV_05,4.221490,14.787857,200,HIT,58.319931
240100,770,GS_01,telemetry_UAV_10,0.1,Optimized,"['GS_01', 'SAT_62474', 'UAV_10']",UAV_10,4.221633,16.778857,200,HIT,51.900684
240100,771,GS_01,telemetry_UAV_01,0.1,Optimized,"['GS_01', 'SAT_62474', 'UAV_01']",UAV_01,4.074067,12.584312,200,HIT,67.645284
241100,772,GS_01,telemetry_UAV_10,0.1,Optimized,"['GS_01', 'SAT_62474', 'UAV_10']",UAV_10,4.385477,17.751604,200,HIT,49.451827
241100,773,GS_01,telemetry_UAV_05,0.1,Optimized,"['GS_01', 'SAT_62474', 'UAV_05']",UAV_05,4.273421,12.755471,200,HIT,66.991605
241100,774,GS_01,telemetry_UAV_01,0.1,Optimized,"['GS_01', 'SAT_62474', 'UAV_01']",UAV_01,4.248647,19.888656,200,HIT,44.472582
242000,775,GS_01,telemetry_UAV_01,0.1,Optimized,"['GS_01', 'SAT_62474', 'UAV_01']",UAV_01,4.537841,11.839109,200,HIT,72.110496
242100,776,GS_01,telemetry_UAV_10,0.1,Optimized,"['GS_01', 'SAT_62474', 'UAV_10']",UAV_10,4.426470,10.210873,200,HIT,82.774323
242100,777,GS_01,telemetry_UAV_05,0.1,Optimized,"['GS_01', 'SAT_62474', 'UAV_05']",UAV_05,4.506764,14.871815,200,HIT,58.299796
243100,778,GS_01,telemetry_UAV_10,0.1,Optimized,"['GS_01', 'SAT_62474', 'UAV_10']",UAV_10,4.557729,13.355497,200,HIT,64.458158
243100,779,GS_01,telemetry_UAV_05,0.1,Optimized,"['GS_01', 'SAT_62474', 'UAV_05']",UAV_05,4.508110,11.314836,200,HIT,75.211740
243100,780,GS_01,telemetry_UAV_01,0.1,Optimized,"['GS_01', 'SAT_62474', 'UAV_01']",UAV_01,4.765330,19.555605,200,HIT,45.674317
244100,781,GS_01,telemetry_UAV_05,0.1,Optimized,"['GS_01', 'SAT_62474', 'UAV_05']",UAV_05,4.641643,13.537786,200,HIT,63.735501
244100,782,GS_01,telemetry_UAV_01,0.1,Optimized,"['GS_01', 'SAT_62474', 'UAV_01']",UAV_01,4.743950,18.925525,200,HIT,47.014903
244100,783,GS_01,telemetry_UAV_10,0.1,Optimized,"['GS_01', 'SAT_62474', 'UAV_10']",UAV_10,4.689466,17.994218,200,HIT,49.148191
245100,784,GS_01,telemetry_UAV_01,0.1,Optimized,"['GS_01', 'SAT_62474', 'UAV_01']",UAV_01,4.965207,12.554303,200,HIT,68.688377
245100,785,GS_01,telemetry_UAV_10,0.1,Optimized,"['GS_01', 'SAT_62474', 'UAV_10']",UAV_10,5.214360,13.727352,200,HIT,63.492169
245100,786,GS_01,telemetry_UAV_05,0.1,Optimized,"['GS_01', 'SAT_62474', 'UAV_05']",UAV_05,5.262908,15.877993,200,HIT,55.647109
246100,787,GS_01,telemetry_UAV_05,0.1,Optimized,"['GS_01', 'SAT_62474', 'UAV_05']",UAV_05,5.155292,19.641686,200,HIT,45.884994
246100,788,GS_01,telemetry_UAV_10,0.1,Optimized,"['GS_01', 'SAT_62474', 'UAV_10']",UAV_10,5.407670,16.561355,200,HIT,53.712897
246100,789,GS_01,telemetry_UAV_01,0.1,Optimized,"['GS_01', 'SAT_62474', 'UAV_01']",UAV_01,5.433643,18.023315,200,HIT,49.820595
247100,790,GS_01,telemetry_UAV_01,0.1,Optimized,"['GS_01', 'SAT_62474', 'UAV_01']",UAV_01,5.434821,17.448110,200,HIT,51.285060
247100,791,GS_01,telemetry_UAV_10,0.1,Optimized,"['GS_01', 'SAT_62474', 'UAV_10']",UAV_10,5.542699,16.807929,200,HIT,53.139284
247100,792,GS_01,telemetry_UAV_05,0.1,Optimized,"['GS_01', 'SAT_62474', 'UAV_05']",UAV_05,5.594008,16.412508,200,HIT,54.337319
248000,793,GS_01,telemetry_UAV_10,0.1,Optimized,"['GS_01', 'SAT_62474', 'UAV_10']",UAV_10,5.612662,11.746173,200,HIT,73.719953
248100,794,GS_01,telemetry_UAV_05,0.1,Optimized,"['GS_01', 'SAT_62474', 'UAV_05']",UAV_05,5.546023,10.804420,200,HIT,79.589795
248100,795,GS_01,telemetry_UAV_01,0.1,Optimized,"['GS_01', 'SAT_62474', 'UAV_01']",UAV_01,5.888821,11.370030,200,HIT,76.249233
249100,796,GS_01,telemetry_UAV_01,0.1,Optimized,"['GS_01', 'SAT_62474', 'UAV_01']",UAV_01,5.728903,11.422359,200,HIT,75.766973
249100,797,GS_01,telemetry_UAV_05,0.1,Optimized,"['GS_01', 'SAT_62474', 'UAV_05']",UAV_05,6.084395,14.386048,200,HIT,61.693829
249100,798,GS_01,telemetry_UAV_10,0.1,Optimized,"['GS_01', 'SAT_62474', 'UAV_10']",UAV_10,6.018743,15.797304,200,HIT,56.660297
250100,799,GS_01,telemetry_UAV_10,0.1,Optimized,"['GS_01', 'SAT_62474', 'UAV_10']",UAV_10,6.102848,16.329138,200,HIT,55.095023
250100,800,GS_01,telemetry_UAV_01,0.1,Optimized,"['GS_01', 'SAT_62474', 'UAV_01']",UAV_01,6.164168,19.338111,200,HIT,47.533254
250100,801,GS_01,telemetry_UAV_05,0.1,Optimized,"['GS_01', 'SAT_62474', 'UAV_05']",UAV_05,6.239011,14.354831,200,HIT,61.969379
251100,802,GS_01,telemetry_UAV_10,0.1,Optimized,"['GS_01', 'SAT_62474', 'UAV_10']",UAV_10,6.000230,12.250109,200,HIT,71.305772
251100,803,GS_01,telemetry_UAV_05,0.1,Optimized,"['GS_01', 'SAT_62474', 'UAV_05']",UAV_05,6.014432,11.231434,200,HIT,77.243089
251100,804,GS_01,telemetry_UAV_01,0.1,Optimized,"['GS_01', 'SAT_62474', 'UAV_01']",UAV_01,6.349795,10.662225,200,HIT,81.381040
252100,805,GS_01,telemetry_UAV_10,0.1,Optimized,"['GS_01', 'SAT_62474', 'UAV_10']",UAV_10,6.338109,11.092229,200,HIT,78.460670
252100,806,GS_01,telemetry_UAV_01,0.1,Optimized,"['GS_01', 'SAT_62474', 'UAV_01']",UAV_01,6.470051,17.897662,200,HIT,51.168626
252100,807,GS_01,telemetry_UAV_05,0.1,Optimized,"['GS_01', 'SAT_62474', 'UAV_05']",UAV_05,6.546364,13.520084,200,HIT,65.717592
253100,808,GS_01,telemetry_UAV_10,0.1,Optimized,"['GS_01', 'SAT_62474', 'UAV_10']",UAV_10,6.301653,18.356770,200,HIT,49.882305
253100,809,GS_01,telemetry_UAV_01,0.1,Optimized,"['GS_01', 'SAT_62474', 'UAV_01']",UAV_01,6.436249,17.342189,200,HIT,52.566526
253100,810,GS_01,telemetry_UAV_05,0.1,Optimized,"['GS_01', 'SAT_62474', 'UAV_05']",UAV_05,6.463710,16.227444,200,HIT,55.762908
254100,811,GS_01,telemetry_UAV_10,0.1,Optimized,"['GS_01', 'SAT_62474', 'UAV_10']",UAV_10,6.637404,19.782820,200,HIT,47.076531
254100,812,GS_01,telemetry_UAV_05,0.1,Optimized,"['GS_01', 'SAT_62474', 'UAV_05']",UAV_05,6.749414,11.621087,200,HIT,75.589791
254100,813,GS_01,telemetry_UAV_01,0.1,Optimized,"['GS_01', 'SAT_62474', 'UAV_01']",UAV_01,6.551631,12.859098,200,HIT,68.764392
255000,814,GS_01,telemetry_UAV_10,0.1,Optimized,"['GS_01', 'SAT_62474', 'UAV_10']",UAV_10,6.962319,16.402911,200,HIT,55.734150
255100,815,GS_01,telemetry_UAV_01,0.1,Optimized,"['GS_01', 'SAT_62474', 'UAV_01']",UAV_01,6.961847,14.434592,200,HIT,62.384264
255100,816,GS_01,telemetry_UAV_05,0.1,Optimized,"['GS_01', 'SAT_62474', 'UAV_05']",UAV_05,6.821096,12.065179,200,HIT,73.127614
256100,817,GS_01,telemetry_UAV_10,0.1,Optimized,"['GS_01', 'SAT_62474', 'UAV_10']",UAV_10,6.842008,19.908822,200,HIT,47.025200
256100,818,GS_01,telemetry_UAV_05,0.1,Optimized,"['GS_01', 'SAT_62474', 'UAV_05']",UAV_05,7.175962,10.455839,200,HIT,83.688237
256100,819,GS_01,telemetry_UAV_01,0.1,Optimized,"['GS_01', 'SAT_62474', 'UAV_01']",UAV_01,6.821184,10.964860,200,HIT,79.781534
257100,820,GS_01,telemetry_UAV_05,0.1,Optimized,"['GS_01', 'SAT_62474', 'UAV_05']",UAV_05,7.036308,12.671884,200,HIT,70.168197
257100,821,GS_01,telemetry_UAV_10,0.1,Optimized,"['GS_01', 'SAT_62474', 'UAV_10']",UAV_10,6.978059,11.632423,200,HIT,75.751351
257100,822,GS_01,telemetry_UAV_01,0.1,Optimized,"['GS_01', 'SAT_62474', 'UAV_01']",UAV_01,6.873978,14.376557,200,HIT,62.520127
258100,823,GS_01,telemetry_UAV_10,0.1,Optimized,"['GS_01', 'SAT_62474', 'UAV_10']",UAV_10,7.434540,19.239234,200,HIT,49.016237
258100,824,GS_01,telemetry_UAV_05,0.1,Optimized,"['GS_01', 'SAT_62474', 'UAV_05']",UAV_05,7.148524,18.852446,200,HIT,49.583335
258100,825,GS_01,telemetry_UAV_01,0.1,Optimized,"['GS_01', 'SAT_62474', 'UAV_01']",UAV_01,7.309687,17.695803,200,HIT,52.518147
259100,826,GS_01,telemetry_UAV_10,0.1,Optimized,"['GS_01', 'SAT_62474', 'UAV_10']",UAV_10,7.249920,12.016211,200,HIT,73.826645
259100,827,GS_01,telemetry_UAV_05,0.1,Optimized,"['GS_01', 'SAT_62474', 'UAV_05']",UAV_05,7.117471,19.343038,200,HIT,48.476020
259100,828,GS_01,telemetry_UAV_01,0.1,Optimized,"['GS_01', 'SAT_62474', 'UAV_01']",UAV_01,7.579489,19.793950,200,HIT,47.995879
260100,829,GS_01,telemetry_UAV_10,0.1,Optimized,"['GS_01', 'SAT_62474', 'UAV_10']",UAV_10,7.299675,17.060289,200,HIT,54.192199
260100,830,GS_01,telemetry_UAV_01,0.1,Optimized,"['GS_01', 'SAT_62474', 'UAV_01']",UAV_01,7.711098,18.540718,200,HIT,50.859374
260100,831,GS_01,telemetry_UAV_05,0.1,Optimized,"['GS_01', 'SAT_62474', 'UAV_05']",UAV_05,7.284510,18.992239,200,HIT,49.406980
261100,832,GS_01,telemetry_UAV_05,0.1,Optimized,"['GS_01', 'SAT_62474', 'UAV_05']",UAV_05,7.601086,14.103655,200,HIT,64.323973
261100,833,GS_01,telemetry_UAV_01,0.1,Optimized,"['GS_01', 'SAT_62474', 'UAV_01']",UAV_01,7.521641,14.395746,200,HIT,63.093612
261100,834,GS_01,telemetry_UAV_10,0.1,Optimized,"['GS_01', 'SAT_62474', 'UAV_10']",UAV_10,7.654148,15.530684,200,HIT,59.165081
262100,835,GS_01,telemetry_UAV_10,0.1,Optimized,"['GS_01', 'SAT_62474', 'UAV_10']",UAV_10,7.777081,11.671069,200,HIT,76.322643
262100,836,GS_01,telemetry_UAV_01,0.1,Optimized,"['GS_01', 'SAT_62474', 'UAV_01']",UAV_01,7.888661,17.276295,200,HIT,54.194885
262100,837,GS_01,telemetry_UAV_05,0.1,Optimized,"['GS_01', 'SAT_62474', 'UAV_05']",UAV_05,7.434572,16.974917,200,HIT,54.562931
263100,838,GS_01,telemetry_UAV_10,0.1,Optimized,"['GS_01', 'SAT_62474', 'UAV_10']",UAV_10,7.511473,19.258615,200,HIT,49.051324
263100,839,GS_01,telemetry_UAV_01,0.1,Optimized,"['GS_01', 'SAT_62474', 'UAV_01']",UAV_01,7.869676,14.362166,200,HIT,63.571581
263100,840,GS_01,telemetry_UAV_05,0.1,Optimized,"['GS_01', 'SAT_62474', 'UAV_05']",UAV_05,7.783688,10.556315,200,HIT,83.567712
264100,841,GS_01,telemetry_UAV_05,0.1,Optimized,"['GS_01', 'SAT_62474', 'UAV_05']",UAV_05,7.623681,15.965041,200,HIT,57.733167
264100,842,GS_01,telemetry_UAV_10,0.1,Optimized,"['GS_01', 'SAT_62474', 'UAV_10']",UAV_10,7.921437,14.161080,200,HIT,64.414302
264100,843,GS_01,telemetry_UAV_01,0.1,Optimized,"['GS_01', 'SAT_62474', 'UAV_01']",UAV_01,7.838562,10.453864,200,HIT,84.365291
265100,844,GS_01,telemetry_UAV_10,0.1,Optimized,"['GS_01', 'SAT_62474', 'UAV_10']",UAV_10,7.694676,10.605181,200,HIT,83.129503
265100,845,GS_01,telemetry_UAV_01,0.1,Optimized,"['GS_01', 'SAT_62474', 'UAV_01']",UAV_01,7.993726,19.069184,200,HIT,49.946230
265100,846,GS_01,telemetry_UAV_05,0.1,Optimized,"['GS_01', 'SAT_62474', 'UAV_05']",UAV_05,7.741915,12.117648,200,HIT,73.761327
266000,847,GS_01,telemetry_UAV_10,0.1,Optimized,"['GS_01', 'SAT_62474', 'UAV_10']",UAV_10,7.946073,12.290346,200,HIT,73.037811
266100,848,GS_01,telemetry_UAV_01,0.1,Optimized,"['GS_01', 'SAT_62474', 'UAV_01']",UAV_01,8.158400,11.534845,200,HIT,77.513474
266100,849,GS_01,telemetry_UAV_05,0.1,Optimized,"['GS_01', 'SAT_62474', 'UAV_05']",UAV_05,7.919597,13.702775,200,HIT,66.301934
267100,850,GS_01,telemetry_UAV_10,0.1,Optimized,"['GS_01', 'SAT_62474', 'UAV_10']",UAV_10,7.887220,15.442105,200,HIT,59.693630
267100,851,GS_01,telemetry_UAV_01,0.1,Optimized,"['GS_01', 'SAT_62474', 'UAV_01']",UAV_01,8.114458,17.356083,200,HIT,54.207806
267100,852,GS_01,telemetry_UAV_05,0.1,Optimized,"['GS_01', 'SAT_62474', 'UAV_05']",UAV_05,8.051266,10.719522,200,HIT,82.681458
268100,853,GS_01,telemetry_UAV_01,0.1,Optimized,"['GS_01', 'SAT_62474', 'UAV_01']",UAV_01,7.925914,16.904823,200,HIT,55.249687
268100,854,GS_01,telemetry_UAV_05,0.1,Optimized,"['GS_01', 'SAT_62474', 'UAV_05']",UAV_05,7.757902,10.339851,200,HIT,85.128459
268100,855,GS_01,telemetry_UAV_10,0.1,Optimized,"['GS_01', 'SAT_62474', 'UAV_10']",UAV_10,7.790294,18.256994,200,HIT,51.609119
269100,856,GS_01,telemetry_UAV_10,0.1,Optimized,"['GS_01', 'SAT_62474', 'UAV_10']",UAV_10,7.821625,18.533331,200,HIT,50.987099
269100,857,GS_01,telemetry_UAV_01,0.1,Optimized,"['GS_01', 'SAT_62474', 'UAV_01']",UAV_01,7.976368,15.124949,200,HIT,60.869108
269100,858,GS_01,telemetry_UAV_05,0.1,Optimized,"['GS_01', 'SAT_62474', 'UAV_05']",UAV_05,7.955077,12.570151,200,HIT,71.597909
270100,859,GS_01,telemetry_UAV_10,0.1,Optimized,"['GS_01', 'SAT_62474', 'UAV_10']",UAV_10,8.169103,13.625662,200,HIT,66.881848
270100,860,GS_01,telemetry_UAV_01,0.1,Optimized,"['GS_01', 'SAT_62474', 'UAV_01']",UAV_01,8.130946,19.162009,200,HIT,49.880223
270100,861,GS_01,telemetry_UAV_05,0.1,Optimized,"['GS_01', 'SAT_62474', 'UAV_05']",UAV_05,7.886637,14.229012,200,HIT,64.109794
271100,862,GS_01,telemetry_UAV_10,0.1,Optimized,"['GS_01', 'SAT_62474', 'UAV_10']",UAV_10,8.200000,16.241390,200,HIT,57.456868
271100,863,GS_01,telemetry_UAV_01,0.1,Optimized,"['GS_01', 'SAT_62474', 'UAV_01']",UAV_01,8.184207,16.483630,200,HIT,56.717205
271100,864,GS_01,telemetry_UAV_05,0.1,Optimized,"['GS_01', 'SAT_62474', 'UAV_05']",UAV_05,7.746804,10.425183,200,HIT,84.484068
272100,865,GS_01,telemetry_UAV_05,0.1,Optimized,"['GS_01', 'SAT_62474', 'UAV_05']",UAV_05,8.087385,13.053141,200,HIT,69.375315
272100,866,GS_01,telemetry_UAV_01,0.1,Optimized,"['GS_01', 'SAT_62474', 'UAV_01']",UAV_01,7.792653,19.540049,200,HIT,48.734207
272100,867,GS_01,telemetry_UAV_10,0.1,Optimized,"['GS_01', 'SAT_62474', 'UAV_10']",UAV_10,8.086820,14.303049,200,HIT,64.018952
273100,868,GS_01,telemetry_UAV_10,0.1,Optimized,"['GS_01', 'SAT_62474', 'UAV_10']",UAV_10,8.103182,13.882315,200,HIT,65.730459
273100,869,GS_01,telemetry_UAV_05,0.1,Optimized,"['GS_01', 'SAT_62474', 'UAV_05']",UAV_05,7.837088,12.226804,200,HIT,73.267105
273100,870,GS_01,telemetry_UAV_01,0.1,Optimized,"['GS_01', 'SAT_62474', 'UAV_01']",UAV_01,7.955466,17.450146,200,HIT,53.800353
274100,871,GS_01,telemetry_UAV_01,0.1,Optimized,"['GS_01', 'SAT_62474', 'UAV_01']",UAV_01,7.784041,15.681104,200,HIT,58.800858
274100,872,GS_01,telemetry_UAV_05,0.1,Optimized,"['GS_01', 'SAT_62474', 'UAV_05']",UAV_05,7.784991,13.928523,200,HIT,65.221086
274100,873,GS_01,telemetry_UAV_10,0.1,Optimized,"['GS_01', 'SAT_62474', 'UAV_10']",UAV_10,7.673134,11.605710,200,HIT,76.604719
275100,874,GS_01,telemetry_UAV_05,0.1,Optimized,"['GS_01', 'SAT_62474', 'UAV_05']",UAV_05,7.647094,15.665296,200,HIT,58.715393
275100,875,GS_01,telemetry_UAV_10,0.1,Optimized,"['GS_01', 'SAT_62474', 'UAV_10']",UAV_10,7.823934,15.084668,200,HIT,60.857914
275100,876,GS_01,telemetry_UAV_01,0.1,Optimized,"['GS_01', 'SAT_62474', 'UAV_01']",UAV_01,8.019770,18.892610,200,HIT,50.364370
276100,877,GS_01,telemetry_UAV_10,0.1,Optimized,"['GS_01', 'SAT_62474', 'UAV_10']",UAV_10,7.887999,11.538379,200,HIT,77.221827
276100,878,GS_01,telemetry_UAV_01,0.1,Optimized,"['GS_01', 'SAT_62474', 'UAV_01']",UAV_01,7.673026,14.071167,200,HIT,64.526875
276100,879,GS_01,telemetry_UAV_05,0.1,Optimized,"['GS_01', 'SAT_62474', 'UAV_05']",UAV_05,7.810216,17.416564,200,HIT,53.743502
277100,880,GS_01,telemetry_UAV_05,0.1,Optimized,"['GS_01', 'SAT_62474', 'UAV_05']",UAV_05,7.622216,10.630513,200,HIT,82.877285
277100,881,GS_01,telemetry_UAV_01,0.1,Optimized,"['GS_01', 'SAT_62474', 'UAV_01']",UAV_01,7.743403,13.489877,200,HIT,67.047129
277100,882,GS_01,telemetry_UAV_10,0.1,Optimized,"['GS_01', 'SAT_62474', 'UAV_10']",UAV_10,7.803144,11.088501,200,HIT,79.949955
278100,883,GS_01,telemetry_UAV_01,0.1,Optimized,"['GS_01', 'SAT_62474', 'UAV_01']",UAV_01,7.693965,18.184035,200,HIT,51.688601
278100,884,GS_01,telemetry_UAV_05,0.1,Optimized,"['GS_01', 'SAT_62474', 'UAV_05']",UAV_05,7.653617,10.136154,200,HIT,86.579017
278100,885,GS_01,telemetry_UAV_10,0.1,Optimized,"['GS_01', 'SAT_62474', 'UAV_10']",UAV_10,7.653056,13.684380,200,HIT,66.113872
279100,886,GS_01,telemetry_UAV_10,0.1,Optimized,"['GS_01', 'SAT_62474', 'UAV_10']",UAV_10,7.611700,17.256579,200,HIT,53.970831
279100,887,GS_01,telemetry_UAV_01,0.1,Optimized,"['GS_01', 'SAT_62474', 'UAV_01']",UAV_01,7.307003,19.328838,200,HIT,48.695936
279100,888,GS_01,telemetry_UAV_05,0.1,Optimized,"['GS_01', 'SAT_62474', 'UAV_05']",UAV_05,7.541808,12.253114,200,HIT,72.831332
280100,889,GS_01,telemetry_UAV_01,0.1,Optimized,"['GS_01', 'SAT_62474', 'UAV_01']",UAV_01,7.480462,13.833016,200,HIT,65.313114
280100,890,GS_01,telemetry_UAV_05,0.1,Optimized,"['GS_01', 'SAT_62474', 'UAV_05']",UAV_05,7.560336,13.363035,200,HIT,67.426976
280100,891,GS_01,telemetry_UAV_10,0.1,Optimized,"['GS_01', 'SAT_62474', 'UAV_10']",UAV_10,7.685129,13.727490,200,HIT,65.962351
281100,892,GS_01,telemetry_UAV_10,0.1,Optimized,"['GS_01', 'SAT_62474', 'UAV_10']",UAV_10,7.422970,10.637524,200,HIT,82.628440
281100,893,GS_01,telemetry_UAV_05,0.1,Optimized,"['GS_01', 'SAT_62474', 'UAV_05']",UAV_05,7.353818,17.974803,200,HIT,51.860565
281100,894,GS_01,telemetry_UAV_01,0.1,Optimized,"['GS_01', 'SAT_62474', 'UAV_01']",UAV_01,7.439240,16.830942,200,HIT,54.970746
282000,895,GS_01,telemetry_UAV_10,0.1,Optimized,"['GS_01', 'SAT_62474', 'UAV_10']",UAV_10,7.350904,19.267980,200,HIT,48.870565
282100,896,GS_01,telemetry_UAV_01,0.1,Optimized,"['GS_01', 'SAT_62474', 'UAV_01']",UAV_01,7.302855,13.001454,200,HIT,68.834434
282100,897,GS_01,telemetry_UAV_05,0.1,Optimized,"['GS_01', 'SAT_62474', 'UAV_05']",UAV_05,7.429471,16.858006,200,HIT,54.884670
283100,898,GS_01,telemetry_UAV_01,0.1,Optimized,"['GS_01', 'SAT_62474', 'UAV_01']",UAV_01,7.272169,13.283933,200,HIT,67.495295
283100,899,GS_01,telemetry_UAV_05,0.1,Optimized,"['GS_01', 'SAT_62474', 'UAV_05']",UAV_05,7.240468,15.707765,200,HIT,58.170693
283100,900,GS_01,telemetry_UAV_10,0.1,Optimized,"['GS_01', 'SAT_62474', 'UAV_10']",UAV_10,7.316034,11.584171,200,HIT,76.375785
284100,901,GS_01,telemetry_UAV_10,0.1,Optimized,"['GS_01', 'SAT_62474', 'UAV_10']",UAV_10,6.978631,10.518695,200,HIT,83.033696
284100,902,GS_01,telemetry_UAV_05,0.1,Optimized,"['GS_01', 'SAT_62474', 'UAV_05']",UAV_05,7.000779,17.145043,200,HIT,53.661496
284100,903,GS_01,telemetry_UAV_01,0.1,Optimized,"['GS_01', 'SAT_62474', 'UAV_01']",UAV_01,7.042934,19.098478,200,HIT,48.931089
285100,904,GS_01,telemetry_UAV_01,0.1,Optimized,"['GS_01', 'SAT_62474', 'UAV_01']",UAV_01,6.565649,16.835630,200,HIT,54.083918
285100,905,GS_01,telemetry_UAV_05,0.1,Optimized,"['GS_01', 'SAT_62474', 'UAV_05']",UAV_05,6.689252,10.978589,200,HIT,79.558361
285100,906,GS_01,telemetry_UAV_10,0.1,Optimized,"['GS_01', 'SAT_62474', 'UAV_10']",UAV_10,7.014651,12.456957,200,HIT,71.235791
286100,907,GS_01,telemetry_UAV_10,0.1,Optimized,"['GS_01', 'SAT_62474', 'UAV_10']",UAV_10,6.716320,19.811303,200,HIT,47.097308
286100,908,GS_01,telemetry_UAV_05,0.1,Optimized,"['GS_01', 'SAT_62474', 'UAV_05']",UAV_05,6.542156,19.592279,200,HIT,47.374568
286100,909,GS_01,telemetry_UAV_01,0.1,Optimized,"['GS_01', 'SAT_62474', 'UAV_01']",UAV_01,6.651013,10.093048,200,HIT,85.913492
287100,910,GS_01,telemetry_UAV_05,0.1,Optimized,"['GS_01', 'SAT_62474', 'UAV_05']",UAV_05,6.254772,15.374299,200,HIT,58.289664
287100,911,GS_01,telemetry_UAV_10,0.1,Optimized,"['GS_01', 'SAT_62474', 'UAV_10']",UAV_10,6.337429,13.380133,200,HIT,66.127569
287100,912,GS_01,telemetry_UAV_01,0.1,Optimized,"['GS_01', 'SAT_62474', 'UAV_01']",UAV_01,6.660780,12.176748,200,HIT,72.359765
288100,913,GS_01,telemetry_UAV_05,0.1,Optimized,"['GS_01', 'SAT_62474', 'UAV_05']",UAV_05,6.104314,17.948312,200,HIT,50.676750
288100,914,GS_01,telemetry_UAV_10,0.1,Optimized,"['GS_01', 'SAT_62474', 'UAV_10']",UAV_10,6.375559,10.284702,200,HIT,84.160992
288100,915,GS_01,telemetry_UAV_01,0.1,Optimized,"['GS_01', 'SAT_62474', 'UAV_01']",UAV_01,6.511221,14.181887,200,HIT,62.921202
289100,916,GS_01,telemetry_UAV_10,0.1,Optimized,"['GS_01', 'SAT_62474', 'UAV_10']",UAV_10,6.127445,10.575905,200,HIT,81.771088
289100,917,GS_01,telemetry_UAV_05,0.1,Optimized,"['GS_01', 'SAT_62474', 'UAV_05']",UAV_05,6.141107,18.689291,200,HIT,48.946369
289100,918,GS_01,telemetry_UAV_01,0.1,Optimized,"['GS_01', 'SAT_62474', 'UAV_01']",UAV_01,6.057377,17.053197,200,HIT,52.969401
290100,919,GS_01,telemetry_UAV_05,0.1,Optimized,"['GS_01', 'SAT_62474', 'UAV_05']",UAV_05,6.000506,13.997153,200,HIT,63.154986
290100,920,GS_01,telemetry_UAV_10,0.1,Optimized,"['GS_01', 'SAT_62474', 'UAV_10']",UAV_10,5.774469,16.900726,200,HIT,53.109715
290100,921,GS_01,telemetry_UAV_01,0.1,Optimized,"['GS_01', 'SAT_62474', 'UAV_01']",UAV_01,5.876658,11.128390,200,HIT,77.764861
291100,922,GS_01,telemetry_UAV_01,0.1,Optimized,"['GS_01', 'SAT_62474', 'UAV_01']",UAV_01,5.685646,17.897095,200,HIT,50.385638
291100,923,GS_01,telemetry_UAV_10,0.1,Optimized,"['GS_01', 'SAT_62474', 'UAV_10']",UAV_10,5.585821,16.118523,200,HIT,55.218161
291100,924,GS_01,telemetry_UAV_05,0.1,Optimized,"['GS_01', 'SAT_62474', 'UAV_05']",UAV_05,5.606282,14.190526,200,HIT,61.981923
292100,925,GS_01,telemetry_UAV_05,0.1,Optimized,"['GS_01', 'SAT_62474', 'UAV_05']",UAV_05,5.669674,18.251024,200,HIT,49.502830
292100,926,GS_01,telemetry_UAV_01,0.1,Optimized,"['GS_01', 'SAT_62474', 'UAV_01']",UAV_01,5.618275,12.509309,200,HIT,69.570647
292100,927,GS_01,telemetry_UAV_10,0.1,Optimized,"['GS_01', 'SAT_62474', 'UAV_10']",UAV_10,5.709149,19.338069,200,HIT,47.078327
293100,928,GS_01,telemetry_UAV_05,0.1,Optimized,"['GS_01', 'SAT_62474', 'UAV_05']",UAV_05,5.326494,18.121625,200,HIT,49.472646
293100,929,GS_01,telemetry_UAV_10,0.1,Optimized,"['GS_01', 'SAT_62474', 'UAV_10']",UAV_10,5.385653,19.588198,200,HIT,46.226572
293100,930,GS_01,telemetry_UAV_01,0.1,Optimized,"['GS_01', 'SAT_62474', 'UAV_01']",UAV_01,5.268499,14.323417,200,HIT,61.121094
294100,931,GS_01,telemetry_UAV_01,0.1,Optimized,"['GS_01', 'SAT_62474', 'UAV_01']",UAV_01,5.030604,17.564029,200,HIT,50.578241
294100,932,GS_01,telemetry_UAV_05,0.1,Optimized,"['GS_01', 'SAT_62474', 'UAV_05']",UAV_05,4.989867,11.177807,200,HIT,76.560259
294100,933,GS_01,telemetry_UAV_10,0.1,Optimized,"['GS_01', 'SAT_62474', 'UAV_10']",UAV_10,5.357218,15.190601,200,HIT,58.021361
295100,934,GS_01,telemetry_UAV_05,0.1,Optimized,"['GS_01', 'SAT_62474', 'UAV_05']",UAV_05,5.156466,13.532132,200,HIT,64.275015
295100,935,GS_01,telemetry_UAV_10,0.1,Optimized,"['GS_01', 'SAT_62474', 'UAV_10']",UAV_10,4.950694,10.902792,200,HIT,78.326394
295100,936,GS_01,telemetry_UAV_01,0.1,Optimized,"['GS_01', 'SAT_62474', 'UAV_01']",UAV_01,5.123189,12.462781,200,HIT,69.314320
296100,937,GS_01,telemetry_UAV_01,0.1,Optimized,"['GS_01', 'SAT_62474', 'UAV_01']",UAV_01,4.843065,14.720723,200,HIT,59.188221
296100,938,GS_01,telemetry_UAV_05,0.1,Optimized,"['GS_01', 'SAT_62474', 'UAV_05']",UAV_05,5.045570,17.335198,200,HIT,51.194452
296100,939,GS_01,telemetry_UAV_10,0.1,Optimized,"['GS_01', 'SAT_62474', 'UAV_10']",UAV_10,4.675942,10.849363,200,HIT,78.412992
297100,940,GS_01,telemetry_UAV_05,0.1,Optimized,"['GS_01', 'SAT_62474', 'UAV_05']",UAV_05,4.773631,10.160163,200,HIT,83.512524
297100,941,GS_01,telemetry_UAV_01,0.1,Optimized,"['GS_01', 'SAT_62474', 'UAV_01']",UAV_01,4.419491,10.109818,200,HIT,83.550490
297100,942,GS_01,telemetry_UAV_10,0.1,Optimized,"['GS_01', 'SAT_62474', 'UAV_10']",UAV_10,4.389395,19.237408,200,HIT,45.975039
298100,943,GS_01,telemetry_UAV_01,0.1,Optimized,"['GS_01', 'SAT_62474', 'UAV_01']",UAV_01,4.596056,17.504301,200,HIT,50.299108
298100,944,GS_01,telemetry_UAV_10,0.1,Optimized,"['GS_01', 'SAT_62474', 'UAV_10']",UAV_10,4.169819,19.065557,200,HIT,46.130303
298100,945,GS_01,telemetry_UAV_05,0.1,Optimized,"['GS_01', 'SAT_62474', 'UAV_05']",UAV_05,4.402159,11.265792,200,HIT,75.413590
299100,946,GS_01,telemetry_UAV_05,0.1,Optimized,"['GS_01', 'SAT_62474', 'UAV_05']",UAV_05,4.286691,11.653156,200,HIT,72.937623
299100,947,GS_01,telemetry_UAV_10,0.1,Optimized,"['GS_01', 'SAT_62474', 'UAV_10']",UAV_10,4.013107,14.214468,200,HIT,60.293790
299100,948,GS_01,telemetry_UAV_01,0.1,Optimized,"['GS_01', 'SAT_62474', 'UAV_01']",UAV_01,4.302330,19.460181,200,HIT,45.411916
300100,949,GS_01,telemetry_UAV_05,0.1,Optimized,"['GS_01', 'SAT_62474', 'UAV_05']",UAV_05,3.966262,10.783863,200,HIT,78.151181
300100,950,GS_01,telemetry_UAV_10,0.1,Optimized,"['GS_01', 'SAT_62474', 'UAV_10']",UAV_10,3.966933,16.273358,200,HIT,53.127039
300100,951,GS_01,telemetry_UAV_01,0.1,Optimized,"['GS_01', 'SAT_62474', 'UAV_01']",UAV_01,3.933410,15.974118,200,HIT,54.014422
301100,952,GS_01,telemetry_UAV_10,0.1,Optimized,"['GS_01', 'SAT_62474', 'UAV_10']",UAV_10,4.345455,14.255103,200,HIT,60.465710
301100,953,GS_01,telemetry_UAV_05,0.1,Optimized,"['GS_01', 'SAT_62474', 'UAV_05']",UAV_05,4.189675,16.988285,200,HIT,51.280951
301100,954,GS_01,telemetry_UAV_01,0.1,Optimized,"['GS_01', 'SAT_62474', 'UAV_01']",UAV_01,4.158339,13.028821,200,HIT,65.560670
302000,955,GS_01,telemetry_UAV_10,0.1,Optimized,"['GS_01', 'SAT_62474', 'UAV_10']",UAV_10,4.582966,11.517130,200,HIT,74.044717
302100,956,GS_01,telemetry_UAV_01,0.1,Optimized,"['GS_01', 'SAT_62474', 'UAV_01']",UAV_01,4.307691,15.347043,200,HIT,56.434998
302100,957,GS_01,telemetry_UAV_05,0.1,Optimized,"['GS_01', 'SAT_62474', 'UAV_05']",UAV_05,4.594425,10.636211,200,HIT,79.809180
303100,958,GS_01,telemetry_UAV_05,0.1,Optimized,"['GS_01', 'SAT_62474', 'UAV_05']",UAV_05,4.815989,14.363786,200,HIT,60.511610
303100,959,GS_01,telemetry_UAV_01,0.1,Optimized,"['GS_01', 'SAT_62474', 'UAV_01']",UAV_01,4.735788,11.975360,200,HIT,71.539627
303100,960,GS_01,telemetry_UAV_10,0.1,Optimized,"['GS_01', 'SAT_62474', 'UAV_10']",UAV_10,4.454984,18.245935,200,HIT,48.300367
304100,961,GS_01,telemetry_UAV_01,0.1,Optimized,"['GS_01', 'SAT_62474', 'UAV_01']",UAV_01,4.939722,13.656427,200,HIT,63.520199
304100,962,GS_01,telemetry_UAV_10,0.1,Optimized,"['GS_01', 'SAT_62474', 'UAV_10']",UAV_10,4.644299,14.171304,200,HIT,61.096407
304100,963,GS_01,telemetry_UAV_05,0.1,Optimized,"['GS_01', 'SAT_62474', 'UAV_05']",UAV_05,4.789482,16.515853,200,HIT,53.227793
305100,964,GS_01,telemetry_UAV_10,0.1,Optimized,"['GS_01', 'SAT_62474', 'UAV_10']",UAV_10,5.052104,13.161046,200,HIT,65.837545
305100,965,GS_01,telemetry_UAV_01,0.1,Optimized,"['GS_01', 'SAT_62474', 'UAV_01']",UAV_01,5.086345,11.585352,200,HIT,74.139061
305100,966,GS_01,telemetry_UAV_05,0.1,Optimized,"['GS_01', 'SAT_62474', 'UAV_05']",UAV_05,5.278978,19.058897,200,HIT,47.254125
306100,967,GS_01,telemetry_UAV_05,0.1,Optimized,"['GS_01', 'SAT_62474', 'UAV_05']",UAV_05,5.251533,11.705059,200,HIT,73.598046
306100,968,GS_01,telemetry_UAV_01,0.1,Optimized,"['GS_01', 'SAT_62474', 'UAV_01']",UAV_01,5.419252,14.529116,200,HIT,60.481102
306100,969,GS_01,telemetry_UAV_10,0.1,Optimized,"['GS_01', 'SAT_62474', 'UAV_10']",UAV_10,5.207890,14.133988,200,HIT,61.809040
307100,970,GS_01,telemetry_UAV_10,0.1,Optimized,"['GS_01', 'SAT_62474', 'UAV_10']",UAV_10,5.450017,11.336397,200,HIT,76.019176
307100,971,GS_01,telemetry_UAV_05,0.1,Optimized,"['GS_01', 'SAT_62474', 'UAV_05']",UAV_05,5.336737,11.802102,200,HIT,73.121271
307100,972,GS_01,telemetry_UAV_01,0.1,Optimized,"['GS_01', 'SAT_62474', 'UAV_01']",UAV_01,5.269366,14.655214,200,HIT,59.857448
308100,973,GS_01,telemetry_UAV_10,0.1,Optimized,"['GS_01', 'SAT_62474', 'UAV_10']",UAV_10,5.536888,15.869111,200,HIT,55.949289
308100,974,GS_01,telemetry_UAV_05,0.1,Optimized,"['GS_01', 'SAT_62474', 'UAV_05']",UAV_05,5.882572,17.734311,200,HIT,50.992866
308100,975,GS_01,telemetry_UAV_01,0.1,Optimized,"['GS_01', 'SAT_62474', 'UAV_01']",UAV_01,5.736445,14.485142,200,HIT,60.965450
309100,976,GS_01,telemetry_UAV_01,0.1,Optimized,"['GS_01', 'SAT_62474', 'UAV_01']",UAV_01,6.049382,10.388358,200,HIT,83.058669
309100,977,GS_01,telemetry_UAV_10,0.1,Optimized,"['GS_01', 'SAT_62474', 'UAV_10']",UAV_10,5.912526,11.546643,200,HIT,75.196731
309100,978,GS_01,telemetry_UAV_05,0.1,Optimized,"['GS_01', 'SAT_62474', 'UAV_05']",UAV_05,6.081079,19.875435,200,HIT,46.331770
310100,979,GS_01,telemetry_UAV_01,0.1,Optimized,"['GS_01', 'SAT_62474', 'UAV_01']",UAV_01,6.029673,10.769969,200,HIT,80.310299
310100,980,GS_01,telemetry_UAV_10,0.1,Optimized,"['GS_01', 'SAT_62474', 'UAV_10']",UAV_10,6.265283,10.645616,200,HIT,81.413585
310100,981,GS_01,telemetry_UAV_05,0.1,Optimized,"['GS_01', 'SAT_62474', 'UAV_05']",UAV_05,6.258480,14.711795,200,HIT,60.636617
311100,982,GS_01,telemetry_UAV_10,0.1,Optimized,"['GS_01', 'SAT_62474', 'UAV_10']",UAV_10,6.147640,12.758065,200,HIT,68.853073
311100,983,GS_01,telemetry_UAV_05,0.1,Optimized,"['GS_01', 'SAT_62474', 'UAV_05']",UAV_05,6.073197,10.975871,200,HIT,78.960351
311100,984,GS_01,telemetry_UAV_01,0.1,Optimized,"['GS_01', 'SAT_62474', 'UAV_01']",UAV_01,6.356811,18.444793,200,HIT,49.729486
312100,985,GS_01,telemetry_UAV_05,0.1,Optimized,"['GS_01', 'SAT_62474', 'UAV_05']",UAV_05,6.183419,10.361240,200,HIT,83.394257
312100,986,GS_01,telemetry_UAV_10,0.1,Optimized,"['GS_01', 'SAT_62474', 'UAV_10']",UAV_10,6.316670,18.158286,200,HIT,50.373692
312100,987,GS_01,telemetry_UAV_01,0.1,Optimized,"['GS_01', 'SAT_62474', 'UAV_01']",UAV_01,6.597177,15.717983,200,HIT,57.494292
313100,988,GS_01,telemetry_UAV_10,0.1,Optimized,"['GS_01', 'SAT_62474', 'UAV_10']",UAV_10,6.453317,14.377143,200,HIT,62.097194
313100,989,GS_01,telemetry_UAV_05,0.1,Optimized,"['GS_01', 'SAT_62474', 'UAV_05']",UAV_05,6.578053,14.487244,200,HIT,61.799044
313100,990,GS_01,telemetry_UAV_01,0.1,Optimized,"['GS_01', 'SAT_62474', 'UAV_01']",UAV_01,6.576970,10.098954,200,HIT,85.793092
314100,991,GS_01,telemetry_UAV_05,0.1,Optimized,"['GS_01', 'SAT_62474', 'UAV_05']",UAV_05,6.557780,14.770788,200,HIT,60.718735
314100,992,GS_01,telemetry_UAV_01,0.1,Optimized,"['GS_01', 'SAT_62474', 'UAV_01']",UAV_01,6.512629,15.621370,200,HIT,57.724526
314100,993,GS_01,telemetry_UAV_10,0.1,Optimized,"['GS_01', 'SAT_62474', 'UAV_10']",UAV_10,6.560287,10.626030,200,HIT,81.847103
315100,994,GS_01,telemetry_UAV_10,0.1,Optimized,"['GS_01', 'SAT_62474', 'UAV_10']",UAV_10,6.730058,17.038845,200,HIT,53.681597
315100,995,GS_01,telemetry_UAV_01,0.1,Optimized,"['GS_01', 'SAT_62474', 'UAV_01']",UAV_01,6.865426,19.373416,200,HIT,48.159125
315100,996,GS_01,telemetry_UAV_05,0.1,Optimized,"['GS_01', 'SAT_62474', 'UAV_05']",UAV_05,7.079403,16.779776,200,HIT,54.755843
316000,997,GS_01,telemetry_UAV_05,0.1,Optimized,"['GS_01', 'SAT_62474', 'UAV_05']",UAV_05,6.913791,16.373295,200,HIT,55.773840
316100,998,GS_01,telemetry_UAV_01,0.1,Optimized,"['GS_01', 'SAT_62474', 'UAV_01']",UAV_01,6.739326,11.314365,200,HIT,77.445902
316100,999,GS_01,telemetry_UAV_10,0.1,Optimized,"['GS_01', 'SAT_62474', 'UAV_10']",UAV_10,7.230038,16.216623,200,HIT,56.562133
317100,1000,GS_01,telemetry_UAV_01,0.1,Optimized,"['GS_01', 'SAT_62474', 'UAV_01']",UAV_01,7.017758,10.860192,200,HIT,80.681279
317100,1001,GS_01,telemetry_UAV_10,0.1,Optimized,"['GS_01', 'SAT_62474', 'UAV_10']",UAV_10,7.018823,14.590432,200,HIT,61.849275
317100,1002,GS_01,telemetry_UAV_05,0.1,Optimized,"['GS_01', 'SAT_62474', 'UAV_05']",UAV_05,7.115562,14.192262,200,HIT,63.484306
318100,1003,GS_01,telemetry_UAV_05,0.1,Optimized,"['GS_01', 'SAT_62474', 'UAV_05']",UAV_05,7.293331,17.911301,200,HIT,51.957868
318100,1004,GS_01,telemetry_UAV_01,0.1,Optimized,"['GS_01', 'SAT_62474', 'UAV_01']",UAV_01,7.314793,17.121884,200,HIT,54.038623
318100,1005,GS_01,telemetry_UAV_10,0.1,Optimized,"['GS_01', 'SAT_62474', 'UAV_10']",UAV_10,7.420701,19.110083,200,HIT,49.283418
319100,1006,GS_01,telemetry_UAV_01,0.1,Optimized,"['GS_01', 'SAT_62474', 'UAV_01']",UAV_01,7.414636,13.360172,200,HIT,67.294103
319100,1007,GS_01,telemetry_UAV_10,0.1,Optimized,"['GS_01', 'SAT_62474', 'UAV_10']",UAV_10,7.505693,16.020915,200,HIT,57.440420
319100,1008,GS_01,telemetry_UAV_05,0.1,Optimized,"['GS_01', 'SAT_62474', 'UAV_05']",UAV_05,7.534514,18.910174,200,HIT,49.839784
320100,1009,GS_01,telemetry_UAV_10,0.1,Optimized,"['GS_01', 'SAT_62474', 'UAV_10']",UAV_10,7.273924,14.305014,200,HIT,63.198372
320100,1010,GS_01,telemetry_UAV_01,0.1,Optimized,"['GS_01', 'SAT_62474', 'UAV_01']",UAV_01,7.565904,11.530312,200,HIT,76.948243
320100,1011,GS_01,telemetry_UAV_05,0.1,Optimized,"['GS_01', 'SAT_62474', 'UAV_05']",UAV_05,7.492698,18.545701,200,HIT,50.629380
321100,1012,GS_01,telemetry_UAV_10,0.1,Optimized,"['GS_01', 'SAT_62474', 'UAV_10']",UAV_10,7.594703,17.599078,200,HIT,53.051630
321100,1013,GS_01,telemetry_UAV_05,0.1,Optimized,"['GS_01', 'SAT_62474', 'UAV_05']",UAV_05,7.588012,12.928497,200,HIT,69.466819
321100,1014,GS_01,telemetry_UAV_01,0.1,Optimized,"['GS_01', 'SAT_62474', 'UAV_01']",UAV_01,7.417442,19.878998,200,HIT,47.660920
322100,1015,GS_01,telemetry_UAV_10,0.1,Optimized,"['GS_01', 'SAT_62474', 'UAV_10']",UAV_10,7.512534,10.957216,200,HIT,80.523778
322100,1016,GS_01,telemetry_UAV_01,0.1,Optimized,"['GS_01', 'SAT_62474', 'UAV_01']",UAV_01,7.708835,17.871899,200,HIT,52.471846
322100,1017,GS_01,telemetry_UAV_05,0.1,Optimized,"['GS_01', 'SAT_62474', 'UAV_05']",UAV_05,7.705678,11.637186,200,HIT,76.450821
323100,1018,GS_01,telemetry_UAV_01,0.1,Optimized,"['GS_01', 'SAT_62474', 'UAV_01']",UAV_01,7.930033,18.368810,200,HIT,51.482119
323100,1019,GS_01,telemetry_UAV_10,0.1,Optimized,"['GS_01', 'SAT_62474', 'UAV_10']",UAV_10,7.618353,18.011097,200,HIT,52.035415
323100,1020,GS_01,telemetry_UAV_05,0.1,Optimized,"['GS_01', 'SAT_62474', 'UAV_05']",UAV_05,7.756149,13.855229,200,HIT,65.496083
324100,1021,GS_01,telemetry_UAV_01,0.1,Optimized,"['GS_01', 'SAT_62474', 'UAV_01']",UAV_01,7.829654,10.252349,200,HIT,85.860550
324100,1022,GS_01,telemetry_UAV_10,0.1,Optimized,"['GS_01', 'SAT_62474', 'UAV_10']",UAV_10,7.651023,14.481392,200,HIT,62.894329
324100,1023,GS_01,telemetry_UAV_05,0.1,Optimized,"['GS_01', 'SAT_62474', 'UAV_05']",UAV_05,8.043695,18.776011,200,HIT,50.651255
325100,1024,GS_01,telemetry_UAV_10,0.1,Optimized,"['GS_01', 'SAT_62474', 'UAV_10']",UAV_10,7.657142,10.262789,200,HIT,85.608663
325100,1025,GS_01,telemetry_UAV_01,0.1,Optimized,"['GS_01', 'SAT_62474', 'UAV_01']",UAV_01,7.658091,18.987689,200,HIT,49.790654
325100,1026,GS_01,telemetry_UAV_05,0.1,Optimized,"['GS_01', 'SAT_62474', 'UAV_05']",UAV_05,7.743206,14.825541,200,HIT,61.704139
326100,1027,GS_01,telemetry_UAV_01,0.1,Optimized,"['GS_01', 'SAT_62474', 'UAV_01']",UAV_01,7.795458,10.887304,200,HIT,81.275542
326100,1028,GS_01,telemetry_UAV_05,0.1,Optimized,"['GS_01', 'SAT_62474', 'UAV_05']",UAV_05,7.797099,19.856351,200,HIT,48.086475
326100,1029,GS_01,telemetry_UAV_10,0.1,Optimized,"['GS_01', 'SAT_62474', 'UAV_10']",UAV_10,8.070637,14.189037,200,HIT,64.452195
327100,1030,GS_01,telemetry_UAV_05,0.1,Optimized,"['GS_01', 'SAT_62474', 'UAV_05']",UAV_05,7.912183,12.953437,200,HIT,69.671856
327100,1031,GS_01,telemetry_UAV_10,0.1,Optimized,"['GS_01', 'SAT_62474', 'UAV_10']",UAV_10,7.918401,11.177995,200,HIT,79.487589
327100,1032,GS_01,telemetry_UAV_01,0.1,Optimized,"['GS_01', 'SAT_62474', 'UAV_01']",UAV_01,8.176173,13.715193,200,HIT,66.505646
328000,1033,GS_01,telemetry_UAV_10,0.1,Optimized,"['GS_01', 'SAT_62474', 'UAV_10']",UAV_10,7.901155,11.338548,200,HIT,78.456928
328100,1034,GS_01,telemetry_UAV_05,0.1,Optimized,"['GS_01', 'SAT_62474', 'UAV_05']",UAV_05,8.175070,17.037522,200,HIT,55.130254
328100,1035,GS_01,telemetry_UAV_01,0.1,Optimized,"['GS_01', 'SAT_62474', 'UAV_01']",UAV_01,7.963645,12.250023,200,HIT,73.269643
329100,1036,GS_01,telemetry_UAV_01,0.1,Optimized,"['GS_01', 'SAT_62474', 'UAV_01']",UAV_01,8.200000,11.389465,200,HIT,78.440347
329100,1037,GS_01,telemetry_UAV_05,0.1,Optimized,"['GS_01', 'SAT_62474', 'UAV_05']",UAV_05,7.938236,10.964742,200,HIT,80.899366
329100,1038,GS_01,telemetry_UAV_10,0.1,Optimized,"['GS_01', 'SAT_62474', 'UAV_10']",UAV_10,7.777426,11.690289,200,HIT,76.210295
330100,1039,GS_01,telemetry_UAV_05,0.1,Optimized,"['GS_01', 'SAT_60935', 'UAV_05']",UAV_05,7.813884,12.487626,200,HIT,71.877302
330100,1040,GS_01,telemetry_UAV_01,0.1,Optimized,"['GS_01', 'SAT_60935', 'UAV_01']",UAV_01,7.875384,14.597609,200,HIT,62.678879
330100,1041,GS_01,telemetry_UAV_10,0.1,Optimized,"['GS_01', 'SAT_60935', 'UAV_10']",UAV_10,8.118509,13.208322,200,HIT,68.686384
331100,1042,GS_01,telemetry_UAV_10,0.1,Optimized,"['GS_01', 'SAT_60935', 'UAV_10']",UAV_10,8.101430,11.007507,200,HIT,80.779102
331100,1043,GS_01,telemetry_UAV_01,0.1,Optimized,"['GS_01', 'SAT_60935', 'UAV_01']",UAV_01,7.762446,11.265141,200,HIT,78.777979
331100,1044,GS_01,telemetry_UAV_05,0.1,Optimized,"['GS_01', 'SAT_60935', 'UAV_05']",UAV_05,7.857900,15.224925,200,HIT,60.403316
332100,1045,GS_01,telemetry_UAV_01,0.1,Optimized,"['GS_01', 'SAT_60935', 'UAV_01']",UAV_01,8.174734,12.568609,200,HIT,71.825374
332100,1046,GS_01,telemetry_UAV_10,0.1,Optimized,"['GS_01', 'SAT_60935', 'UAV_10']",UAV_10,7.854085,19.944132,200,HIT,47.966134
332100,1047,GS_01,telemetry_UAV_05,0.1,Optimized,"['GS_01', 'SAT_60935', 'UAV_05']",UAV_05,8.116401,16.774310,200,HIT,55.808377
333100,1048,GS_01,telemetry_UAV_01,0.1,Optimized,"['GS_01', 'SAT_60935', 'UAV_01']",UAV_01,8.166426,18.190942,200,HIT,52.144358
333100,1049,GS_01,telemetry_UAV_05,0.1,Optimized,"['GS_01', 'SAT_60935', 'UAV_05']",UAV_05,7.851992,11.433810,200,HIT,77.819923
333100,1050,GS_01,telemetry_UAV_10,0.1,Optimized,"['GS_01', 'SAT_60935', 'UAV_10']",UAV_10,7.738833,19.313673,200,HIT,49.160265
334100,1051,GS_01,telemetry_UAV_01,0.1,Optimized,"['GS_01', 'SAT_60935', 'UAV_01']",UAV_01,7.858266,12.200069,200,HIT,73.431664
334100,1052,GS_01,telemetry_UAV_10,0.1,Optimized,"['GS_01', 'SAT_60935', 'UAV_10']",UAV_10,7.994437,10.275993,200,HIT,85.845794
334100,1053,GS_01,telemetry_UAV_05,0.1,Optimized,"['GS_01', 'SAT_60935', 'UAV_05']",UAV_05,8.011192,18.680672,200,HIT,50.836204
335100,1054,GS_01,telemetry_UAV_05,0.1,Optimized,"['GS_01', 'SAT_60935', 'UAV_05']",UAV_05,7.762941,12.654874,200,HIT,70.979692
335100,1055,GS_01,telemetry_UAV_10,0.1,Optimized,"['GS_01', 'SAT_60935', 'UAV_10']",UAV_10,8.019476,11.125890,200,HIT,79.923833
335100,1056,GS_01,telemetry_UAV_01,0.1,Optimized,"['GS_01', 'SAT_60935', 'UAV_01']",UAV_01,8.043024,17.617856,200,HIT,53.451502
336100,1057,GS_01,telemetry_UAV_01,0.1,Optimized,"['GS_01', 'SAT_60935', 'UAV_01']",UAV_01,7.990394,17.967049,200,HIT,52.516348
336100,1058,GS_01,telemetry_UAV_05,0.1,Optimized,"['GS_01', 'SAT_60935', 'UAV_05']",UAV_05,7.687609,13.242100,200,HIT,68.100988
336100,1059,GS_01,telemetry_UAV_10,0.1,Optimized,"['GS_01', 'SAT_60935', 'UAV_10']",UAV_10,7.763390,10.947929,200,HIT,80.836571
337100,1060,GS_01,telemetry_UAV_05,0.1,Optimized,"['GS_01', 'SAT_60935', 'UAV_05']",UAV_05,7.649754,16.389135,200,HIT,56.462581
337100,1061,GS_01,telemetry_UAV_01,0.1,Optimized,"['GS_01', 'SAT_60935', 'UAV_01']",UAV_01,7.922352,19.215248,200,HIT,49.555955
337100,1062,GS_01,telemetry_UAV_10,0.1,Optimized,"['GS_01', 'SAT_60935', 'UAV_10']",UAV_10,7.758671,10.188525,200,HIT,86.278378
338100,1063,GS_01,telemetry_UAV_01,0.1,Optimized,"['GS_01', 'SAT_60935', 'UAV_01']",UAV_01,7.401657,18.693426,200,HIT,50.197452
338100,1064,GS_01,telemetry_UAV_05,0.1,Optimized,"['GS_01', 'SAT_60935', 'UAV_05']",UAV_05,7.882694,13.246828,200,HIT,68.274512
338100,1065,GS_01,telemetry_UAV_10,0.1,Optimized,"['GS_01', 'SAT_60935', 'UAV_10']",UAV_10,7.484315,11.626857,200,HIT,76.290530
339100,1066,GS_01,telemetry_UAV_05,0.1,Optimized,"['GS_01', 'SAT_60935', 'UAV_05']",UAV_05,7.486488,14.966349,200,HIT,60.939737
339100,1067,GS_01,telemetry_UAV_01,0.1,Optimized,"['GS_01', 'SAT_60935', 'UAV_01']",UAV_01,7.694473,19.022768,200,HIT,49.749342
339100,1068,GS_01,telemetry_UAV_10,0.1,Optimized,"['GS_01', 'SAT_60935', 'UAV_10']",UAV_10,7.560888,12.689016,200,HIT,70.607542
340100,1069,GS_01,telemetry_UAV_05,0.1,Optimized,"['GS_01', 'SAT_60935', 'UAV_05']",UAV_05,7.573929,15.179716,200,HIT,60.275838
340100,1070,GS_01,telemetry_UAV_01,0.1,Optimized,"['GS_01', 'SAT_60935', 'UAV_01']",UAV_01,7.425756,14.266756,200,HIT,63.500172
340100,1071,GS_01,telemetry_UAV_10,0.1,Optimized,"['GS_01', 'SAT_60935', 'UAV_10']",UAV_10,7.462422,11.179653,200,HIT,79.020993
341100,1072,GS_01,telemetry_UAV_10,0.1,Optimized,"['GS_01', 'SAT_60935', 'UAV_10']",UAV_10,7.340972,14.130977,200,HIT,63.954186
341100,1073,GS_01,telemetry_UAV_05,0.1,Optimized,"['GS_01', 'SAT_60935', 'UAV_05']",UAV_05,7.551863,16.913759,200,HIT,54.850633
341100,1074,GS_01,telemetry_UAV_01,0.1,Optimized,"['GS_01', 'SAT_60935', 'UAV_01']",UAV_01,7.459043,16.052001,200,HIT,57.297068
342100,1075,GS_01,telemetry_UAV_01,0.1,Optimized,"['GS_01', 'SAT_60935', 'UAV_01']",UAV_01,7.231325,15.391673,200,HIT,59.207483
342100,1076,GS_01,telemetry_UAV_10,0.1,Optimized,"['GS_01', 'SAT_60935', 'UAV_10']",UAV_10,7.002973,12.448377,200,HIT,71.268378
342100,1077,GS_01,telemetry_UAV_05,0.1,Optimized,"['GS_01', 'SAT_60935', 'UAV_05']",UAV_05,7.028350,15.613221,200,HIT,58.266976
343100,1078,GS_01,telemetry_UAV_05,0.1,Optimized,"['GS_01', 'SAT_60935', 'UAV_05']",UAV_05,7.182823,14.610218,200,HIT,61.939022
343100,1079,GS_01,telemetry_UAV_01,0.1,Optimized,"['GS_01', 'SAT_60935', 'UAV_01']",UAV_01,6.939542,13.924302,200,HIT,64.393049
343100,1080,GS_01,telemetry_UAV_10,0.1,Optimized,"['GS_01', 'SAT_60935', 'UAV_10']",UAV_10,7.036255,18.324133,200,HIT,50.694527
344100,1081,GS_01,telemetry_UAV_01,0.1,Optimized,"['GS_01', 'SAT_60935', 'UAV_01']",UAV_01,7.082856,15.804745,200,HIT,57.700566
344100,1082,GS_01,telemetry_UAV_05,0.1,Optimized,"['GS_01', 'SAT_60935', 'UAV_05']",UAV_05,7.112357,13.318821,200,HIT,67.177732
344100,1083,GS_01,telemetry_UAV_10,0.1,Optimized,"['GS_01', 'SAT_60935', 'UAV_10']",UAV_10,7.205931,19.014510,200,HIT,49.279063
345100,1084,GS_01,telemetry_UAV_01,0.1,Optimized,"['GS_01', 'SAT_60935', 'UAV_01']",UAV_01,6.674564,13.295457,200,HIT,66.845494
345100,1085,GS_01,telemetry_UAV_05,0.1,Optimized,"['GS_01', 'SAT_60935', 'UAV_05']",UAV_05,6.588924,18.309090,200,HIT,50.283068
345100,1086,GS_01,telemetry_UAV_10,0.1,Optimized,"['GS_01', 'SAT_60935', 'UAV_10']",UAV_10,6.741678,10.160157,200,HIT,85.480621
346000,1087,GS_01,telemetry_UAV_10,0.1,Optimized,"['GS_01', 'SAT_60935', 'UAV_10']",UAV_10,6.695202,14.677328,200,HIT,61.201037
346100,1088,GS_01,telemetry_UAV_01,0.1,Optimized,"['GS_01', 'SAT_60935', 'UAV_01']",UAV_01,6.580300,17.187549,200,HIT,53.125621
346100,1089,GS_01,telemetry_UAV_05,0.1,Optimized,"['GS_01', 'SAT_60935', 'UAV_05']",UAV_05,6.786738,14.247384,200,HIT,62.937396
347100,1090,GS_01,telemetry_UAV_10,0.1,Optimized,"['GS_01', 'SAT_60935', 'UAV_10']",UAV_10,6.399862,17.324005,200,HIT,52.578561
347100,1091,GS_01,telemetry_UAV_05,0.1,Optimized,"['GS_01', 'SAT_60935', 'UAV_05']",UAV_05,6.646544,11.614661,200,HIT,75.525009
347100,1092,GS_01,telemetry_UAV_01,0.1,Optimized,"['GS_01', 'SAT_60935', 'UAV_01']",UAV_01,6.656011,16.055935,200,HIT,56.481824
348100,1093,GS_01,telemetry_UAV_10,0.1,Optimized,"['GS_01', 'SAT_60935', 'UAV_10']",UAV_10,6.114206,11.310831,200,HIT,76.842875
348100,1094,GS_01,telemetry_UAV_05,0.1,Optimized,"['GS_01', 'SAT_60935', 'UAV_05']",UAV_05,6.085737,11.418774,200,HIT,76.145798
348100,1095,GS_01,telemetry_UAV_01,0.1,Optimized,"['GS_01', 'SAT_60935', 'UAV_01']",UAV_01,6.268321,19.633264,200,HIT,47.015494
349100,1096,GS_01,telemetry_UAV_05,0.1,Optimized,"['GS_01', 'SAT_60935', 'UAV_05']",UAV_05,6.272357,19.218462,200,HIT,47.898996
349100,1097,GS_01,telemetry_UAV_01,0.1,Optimized,"['GS_01', 'SAT_60935', 'UAV_01']",UAV_01,6.219531,17.102118,200,HIT,52.997363
349100,1098,GS_01,telemetry_UAV_10,0.1,Optimized,"['GS_01', 'SAT_60935', 'UAV_10']",UAV_10,6.286140,18.175325,200,HIT,50.301858
350100,1099,GS_01,telemetry_UAV_10,0.1,Optimized,"['GS_01', 'SAT_60935', 'UAV_10']",UAV_10,5.737851,14.185482,200,HIT,62.133536
350100,1100,GS_01,telemetry_UAV_05,0.1,Optimized,"['GS_01', 'SAT_60935', 'UAV_05']",UAV_05,5.904735,12.733373,200,HIT,68.731767
350100,1101,GS_01,telemetry_UAV_01,0.1,Optimized,"['GS_01', 'SAT_60935', 'UAV_01']",UAV_01,6.136435,16.068763,200,HIT,55.922471
351100,1102,GS_01,telemetry_UAV_01,0.1,Optimized,"['GS_01', 'SAT_60935', 'UAV_01']",UAV_01,5.855384,10.806599,200,HIT,79.884228
351100,1103,GS_01,telemetry_UAV_05,0.1,Optimized,"['GS_01', 'SAT_60935', 'UAV_05']",UAV_05,5.879571,13.043985,200,HIT,67.210521
351100,1104,GS_01,telemetry_UAV_10,0.1,Optimized,"['GS_01', 'SAT_60935', 'UAV_10']",UAV_10,5.696527,11.899809,200,HIT,72.924494
352100,1105,GS_01,telemetry_UAV_01,0.1,Optimized,"['GS_01', 'SAT_60935', 'UAV_01']",UAV_01,5.794018,13.224868,200,HIT,66.286117
352100,1106,GS_01,telemetry_UAV_05,0.1,Optimized,"['GS_01', 'SAT_60935', 'UAV_05']",UAV_05,5.474164,19.230010,200,HIT,47.075806
352100,1107,GS_01,telemetry_UAV_10,0.1,Optimized,"['GS_01', 'SAT_60935', 'UAV_10']",UAV_10,5.633494,11.318670,200,HIT,76.313177
353100,1108,GS_01,telemetry_UAV_05,0.1,Optimized,"['GS_01', 'SAT_60935', 'UAV_05']",UAV_05,5.316091,11.349457,200,HIT,75.804046
353100,1109,GS_01,telemetry_UAV_01,0.1,Optimized,"['GS_01', 'SAT_60935', 'UAV_01']",UAV_01,5.174462,15.044478,200,HIT,58.350118
353100,1110,GS_01,telemetry_UAV_10,0.1,Optimized,"['GS_01', 'SAT_60935', 'UAV_10']",UAV_10,5.480833,19.846077,200,HIT,45.791067
354100,1111,GS_01,telemetry_UAV_10,0.1,Optimized,"['GS_01', 'SAT_60935', 'UAV_10']",UAV_10,5.042720,13.708685,200,HIT,63.399888
354100,1112,GS_01,telemetry_UAV_01,0.1,Optimized,"['GS_01', 'SAT_60935', 'UAV_01']",UAV_01,5.435235,16.585059,200,HIT,53.671421
354100,1113,GS_01,telemetry_UAV_05,0.1,Optimized,"['GS_01', 'SAT_60935', 'UAV_05']",UAV_05,5.365745,12.528019,200,HIT,69.222608
355100,1114,GS_01,telemetry_UAV_10,0.1,Optimized,"['GS_01', 'SAT_60935', 'UAV_10']",UAV_10,5.002699,17.724549,200,HIT,50.137839
355100,1115,GS_01,telemetry_UAV_01,0.1,Optimized,"['GS_01', 'SAT_60935', 'UAV_01']",UAV_01,5.086472,12.818568,200,HIT,67.495939
355100,1116,GS_01,telemetry_UAV_05,0.1,Optimized,"['GS_01', 'SAT_60935', 'UAV_05']",UAV_05,4.872484,10.521527,200,HIT,80.907071
356100,1117,GS_01,telemetry_UAV_10,0.1,Optimized,"['GS_01', 'SAT_60935', 'UAV_10']",UAV_10,4.566763,10.659070,200,HIT,79.620218
356100,1118,GS_01,telemetry_UAV_01,0.1,Optimized,"['GS_01', 'SAT_60935', 'UAV_01']",UAV_01,4.712761,12.616556,200,HIT,68.121510
356100,1119,GS_01,telemetry_UAV_05,0.1,Optimized,"['GS_01', 'SAT_60935', 'UAV_05']",UAV_05,4.836159,14.920624,200,HIT,58.453220
357100,1120,GS_01,telemetry_UAV_05,0.1,Optimized,"['GS_01', 'SAT_60935', 'UAV_05']",UAV_05,4.469261,10.675385,200,HIT,79.408008
357100,1121,GS_01,telemetry_UAV_01,0.1,Optimized,"['GS_01', 'SAT_60935', 'UAV_01']",UAV_01,4.620547,11.754626,200,HIT,72.678859
357100,1122,GS_01,telemetry_UAV_10,0.1,Optimized,"['GS_01', 'SAT_60935', 'UAV_10']",UAV_10,4.541271,11.129844,200,HIT,76.420085
358100,1123,GS_01,telemetry_UAV_10,0.1,Optimized,"['GS_01', 'SAT_60935', 'UAV_10']",UAV_10,4.223492,16.059781,200,HIT,54.037372
358100,1124,GS_01,telemetry_UAV_01,0.1,Optimized,"['GS_01', 'SAT_60935', 'UAV_01']",UAV_01,4.610276,11.094180,200,HIT,76.720156
358100,1125,GS_01,telemetry_UAV_05,0.1,Optimized,"['GS_01', 'SAT_60935', 'UAV_05']",UAV_05,4.496137,13.906117,200,HIT,62.024776
359100,1126,GS_01,telemetry_UAV_01,0.1,Optimized,"['GS_01', 'SAT_60935', 'UAV_01']",UAV_01,4.269850,13.165993,200,HIT,65.032453
359100,1127,GS_01,telemetry_UAV_10,0.1,Optimized,"['GS_01', 'SAT_60935', 'UAV_10']",UAV_10,4.398372,15.061009,200,HIT,57.515665
359100,1128,GS_01,telemetry_UAV_05,0.1,Optimized,"['GS_01', 'SAT_60935', 'UAV_05']",UAV_05,4.314166,18.893002,200,HIT,46.657887
360100,1129,GS_01,telemetry_UAV_01,0.1,Optimized,"['GS_01', 'SAT_60935', 'UAV_01']",UAV_01,3.849527,15.366492,200,HIT,55.910857
360100,1130,GS_01,telemetry_UAV_05,0.1,Optimized,"['GS_01', 'SAT_60935', 'UAV_05']",UAV_05,3.953448,15.913387,200,HIT,54.225588
360100,1131,GS_01,telemetry_UAV_10,0.1,Optimized,"['GS_01', 'SAT_60935', 'UAV_10']",UAV_10,3.945702,12.607621,200,HIT,67.399387
361100,1132,GS_01,telemetry_UAV_05,0.1,Optimized,"['GS_01', 'SAT_60935', 'UAV_05']",UAV_05,4.245088,14.840971,200,HIT,58.149916
361100,1133,GS_01,telemetry_UAV_10,0.1,Optimized,"['GS_01', 'SAT_60935', 'UAV_10']",UAV_10,4.454160,12.930130,200,HIT,66.325156
361100,1134,GS_01,telemetry_UAV_01,0.1,Optimized,"['GS_01', 'SAT_60935', 'UAV_01']",UAV_01,4.351388,13.097563,200,HIT,65.431454
362100,1135,GS_01,telemetry_UAV_01,0.1,Optimized,"['GS_01', 'SAT_60935', 'UAV_01']",UAV_01,4.345327,14.271288,200,HIT,60.401937
362100,1136,GS_01,telemetry_UAV_05,0.1,Optimized,"['GS_01', 'SAT_60935', 'UAV_05']",UAV_05,4.352873,12.877673,200,HIT,66.475900
362100,1137,GS_01,telemetry_UAV_10,0.1,Optimized,"['GS_01', 'SAT_60935', 'UAV_10']",UAV_10,4.463201,19.175024,200,HIT,46.184139
363100,1138,GS_01,telemetry_UAV_01,0.1,Optimized,"['GS_01', 'SAT_60935', 'UAV_01']",UAV_01,4.558306,19.981303,200,HIT,44.595734
363100,1139,GS_01,telemetry_UAV_10,0.1,Optimized,"['GS_01', 'SAT_60935', 'UAV_10']",UAV_10,4.862612,10.731723,200,HIT,79.407960
363100,1140,GS_01,telemetry_UAV_05,0.1,Optimized,"['GS_01', 'SAT_60935', 'UAV_05']",UAV_05,4.612723,13.880874,200,HIT,62.245982
364100,1141,GS_01,telemetry_UAV_01,0.1,Optimized,"['GS_01', 'SAT_60935', 'UAV_01']",UAV_01,4.950209,18.589097,200,HIT,47.986188
364100,1142,GS_01,telemetry_UAV_10,0.1,Optimized,"['GS_01', 'SAT_60935', 'UAV_10']",UAV_10,5.094704,13.732558,200,HIT,63.350418
364100,1143,GS_01,telemetry_UAV_05,0.1,Optimized,"['GS_01', 'SAT_60935', 'UAV_05']",UAV_05,4.857598,12.622451,200,HIT,68.236730
365100,1144,GS_01,telemetry_UAV_01,0.1,Optimized,"['GS_01', 'SAT_60935', 'UAV_01']",UAV_01,5.173950,13.484210,200,HIT,64.502601
365100,1145,GS_01,telemetry_UAV_10,0.1,Optimized,"['GS_01', 'SAT_60935', 'UAV_10']",UAV_10,5.123008,11.283921,200,HIT,76.020350
365100,1146,GS_01,telemetry_UAV_05,0.1,Optimized,"['GS_01', 'SAT_60935', 'UAV_05']",UAV_05,5.042881,11.155830,200,HIT,76.754268
366100,1147,GS_01,telemetry_UAV_01,0.1,Optimized,"['GS_01', 'SAT_60935', 'UAV_01']",UAV_01,5.212647,15.928916,200,HIT,55.435777
366100,1148,GS_01,telemetry_UAV_10,0.1,Optimized,"['GS_01', 'SAT_60935', 'UAV_10']",UAV_10,5.052791,13.550528,200,HIT,64.091080
366100,1149,GS_01,telemetry_UAV_05,0.1,Optimized,"['GS_01', 'SAT_60935', 'UAV_05']",UAV_05,5.376203,15.860088,200,HIT,55.817286
367100,1150,GS_01,telemetry_UAV_10,0.1,Optimized,"['GS_01', 'SAT_60935', 'UAV_10']",UAV_10,5.683262,16.214691,200,HIT,55.021236
367100,1151,GS_01,telemetry_UAV_01,0.1,Optimized,"['GS_01', 'SAT_60935', 'UAV_01']",UAV_01,5.380837,10.866907,200,HIT,78.998841
367100,1152,GS_01,telemetry_UAV_05,0.1,Optimized,"['GS_01', 'SAT_60935', 'UAV_05']",UAV_05,5.211499,14.204907,200,HIT,61.530065
368100,1153,GS_01,telemetry_UAV_01,0.1,Optimized,"['GS_01', 'SAT_60935', 'UAV_01']",UAV_01,5.689877,11.934570,200,HIT,72.722036
368100,1154,GS_01,telemetry_UAV_10,0.1,Optimized,"['GS_01', 'SAT_60935', 'UAV_10']",UAV_10,5.477856,10.318875,200,HIT,83.005689
368100,1155,GS_01,telemetry_UAV_05,0.1,Optimized,"['GS_01', 'SAT_60935', 'UAV_05']",UAV_05,5.639414,14.459116,200,HIT,60.967832
369100,1156,GS_01,telemetry_UAV_01,0.1,Optimized,"['GS_01', 'SAT_60935', 'UAV_01']",UAV_01,5.663784,14.916803,200,HIT,59.294580
369100,1157,GS_01,telemetry_UAV_05,0.1,Optimized,"['GS_01', 'SAT_60935', 'UAV_05']",UAV_05,5.828608,10.438153,200,HIT,82.470516
369100,1158,GS_01,telemetry_UAV_10,0.1,Optimized,"['GS_01', 'SAT_60935', 'UAV_10']",UAV_10,5.870011,15.351990,200,HIT,57.980518
370000,1159,GS_01,telemetry_UAV_01,0.1,Optimized,"['GS_01', 'SAT_60935', 'UAV_01']",UAV_01,5.938788,15.802816,200,HIT,56.562677
370100,1160,GS_01,telemetry_UAV_10,0.1,Optimized,"['GS_01', 'SAT_60935', 'UAV_10']",UAV_10,6.017705,11.023441,200,HIT,78.590324
370100,1161,GS_01,telemetry_UAV_05,0.1,Optimized,"['GS_01', 'SAT_60935', 'UAV_05']",UAV_05,5.826899,15.861643,200,HIT,56.263037
371100,1162,GS_01,telemetry_UAV_05,0.1,Optimized,"['GS_01', 'SAT_60935', 'UAV_05']",UAV_05,6.203531,10.604183,200,HIT,81.645459
371100,1163,GS_01,telemetry_UAV_01,0.1,Optimized,"['GS_01', 'SAT_60935', 'UAV_01']",UAV_01,6.275691,19.101695,200,HIT,48.156792
371100,1164,GS_01,telemetry_UAV_10,0.1,Optimized,"['GS_01', 'SAT_60935', 'UAV_10']",UAV_10,6.351854,18.897220,200,HIT,48.686122
372100,1165,GS_01,telemetry_UAV_01,0.1,Optimized,"['GS_01', 'SAT_60935', 'UAV_01']",UAV_01,6.187815,10.695265,200,HIT,80.987269
372100,1166,GS_01,telemetry_UAV_05,0.1,Optimized,"['GS_01', 'SAT_60935', 'UAV_05']",UAV_05,6.552159,10.224991,200,HIT,84.791835
372100,1167,GS_01,telemetry_UAV_10,0.1,Optimized,"['GS_01', 'SAT_60935', 'UAV_10']",UAV_10,6.476751,11.557795,200,HIT,75.694107
373000,1168,GS_01,telemetry_UAV_10,0.1,Optimized,"['GS_01', 'SAT_60935', 'UAV_10']",UAV_10,6.285883,17.856762,200,HIT,51.086839
373100,1169,GS_01,telemetry_UAV_05,0.1,Optimized,"['GS_01', 'SAT_60935', 'UAV_05']",UAV_05,6.775280,15.817332,200,HIT,57.352711
373100,1170,GS_01,telemetry_UAV_01,0.1,Optimized,"['GS_01', 'SAT_60935', 'UAV_01']",UAV_01,6.535962,17.422671,200,HIT,52.453147
374100,1171,GS_01,telemetry_UAV_10,0.1,Optimized,"['GS_01', 'SAT_60935', 'UAV_10']",UAV_10,6.642326,10.610978,200,HIT,82.035941
374100,1172,GS_01,telemetry_UAV_05,0.1,Optimized,"['GS_01', 'SAT_60935', 'UAV_05']",UAV_05,6.865749,13.472049,200,HIT,66.247956
374100,1173,GS_01,telemetry_UAV_01,0.1,Optimized,"['GS_01', 'SAT_60935', 'UAV_01']",UAV_01,6.536721,13.875421,200,HIT,64.192629
375100,1174,GS_01,telemetry_UAV_05,0.1,Optimized,"['GS_01', 'SAT_60935', 'UAV_05']",UAV_05,6.655560,13.593268,200,HIT,65.508220
375100,1175,GS_01,telemetry_UAV_10,0.1,Optimized,"['GS_01', 'SAT_60935', 'UAV_10']",UAV_10,6.958692,11.177331,200,HIT,78.532132
375100,1176,GS_01,telemetry_UAV_01,0.1,Optimized,"['GS_01', 'SAT_60935', 'UAV_01']",UAV_01,7.071126,13.988902,200,HIT,64.259317
376100,1177,GS_01,telemetry_UAV_10,0.1,Optimized,"['GS_01', 'SAT_60935', 'UAV_10']",UAV_10,6.898383,11.123585,200,HIT,78.817642
376100,1178,GS_01,telemetry_UAV_01,0.1,Optimized,"['GS_01', 'SAT_60935', 'UAV_01']",UAV_01,6.899520,12.591322,200,HIT,70.435340
376100,1179,GS_01,telemetry_UAV_05,0.1,Optimized,"['GS_01', 'SAT_60935', 'UAV_05']",UAV_05,7.117119,18.912620,200,HIT,49.416915
377100,1180,GS_01,telemetry_UAV_05,0.1,Optimized,"['GS_01', 'SAT_60935', 'UAV_05']",UAV_05,7.276283,19.490849,200,HIT,48.321185
377100,1181,GS_01,telemetry_UAV_01,0.1,Optimized,"['GS_01', 'SAT_60935', 'UAV_01']",UAV_01,7.119483,11.309958,200,HIT,77.853612
377100,1182,GS_01,telemetry_UAV_10,0.1,Optimized,"['GS_01', 'SAT_60935', 'UAV_10']",UAV_10,7.130088,18.001415,200,HIT,51.571039
378100,1183,GS_01,telemetry_UAV_10,0.1,Optimized,"['GS_01', 'SAT_60935', 'UAV_10']",UAV_10,7.317410,18.764348,200,HIT,49.951452
378100,1184,GS_01,telemetry_UAV_05,0.1,Optimized,"['GS_01', 'SAT_60935', 'UAV_05']",UAV_05,7.349923,17.662980,200,HIT,52.642394
378100,1185,GS_01,telemetry_UAV_01,0.1,Optimized,"['GS_01', 'SAT_60935', 'UAV_01']",UAV_01,7.431521,15.917278,200,HIT,57.691372
379100,1186,GS_01,telemetry_UAV_10,0.1,Optimized,"['GS_01', 'SAT_60935', 'UAV_10']",UAV_10,7.251477,19.861516,200,HIT,47.530377
379100,1187,GS_01,telemetry_UAV_01,0.1,Optimized,"['GS_01', 'SAT_60935', 'UAV_01']",UAV_01,7.433176,14.624989,200,HIT,62.134072
379100,1188,GS_01,telemetry_UAV_05,0.1,Optimized,"['GS_01', 'SAT_60935', 'UAV_05']",UAV_05,7.338763,15.512956,200,HIT,58.908562
380100,1189,GS_01,telemetry_UAV_01,0.1,Optimized,"['GS_01', 'SAT_60935', 'UAV_01']",UAV_01,7.455335,13.423765,200,HIT,67.051135
380100,1190,GS_01,telemetry_UAV_10,0.1,Optimized,"['GS_01', 'SAT_60935', 'UAV_10']",UAV_10,7.334109,12.179246,200,HIT,73.019621
380100,1191,GS_01,telemetry_UAV_05,0.1,Optimized,"['GS_01', 'SAT_60935', 'UAV_05']",UAV_05,7.294591,15.850147,200,HIT,57.767309
381100,1192,GS_01,telemetry_UAV_10,0.1,Optimized,"['GS_01', 'SAT_60935', 'UAV_10']",UAV_10,7.658962,11.699772,200,HIT,76.036364
381100,1193,GS_01,telemetry_UAV_05,0.1,Optimized,"['GS_01', 'SAT_60935', 'UAV_05']",UAV_05,7.720585,16.327932,200,HIT,56.716380
381100,1194,GS_01,telemetry_UAV_01,0.1,Optimized,"['GS_01', 'SAT_60935', 'UAV_01']",UAV_01,7.414179,10.583367,200,HIT,83.004492
382100,1195,GS_01,telemetry_UAV_05,0.1,Optimized,"['GS_01', 'SAT_60935', 'UAV_05']",UAV_05,7.848819,17.066344,200,HIT,54.724704
382100,1196,GS_01,telemetry_UAV_01,0.1,Optimized,"['GS_01', 'SAT_60935', 'UAV_01']",UAV_01,7.707381,18.077035,200,HIT,51.962426
382100,1197,GS_01,telemetry_UAV_10,0.1,Optimized,"['GS_01', 'SAT_60935', 'UAV_10']",UAV_10,7.456287,19.537167,200,HIT,48.403882
383100,1198,GS_01,telemetry_UAV_10,0.1,Optimized,"['GS_01', 'SAT_60935', 'UAV_10']",UAV_10,7.675735,18.996733,200,HIT,49.788239
383100,1199,GS_01,telemetry_UAV_01,0.1,Optimized,"['GS_01', 'SAT_60935', 'UAV_01']",UAV_01,7.678720,14.935460,200,HIT,61.242519
383100,1200,GS_01,telemetry_UAV_05,0.1,Optimized,"['GS_01', 'SAT_60935', 'UAV_05']",UAV_05,7.705785,18.152353,200,HIT,51.777208
384100,1201,GS_01,telemetry_UAV_05,0.1,Optimized,"['GS_01', 'SAT_60935', 'UAV_05']",UAV_05,7.981207,17.569946,200,HIT,53.513505
384100,1202,GS_01,telemetry_UAV_01,0.1,Optimized,"['GS_01', 'SAT_60935', 'UAV_01']",UAV_01,7.592686,18.923807,200,HIT,49.867478
384100,1203,GS_01,telemetry_UAV_10,0.1,Optimized,"['GS_01', 'SAT_60935', 'UAV_10']",UAV_10,7.769256,16.640926,200,HIT,55.843504
385100,1204,GS_01,telemetry_UAV_05,0.1,Optimized,"['GS_01', 'SAT_60935', 'UAV_05']",UAV_05,7.813005,13.500635,200,HIT,67.069478
385100,1205,GS_01,telemetry_UAV_01,0.1,Optimized,"['GS_01', 'SAT_60935', 'UAV_01']",UAV_01,7.920038,17.450275,200,HIT,53.764589
385100,1206,GS_01,telemetry_UAV_10,0.1,Optimized,"['GS_01', 'SAT_60935', 'UAV_10']",UAV_10,7.874807,12.026206,200,HIT,74.396203
386100,1207,GS_01,telemetry_UAV_01,0.1,Optimized,"['GS_01', 'SAT_60935', 'UAV_01']",UAV_01,8.077224,12.673607,200,HIT,71.200533
386100,1208,GS_01,telemetry_UAV_05,0.1,Optimized,"['GS_01', 'SAT_60935', 'UAV_05']",UAV_05,8.115986,11.104819,200,HIT,80.156784
386100,1209,GS_01,telemetry_UAV_10,0.1,Optimized,"['GS_01', 'SAT_60935', 'UAV_10']",UAV_10,7.758450,12.226801,200,HIT,73.188486
387100,1210,GS_01,telemetry_UAV_10,0.1,Optimized,"['GS_01', 'SAT_60935', 'UAV_10']",UAV_10,8.200000,17.372059,200,HIT,54.250961
387100,1211,GS_01,telemetry_UAV_05,0.1,Optimized,"['GS_01', 'SAT_60935', 'UAV_05']",UAV_05,7.708907,18.715068,200,HIT,50.455211
387100,1212,GS_01,telemetry_UAV_01,0.1,Optimized,"['GS_01', 'SAT_60935', 'UAV_01']",UAV_01,7.974959,19.363984,200,HIT,49.288772
388100,1213,GS_01,telemetry_UAV_10,0.1,Optimized,"['GS_01', 'SAT_60935', 'UAV_10']",UAV_10,7.937063,11.238366,200,HIT,79.121790
388100,1214,GS_01,telemetry_UAV_01,0.1,Optimized,"['GS_01', 'SAT_60935', 'UAV_01']",UAV_01,7.793183,17.683128,200,HIT,53.034047
388100,1215,GS_01,telemetry_UAV_05,0.1,Optimized,"['GS_01', 'SAT_60935', 'UAV_05']",UAV_05,7.817726,14.283058,200,HIT,63.828141
389100,1216,GS_01,telemetry_UAV_01,0.1,Optimized,"['GS_01', 'SAT_60935', 'UAV_01']",UAV_01,8.200000,16.786807,200,HIT,55.856471
389100,1217,GS_01,telemetry_UAV_05,0.1,Optimized,"['GS_01', 'SAT_60935', 'UAV_05']",UAV_05,8.109124,10.722690,200,HIT,82.717267
389100,1218,GS_01,telemetry_UAV_10,0.1,Optimized,"['GS_01', 'SAT_60935', 'UAV_10']",UAV_10,7.991644,15.912565,200,HIT,58.266380
390100,1219,GS_01,telemetry_UAV_01,0.1,Optimized,"['GS_01', 'SAT_60935', 'UAV_01']",UAV_01,7.834848,15.097734,200,HIT,60.822933
390100,1220,GS_01,telemetry_UAV_05,0.1,Optimized,"['GS_01', 'SAT_60935', 'UAV_05']",UAV_05,7.952648,10.084665,200,HIT,87.281013
390100,1221,GS_01,telemetry_UAV_10,0.1,Optimized,"['GS_01', 'SAT_60935', 'UAV_10']",UAV_10,8.200000,14.037009,200,HIT,65.192199
391100,1222,GS_01,telemetry_UAV_01,0.1,Optimized,"['GS_01', 'SAT_60935', 'UAV_01']",UAV_01,7.892221,11.992574,200,HIT,74.600169
391100,1223,GS_01,telemetry_UAV_10,0.1,Optimized,"['GS_01', 'SAT_60935', 'UAV_10']",UAV_10,8.022920,12.302388,200,HIT,73.050944
391100,1224,GS_01,telemetry_UAV_05,0.1,Optimized,"['GS_01', 'SAT_60935', 'UAV_05']",UAV_05,7.770274,14.300611,200,HIT,63.711941
392100,1225,GS_01,telemetry_UAV_10,0.1,Optimized,"['GS_01', 'SAT_60935', 'UAV_10']",UAV_10,8.156538,19.068719,200,HIT,50.110064
392100,1226,GS_01,telemetry_UAV_05,0.1,Optimized,"['GS_01', 'SAT_60935', 'UAV_05']",UAV_05,8.172388,12.025775,200,HIT,74.696170
392100,1227,GS_01,telemetry_UAV_01,0.1,Optimized,"['GS_01', 'SAT_60935', 'UAV_01']",UAV_01,7.728281,14.812027,200,HIT,61.738446
393000,1228,GS_01,telemetry_UAV_05,0.1,Optimized,"['GS_01', 'SAT_60935', 'UAV_05']",UAV_05,7.936289,16.349952,200,HIT,56.866095
393100,1229,GS_01,telemetry_UAV_01,0.1,Optimized,"['GS_01', 'SAT_60935', 'UAV_01']",UAV_01,8.028105,12.038442,200,HIT,74.481885
393100,1230,GS_01,telemetry_UAV_10,0.1,Optimized,"['GS_01', 'SAT_60935', 'UAV_10']",UAV_10,7.815682,15.813651,200,HIT,58.404884
394100,1231,GS_01,telemetry_UAV_10,0.1,Optimized,"['GS_01', 'SAT_60935', 'UAV_10']",UAV_10,7.854919,19.151604,200,HIT,49.626877
394100,1232,GS_01,telemetry_UAV_05,0.1,Optimized,"['GS_01', 'SAT_60935', 'UAV_05']",UAV_05,7.976451,16.512201,200,HIT,56.425473
394100,1233,GS_01,telemetry_UAV_01,0.1,Optimized,"['GS_01', 'SAT_60935', 'UAV_01']",UAV_01,8.140438,16.267956,200,HIT,57.316867
395100,1234,GS_01,telemetry_UAV_10,0.1,Optimized,"['GS_01', 'SAT_60935', 'UAV_10']",UAV_10,7.696032,13.241338,200,HIT,68.112888
395100,1235,GS_01,telemetry_UAV_01,0.1,Optimized,"['GS_01', 'SAT_60935', 'UAV_01']",UAV_01,7.659723,13.212372,200,HIT,68.209032
395100,1236,GS_01,telemetry_UAV_05,0.1,Optimized,"['GS_01', 'SAT_60935', 'UAV_05']",UAV_05,7.660344,16.960240,200,HIT,54.829487
396100,1237,GS_01,telemetry_UAV_01,0.1,Optimized,"['GS_01', 'SAT_60935', 'UAV_01']",UAV_01,7.695734,11.203807,200,HIT,79.100032
396100,1238,GS_01,telemetry_UAV_05,0.1,Optimized,"['GS_01', 'SAT_60935', 'UAV_05']",UAV_05,7.904268,15.183605,200,HIT,60.592678
396100,1239,GS_01,telemetry_UAV_10,0.1,Optimized,"['GS_01', 'SAT_60935', 'UAV_10']",UAV_10,7.685947,14.113311,200,HIT,64.370024
397100,1240,GS_01,telemetry_UAV_05,0.1,Optimized,"['GS_01', 'SAT_60935', 'UAV_05']",UAV_05,7.847746,17.004220,200,HIT,54.894889
397100,1241,GS_01,telemetry_UAV_10,0.1,Optimized,"['GS_01', 'SAT_60935', 'UAV_10']",UAV_10,7.498085,15.526296,200,HIT,59.023574
397100,1242,GS_01,telemetry_UAV_01,0.1,Optimized,"['GS_01', 'SAT_60935', 'UAV_01']",UAV_01,7.562503,11.678013,200,HIT,76.067306
398000,1243,GS_01,telemetry_UAV_05,0.1,Optimized,"['GS_01', 'SAT_60935', 'UAV_05']",UAV_05,7.655706,12.016959,200,HIT,74.228289
398100,1244,GS_01,telemetry_UAV_10,0.1,Optimized,"['GS_01', 'SAT_60935', 'UAV_10']",UAV_10,7.671130,12.978094,200,HIT,69.313462
398100,1245,GS_01,telemetry_UAV_01,0.1,Optimized,"['GS_01', 'SAT_60935', 'UAV_01']",UAV_01,7.625643,12.002797,200,HIT,74.276772
399000,1246,GS_01,telemetry_UAV_05,0.1,Optimized,"['GS_01', 'SAT_60935', 'UAV_05']",UAV_05,7.530331,12.236525,200,HIT,72.908369
399100,1247,GS_01,telemetry_UAV_10,0.1,Optimized,"['GS_01', 'SAT_60935', 'UAV_10']",UAV_10,7.592032,15.550393,200,HIT,59.037676
399100,1248,GS_01,telemetry_UAV_01,0.1,Optimized,"['GS_01', 'SAT_60935', 'UAV_01']",UAV_01,7.666668,12.834618,200,HIT,69.998092
400100,1249,GS_01,telemetry_UAV_10,0.1,Optimized,"['GS_01', 'SAT_60935', 'UAV_10']",UAV_10,7.206276,12.504562,200,HIT,71.182930
400100,1250,GS_01,telemetry_UAV_05,0.1,Optimized,"['GS_01', 'SAT_60935', 'UAV_05']",UAV_05,7.438993,14.580981,200,HIT,62.304985
400100,1251,GS_01,telemetry_UAV_01,0.1,Optimized,"['GS_01', 'SAT_60935', 'UAV_01']",UAV_01,7.367191,16.381712,200,HIT,56.202134
401100,1252,GS_01,telemetry_UAV_01,0.1,Optimized,"['GS_01', 'SAT_60935', 'UAV_01']",UAV_01,7.213604,19.740601,200,HIT,47.739218
401100,1253,GS_01,telemetry_UAV_05,0.1,Optimized,"['GS_01', 'SAT_60935', 'UAV_05']",UAV_05,7.549277,16.228892,200,HIT,56.844078
401100,1254,GS_01,telemetry_UAV_10,0.1,Optimized,"['GS_01', 'SAT_60935', 'UAV_10']",UAV_10,7.163530,15.201293,200,HIT,59.790633
402100,1255,GS_01,telemetry_UAV_10,0.1,Optimized,"['GS_01', 'SAT_60935', 'UAV_10']",UAV_10,7.206966,15.083957,200,HIT,60.243447
402100,1256,GS_01,telemetry_UAV_05,0.1,Optimized,"['GS_01', 'SAT_60935', 'UAV_05']",UAV_05,7.388664,14.610983,200,HIT,62.141997
402100,1257,GS_01,telemetry_UAV_01,0.1,Optimized,"['GS_01', 'SAT_60935', 'UAV_01']",UAV_01,7.323286,13.293834,200,HIT,67.501561
403100,1258,GS_01,telemetry_UAV_05,0.1,Optimized,"['GS_01', 'SAT_60935', 'UAV_05']",UAV_05,7.181799,13.326321,200,HIT,67.213370
403100,1259,GS_01,telemetry_UAV_01,0.1,Optimized,"['GS_01', 'SAT_60935', 'UAV_01']",UAV_01,7.132289,16.939092,200,HIT,54.360322
403100,1260,GS_01,telemetry_UAV_10,0.1,Optimized,"['GS_01', 'SAT_60935', 'UAV_10']",UAV_10,6.935608,10.686063,200,HIT,81.799474
404100,1261,GS_01,telemetry_UAV_10,0.1,Optimized,"['GS_01', 'SAT_60935', 'UAV_10']",UAV_10,7.060709,12.925098,200,HIT,68.955791
404100,1262,GS_01,telemetry_UAV_05,0.1,Optimized,"['GS_01', 'SAT_60935', 'UAV_05']",UAV_05,7.101846,13.112830,200,HIT,68.110799
404100,1263,GS_01,telemetry_UAV_01,0.1,Optimized,"['GS_01', 'SAT_60935', 'UAV_01']",UAV_01,7.157259,11.800440,200,HIT,74.951343
405100,1264,GS_01,telemetry_UAV_01,0.1,Optimized,"['GS_01', 'SAT_60935', 'UAV_01']",UAV_01,6.577169,17.796151,200,HIT,51.530709
405100,1265,GS_01,telemetry_UAV_10,0.1,Optimized,"['GS_01', 'SAT_60935', 'UAV_10']",UAV_10,6.803930,11.854837,200,HIT,74.286931
405100,1266,GS_01,telemetry_UAV_05,0.1,Optimized,"['GS_01', 'SAT_60935', 'UAV_05']",UAV_05,6.875488,10.395372,200,HIT,83.832813
406000,1267,GS_01,telemetry_UAV_05,0.1,Optimized,"['GS_01', 'SAT_60935', 'UAV_05']",UAV_05,6.862977,15.001554,200,HIT,60.190784
406100,1268,GS_01,telemetry_UAV_01,0.1,Optimized,"['GS_01', 'SAT_60935', 'UAV_01']",UAV_01,6.511822,12.818726,200,HIT,68.920522
406100,1269,GS_01,telemetry_UAV_10,0.1,Optimized,"['GS_01', 'SAT_60935', 'UAV_10']",UAV_10,6.536777,18.259560,200,HIT,50.349443
407000,1270,GS_01,telemetry_UAV_05,0.1,Optimized,"['GS_01', 'SAT_60935', 'UAV_05']",UAV_05,6.597584,18.875525,200,HIT,48.980511
407100,1271,GS_01,telemetry_UAV_10,0.1,Optimized,"['GS_01', 'SAT_60935', 'UAV_10']",UAV_10,6.325758,13.325369,200,HIT,66.361621
407100,1272,GS_01,telemetry_UAV_01,0.1,Optimized,"['GS_01', 'SAT_60935', 'UAV_01']",UAV_01,6.690639,14.534870,200,HIT,61.730691
408100,1273,GS_01,telemetry_UAV_10,0.1,Optimized,"['GS_01', 'SAT_60935', 'UAV_10']",UAV_10,6.195268,18.422953,200,HIT,49.619360
408100,1274,GS_01,telemetry_UAV_05,0.1,Optimized,"['GS_01', 'SAT_60935', 'UAV_05']",UAV_05,6.180007,10.643459,200,HIT,81.343539
408100,1275,GS_01,telemetry_UAV_01,0.1,Optimized,"['GS_01', 'SAT_60935', 'UAV_01']",UAV_01,6.496286,11.687938,200,HIT,74.942922
409100,1276,GS_01,telemetry_UAV_01,0.1,Optimized,"['GS_01', 'SAT_60935', 'UAV_01']",UAV_01,6.335580,12.990317,200,HIT,67.919910
409100,1277,GS_01,telemetry_UAV_10,0.1,Optimized,"['GS_01', 'SAT_60935', 'UAV_10']",UAV_10,6.399290,14.885292,200,HIT,60.143616
409100,1278,GS_01,telemetry_UAV_05,0.1,Optimized,"['GS_01', 'SAT_60935', 'UAV_05']",UAV_05,6.082831,13.570957,200,HIT,65.032248
410100,1279,GS_01,telemetry_UAV_01,0.1,Optimized,"['GS_01', 'SAT_63194', 'UAV_01']",UAV_01,5.909464,18.906388,200,HIT,48.223205
410100,1280,GS_01,telemetry_UAV_10,0.1,Optimized,"['GS_01', 'SAT_63194', 'UAV_10']",UAV_10,6.008642,18.843861,200,HIT,48.462787
410100,1281,GS_01,telemetry_UAV_05,0.1,Optimized,"['GS_01', 'SAT_63194', 'UAV_05']",UAV_05,5.944394,15.766347,200,HIT,56.685380
411100,1282,GS_01,telemetry_UAV_05,0.1,Optimized,"['GS_01', 'SAT_63194', 'UAV_05']",UAV_05,5.702708,15.666709,200,HIT,56.766401
411100,1283,GS_01,telemetry_UAV_01,0.1,Optimized,"['GS_01', 'SAT_63194', 'UAV_01']",UAV_01,5.890663,16.936433,200,HIT,53.126112
411100,1284,GS_01,telemetry_UAV_10,0.1,Optimized,"['GS_01', 'SAT_63194', 'UAV_10']",UAV_10,5.889177,18.778681,200,HIT,48.490678
412100,1285,GS_01,telemetry_UAV_05,0.1,Optimized,"['GS_01', 'SAT_63194', 'UAV_05']",UAV_05,5.797697,13.876412,200,HIT,63.449486
412100,1286,GS_01,telemetry_UAV_10,0.1,Optimized,"['GS_01', 'SAT_63194', 'UAV_10']",UAV_10,5.548409,14.635966,200,HIT,60.208280
412100,1287,GS_01,telemetry_UAV_01,0.1,Optimized,"['GS_01', 'SAT_63194', 'UAV_01']",UAV_01,5.613948,14.070576,200,HIT,62.470187
413100,1288,GS_01,telemetry_UAV_10,0.1,Optimized,"['GS_01', 'SAT_63194', 'UAV_10']",UAV_10,5.366079,18.041507,200,HIT,49.708272
413100,1289,GS_01,telemetry_UAV_01,0.1,Optimized,"['GS_01', 'SAT_63194', 'UAV_01']",UAV_01,5.327797,16.732129,200,HIT,53.140003
413100,1290,GS_01,telemetry_UAV_05,0.1,Optimized,"['GS_01', 'SAT_63194', 'UAV_05']",UAV_05,5.515345,19.274463,200,HIT,47.021041
414100,1291,GS_01,telemetry_UAV_01,0.1,Optimized,"['GS_01', 'SAT_63194', 'UAV_01']",UAV_01,5.013997,13.862030,200,HIT,62.725603
414100,1292,GS_01,telemetry_UAV_05,0.1,Optimized,"['GS_01', 'SAT_63194', 'UAV_05']",UAV_05,4.983550,12.854972,200,HIT,67.216279
414100,1293,GS_01,telemetry_UAV_10,0.1,Optimized,"['GS_01', 'SAT_63194', 'UAV_10']",UAV_10,5.164431,18.107454,200,HIT,49.345131
415100,1294,GS_01,telemetry_UAV_05,0.1,Optimized,"['GS_01', 'SAT_63194', 'UAV_05']",UAV_05,5.044309,19.057326,200,HIT,47.022916
415100,1295,GS_01,telemetry_UAV_01,0.1,Optimized,"['GS_01', 'SAT_63194', 'UAV_01']",UAV_01,4.980832,13.008495,200,HIT,66.479109
415100,1296,GS_01,telemetry_UAV_10,0.1,Optimized,"['GS_01', 'SAT_63194', 'UAV_10']",UAV_10,5.199300,19.333727,200,HIT,46.577767
416000,1297,GS_01,telemetry_UAV_05,0.1,Optimized,"['GS_01', 'SAT_63194', 'UAV_05']",UAV_05,4.991257,14.229796,200,HIT,61.211316
416100,1298,GS_01,telemetry_UAV_01,0.1,Optimized,"['GS_01', 'SAT_63194', 'UAV_01']",UAV_01,4.714645,12.786491,200,HIT,67.280677
416100,1299,GS_01,telemetry_UAV_10,0.1,Optimized,"['GS_01', 'SAT_63194', 'UAV_10']",UAV_10,4.714925,14.455902,200,HIT,60.055643
417100,1300,GS_01,telemetry_UAV_10,0.1,Optimized,"['GS_01', 'SAT_63194', 'UAV_10']",UAV_10,4.650226,17.559953,200,HIT,50.208435
417100,1301,GS_01,telemetry_UAV_05,0.1,Optimized,"['GS_01', 'SAT_63194', 'UAV_05']",UAV_05,4.405089,18.042163,200,HIT,48.745671
417100,1302,GS_01,telemetry_UAV_01,0.1,Optimized,"['GS_01', 'SAT_63194', 'UAV_01']",UAV_01,4.841162,13.354104,200,HIT,64.747837
418100,1303,GS_01,telemetry_UAV_10,0.1,Optimized,"['GS_01', 'SAT_63194', 'UAV_10']",UAV_10,4.260738,12.449019,200,HIT,68.522831
418100,1304,GS_01,telemetry_UAV_05,0.1,Optimized,"['GS_01', 'SAT_63194', 'UAV_05']",UAV_05,4.638719,18.609982,200,HIT,47.626401
418100,1305,GS_01,telemetry_UAV_01,0.1,Optimized,"['GS_01', 'SAT_63194', 'UAV_01']",UAV_01,4.166738,12.697388,200,HIT,67.171823
419100,1306,GS_01,telemetry_UAV_01,0.1,Optimized,"['GS_01', 'SAT_63194', 'UAV_01']",UAV_01,4.069503,17.223516,200,HIT,50.517628
419100,1307,GS_01,telemetry_UAV_10,0.1,Optimized,"['GS_01', 'SAT_63194', 'UAV_10']",UAV_10,4.336379,19.686729,200,HIT,44.972891
419100,1308,GS_01,telemetry_UAV_05,0.1,Optimized,"['GS_01', 'SAT_63194', 'UAV_05']",UAV_05,4.207700,17.876279,200,HIT,48.959743
420100,1309,GS_01,telemetry_UAV_01,0.1,Optimized,"['GS_01', 'SAT_63194', 'UAV_01']",UAV_01,4.211326,18.232163,200,HIT,48.089828
420100,1310,GS_01,telemetry_UAV_10,0.1,Optimized,"['GS_01', 'SAT_63194', 'UAV_10']",UAV_10,4.260112,13.689307,200,HIT,62.699887
420100,1311,GS_01,telemetry_UAV_05,0.1,Optimized,"['GS_01', 'SAT_63194', 'UAV_05']",UAV_05,3.979787,14.028525,200,HIT,61.006451
421100,1312,GS_01,telemetry_UAV_05,0.1,Optimized,"['GS_01', 'SAT_63194', 'UAV_05']",UAV_05,4.175216,16.127622,200,HIT,53.779553
421100,1313,GS_01,telemetry_UAV_10,0.1,Optimized,"['GS_01', 'SAT_63194', 'UAV_10']",UAV_10,4.055788,13.184502,200,HIT,64.733088
421100,1314,GS_01,telemetry_UAV_01,0.1,Optimized,"['GS_01', 'SAT_63194', 'UAV_01']",UAV_01,4.068873,10.293502,200,HIT,81.787810
422100,1315,GS_01,telemetry_UAV_01,0.1,Optimized,"['GS_01', 'SAT_63194', 'UAV_01']",UAV_01,4.487049,15.423003,200,HIT,56.357623
422100,1316,GS_01,telemetry_UAV_05,0.1,Optimized,"['GS_01', 'SAT_63194', 'UAV_05']",UAV_05,4.643870,17.761821,200,HIT,49.684296
422100,1317,GS_01,telemetry_UAV_10,0.1,Optimized,"['GS_01', 'SAT_63194', 'UAV_10']",UAV_10,4.248390,10.731160,200,HIT,78.797647
423100,1318,GS_01,telemetry_UAV_05,0.1,Optimized,"['GS_01', 'SAT_63194', 'UAV_05']",UAV_05,4.574058,13.331778,200,HIT,64.581058
423100,1319,GS_01,telemetry_UAV_10,0.1,Optimized,"['GS_01', 'SAT_63194', 'UAV_10']",UAV_10,4.582723,14.192227,200,HIT,60.951608
423100,1320,GS_01,telemetry_UAV_01,0.1,Optimized,"['GS_01', 'SAT_63194', 'UAV_01']",UAV_01,4.456011,14.718676,200,HIT,58.808724
424100,1321,GS_01,telemetry_UAV_05,0.1,Optimized,"['GS_01', 'SAT_63194', 'UAV_05']",UAV_05,5.061719,14.968249,200,HIT,58.508183
424100,1322,GS_01,telemetry_UAV_10,0.1,Optimized,"['GS_01', 'SAT_63194', 'UAV_10']",UAV_10,4.922247,16.371106,200,HIT,53.788830
424100,1323,GS_01,telemetry_UAV_01,0.1,Optimized,"['GS_01', 'SAT_63194', 'UAV_01']",UAV_01,5.085563,13.176960,200,HIT,65.797592
425100,1324,GS_01,telemetry_UAV_01,0.1,Optimized,"['GS_01', 'SAT_63194', 'UAV_01']",UAV_01,5.123034,19.625003,200,HIT,45.887359
425100,1325,GS_01,telemetry_UAV_10,0.1,Optimized,"['GS_01', 'SAT_63194', 'UAV_10']",UAV_10,4.959096,10.104462,200,HIT,84.132044
425100,1326,GS_01,telemetry_UAV_05,0.1,Optimized,"['GS_01', 'SAT_63194', 'UAV_05']",UAV_05,4.809865,15.862205,200,HIT,55.244216
426100,1327,GS_01,telemetry_UAV_10,0.1,Optimized,"['GS_01', 'SAT_63194', 'UAV_10']",UAV_10,5.103474,16.512729,200,HIT,53.550948
426100,1328,GS_01,telemetry_UAV_05,0.1,Optimized,"['GS_01', 'SAT_63194', 'UAV_05']",UAV_05,5.258112,12.094917,200,HIT,71.401598
426100,1329,GS_01,telemetry_UAV_01,0.1,Optimized,"['GS_01', 'SAT_63194', 'UAV_01']",UAV_01,5.448288,15.214321,200,HIT,58.030326
427100,1330,GS_01,telemetry_UAV_05,0.1,Optimized,"['GS_01', 'SAT_63194', 'UAV_05']",UAV_05,5.282836,16.528168,200,HIT,53.685055
427100,1331,GS_01,telemetry_UAV_01,0.1,Optimized,"['GS_01', 'SAT_63194', 'UAV_01']",UAV_01,5.499097,11.370439,200,HIT,75.856976
427100,1332,GS_01,telemetry_UAV_10,0.1,Optimized,"['GS_01', 'SAT_63194', 'UAV_10']",UAV_10,5.375953,18.361893,200,HIT,48.944447
428100,1333,GS_01,telemetry_UAV_10,0.1,Optimized,"['GS_01', 'SAT_63194', 'UAV_10']",UAV_10,5.859787,16.720167,200,HIT,53.706201
428100,1334,GS_01,telemetry_UAV_01,0.1,Optimized,"['GS_01', 'SAT_63194', 'UAV_01']",UAV_01,5.687507,18.887695,200,HIT,48.043125
428100,1335,GS_01,telemetry_UAV_05,0.1,Optimized,"['GS_01', 'SAT_63194', 'UAV_05']",UAV_05,5.883490,11.000292,200,HIT,78.608835
429000,1336,GS_01,telemetry_UAV_01,0.1,Optimized,"['GS_01', 'SAT_63194', 'UAV_01']",UAV_01,5.897315,10.580479,200,HIT,81.508259
429100,1337,GS_01,telemetry_UAV_10,0.1,Optimized,"['GS_01', 'SAT_63194', 'UAV_10']",UAV_10,5.706422,18.276179,200,HIT,49.479248
429100,1338,GS_01,telemetry_UAV_05,0.1,Optimized,"['GS_01', 'SAT_63194', 'UAV_05']",UAV_05,5.939379,14.433667,200,HIT,61.365347
430100,1339,GS_01,telemetry_UAV_01,0.1,Optimized,"['GS_01', 'SAT_63194', 'UAV_01']",UAV_01,6.019811,10.116985,200,HIT,85.094755
430100,1340,GS_01,telemetry_UAV_10,0.1,Optimized,"['GS_01', 'SAT_63194', 'UAV_10']",UAV_10,5.978063,13.441179,200,HIT,65.496652
430100,1341,GS_01,telemetry_UAV_05,0.1,Optimized,"['GS_01', 'SAT_63194', 'UAV_05']",UAV_05,6.187330,10.581251,200,HIT,81.792759
431100,1342,GS_01,telemetry_UAV_10,0.1,Optimized,"['GS_01', 'SAT_63194', 'UAV_10']",UAV_10,6.224766,18.953192,200,HIT,48.434016
431100,1343,GS_01,telemetry_UAV_01,0.1,Optimized,"['GS_01', 'SAT_63194', 'UAV_01']",UAV_01,6.115209,19.183748,200,HIT,47.817174
431100,1344,GS_01,telemetry_UAV_05,0.1,Optimized,"['GS_01', 'SAT_63194', 'UAV_05']",UAV_05,6.352704,15.755599,200,HIT,57.128304
432100,1345,GS_01,telemetry_UAV_01,0.1,Optimized,"['GS_01', 'SAT_63194', 'UAV_01']",UAV_01,6.355096,12.639959,200,HIT,69.646439
432100,1346,GS_01,telemetry_UAV_10,0.1,Optimized,"['GS_01', 'SAT_63194', 'UAV_10']",UAV_10,6.252809,16.940751,200,HIT,53.476217
432100,1347,GS_01,telemetry_UAV_05,0.1,Optimized,"['GS_01', 'SAT_63194', 'UAV_05']",UAV_05,6.236793,17.651145,200,HIT,51.559633
433100,1348,GS_01,telemetry_UAV_10,0.1,Optimized,"['GS_01', 'SAT_63194', 'UAV_10']",UAV_10,6.451173,19.793605,200,HIT,46.868268
433100,1349,GS_01,telemetry_UAV_05,0.1,Optimized,"['GS_01', 'SAT_63194', 'UAV_05']",UAV_05,6.726190,16.120143,200,HIT,56.353543
433100,1350,GS_01,telemetry_UAV_01,0.1,Optimized,"['GS_01', 'SAT_63194', 'UAV_01']",UAV_01,6.573517,10.071154,200,HIT,86.008306
434100,1351,GS_01,telemetry_UAV_05,0.1,Optimized,"['GS_01', 'SAT_63194', 'UAV_05']",UAV_05,6.507822,19.964682,200,HIT,46.578583
434100,1352,GS_01,telemetry_UAV_01,0.1,Optimized,"['GS_01', 'SAT_63194', 'UAV_01']",UAV_01,6.442913,10.092928,200,HIT,85.706332
434100,1353,GS_01,telemetry_UAV_10,0.1,Optimized,"['GS_01', 'SAT_63194', 'UAV_10']",UAV_10,6.771047,12.252970,200,HIT,72.061342
435100,1354,GS_01,telemetry_UAV_10,0.1,Optimized,"['GS_01', 'SAT_63194', 'UAV_10']",UAV_10,7.066761,17.879545,200,HIT,51.810628
435100,1355,GS_01,telemetry_UAV_01,0.1,Optimized,"['GS_01', 'SAT_63194', 'UAV_01']",UAV_01,6.797858,19.744017,200,HIT,47.316461
435100,1356,GS_01,telemetry_UAV_05,0.1,Optimized,"['GS_01', 'SAT_63194', 'UAV_05']",UAV_05,6.656000,16.434694,200,HIT,55.333511
436100,1357,GS_01,telemetry_UAV_05,0.1,Optimized,"['GS_01', 'SAT_63194', 'UAV_05']",UAV_05,7.051312,11.927049,200,HIT,74.125740
436100,1358,GS_01,telemetry_UAV_10,0.1,Optimized,"['GS_01', 'SAT_63194', 'UAV_10']",UAV_10,6.870923,15.787019,200,HIT,57.545469
436100,1359,GS_01,telemetry_UAV_01,0.1,Optimized,"['GS_01', 'SAT_63194', 'UAV_01']",UAV_01,6.873349,14.052081,200,HIT,63.804419
437100,1360,GS_01,telemetry_UAV_05,0.1,Optimized,"['GS_01', 'SAT_63194', 'UAV_05']",UAV_05,7.191431,11.051373,200,HIT,79.580625
437100,1361,GS_01,telemetry_UAV_10,0.1,Optimized,"['GS_01', 'SAT_63194', 'UAV_10']",UAV_10,7.175614,18.069275,200,HIT,51.449666
437100,1362,GS_01,telemetry_UAV_01,0.1,Optimized,"['GS_01', 'SAT_63194', 'UAV_01']",UAV_01,6.937647,14.675786,200,HIT,61.449208
438000,1363,GS_01,telemetry_UAV_05,0.1,Optimized,"['GS_01', 'SAT_63194', 'UAV_05']",UAV_05,7.071781,13.515781,200,HIT,66.261849
438100,1364,GS_01,telemetry_UAV_10,0.1,Optimized,"['GS_01', 'SAT_63194', 'UAV_10']",UAV_10,7.156515,14.213794,200,HIT,63.439869
438100,1365,GS_01,telemetry_UAV_01,0.1,Optimized,"['GS_01', 'SAT_63194', 'UAV_01']",UAV_01,7.271304,11.288742,200,HIT,78.138369
439100,1366,GS_01,telemetry_UAV_05,0.1,Optimized,"['GS_01', 'SAT_63194', 'UAV_05']",UAV_05,7.319454,15.637902,200,HIT,58.477210
439100,1367,GS_01,telemetry_UAV_01,0.1,Optimized,"['GS_01', 'SAT_63194', 'UAV_01']",UAV_01,7.135029,19.562072,200,HIT,48.030492
439100,1368,GS_01,telemetry_UAV_10,0.1,Optimized,"['GS_01', 'SAT_63194', 'UAV_10']",UAV_10,7.470742,10.336499,200,HIT,84.866386
440100,1369,GS_01,telemetry_UAV_01,0.1,Optimized,"['GS_01', 'SAT_63194', 'UAV_01']",UAV_01,7.494443,16.732873,200,HIT,55.304524
440100,1370,GS_01,telemetry_UAV_10,0.1,Optimized,"['GS_01', 'SAT_63194', 'UAV_10']",UAV_10,7.442439,19.483585,200,HIT,48.502643
440100,1371,GS_01,telemetry_UAV_05,0.1,Optimized,"['GS_01', 'SAT_63194', 'UAV_05']",UAV_05,7.644523,13.459988,200,HIT,67.079941
441100,1372,GS_01,telemetry_UAV_01,0.1,Optimized,"['GS_01', 'SAT_63194', 'UAV_01']",UAV_01,7.361910,15.761177,200,HIT,58.119539
441100,1373,GS_01,telemetry_UAV_10,0.1,Optimized,"['GS_01', 'SAT_63194', 'UAV_10']",UAV_10,7.607395,13.143419,200,HIT,68.474358
441100,1374,GS_01,telemetry_UAV_05,0.1,Optimized,"['GS_01', 'SAT_63194', 'UAV_05']",UAV_05,7.762292,10.249253,200,HIT,85.816760
442100,1375,GS_01,telemetry_UAV_05,0.1,Optimized,"['GS_01', 'SAT_63194', 'UAV_05']",UAV_05,7.587482,11.987653,200,HIT,74.322815
442100,1376,GS_01,telemetry_UAV_01,0.1,Optimized,"['GS_01', 'SAT_63194', 'UAV_01']",UAV_01,7.567414,12.976062,200,HIT,69.219401
442100,1377,GS_01,telemetry_UAV_10,0.1,Optimized,"['GS_01', 'SAT_63194', 'UAV_10']",UAV_10,7.766649,11.200921,200,HIT,79.189345
443100,1378,GS_01,telemetry_UAV_10,0.1,Optimized,"['GS_01', 'SAT_63194', 'UAV_10']",UAV_10,7.920166,12.525770,200,HIT,71.788494
443100,1379,GS_01,telemetry_UAV_05,0.1,Optimized,"['GS_01', 'SAT_63194', 'UAV_05']",UAV_05,7.931960,19.028084,200,HIT,49.975078
443100,1380,GS_01,telemetry_UAV_01,0.1,Optimized,"['GS_01', 'SAT_63194', 'UAV_01']",UAV_01,7.958660,13.202554,200,HIT,68.552996
444100,1381,GS_01,telemetry_UAV_01,0.1,Optimized,"['GS_01', 'SAT_63194', 'UAV_01']",UAV_01,7.982734,16.476281,200,HIT,56.537381
444100,1382,GS_01,telemetry_UAV_05,0.1,Optimized,"['GS_01', 'SAT_63194', 'UAV_05']",UAV_05,7.648776,19.300565,200,HIT,49.098339
444100,1383,GS_01,telemetry_UAV_10,0.1,Optimized,"['GS_01', 'SAT_63194', 'UAV_10']",UAV_10,7.837427,10.978608,200,HIT,80.706408
445100,1384,GS_01,telemetry_UAV_10,0.1,Optimized,"['GS_01', 'SAT_63194', 'UAV_10']",UAV_10,7.835638,11.838970,200,HIT,75.409083
445100,1385,GS_01,telemetry_UAV_01,0.1,Optimized,"['GS_01', 'SAT_63194', 'UAV_01']",UAV_01,7.869249,11.855554,200,HIT,75.348170
445100,1386,GS_01,telemetry_UAV_05,0.1,Optimized,"['GS_01', 'SAT_63194', 'UAV_05']",UAV_05,8.076813,14.477548,200,HIT,63.334788
446100,1387,GS_01,telemetry_UAV_05,0.1,Optimized,"['GS_01', 'SAT_63194', 'UAV_05']",UAV_05,8.084786,18.114270,200,HIT,52.248863
446100,1388,GS_01,telemetry_UAV_01,0.1,Optimized,"['GS_01', 'SAT_63194', 'UAV_01']",UAV_01,7.990433,11.825919,200,HIT,75.638455
446100,1389,GS_01,telemetry_UAV_10,0.1,Optimized,"['GS_01', 'SAT_63194', 'UAV_10']",UAV_10,7.940881,17.501684,200,HIT,53.650767
447100,1390,GS_01,telemetry_UAV_05,0.1,Optimized,"['GS_01', 'SAT_63194', 'UAV_05']",UAV_05,7.965450,18.597756,200,HIT,50.981392
447100,1391,GS_01,telemetry_UAV_01,0.1,Optimized,"['GS_01', 'SAT_63194', 'UAV_01']",UAV_01,7.723025,19.310166,200,HIT,49.151981
447100,1392,GS_01,telemetry_UAV_10,0.1,Optimized,"['GS_01', 'SAT_63194', 'UAV_10']",UAV_10,7.739442,19.900386,200,HIT,47.939667
448100,1393,GS_01,telemetry_UAV_05,0.1,Optimized,"['GS_01', 'SAT_63194', 'UAV_05']",UAV_05,7.796936,10.360914,200,HIT,85.010200
448100,1394,GS_01,telemetry_UAV_01,0.1,Optimized,"['GS_01', 'SAT_63194', 'UAV_01']",UAV_01,8.099480,18.065572,200,HIT,52.382606
448100,1395,GS_01,telemetry_UAV_10,0.1,Optimized,"['GS_01', 'SAT_63194', 'UAV_10']",UAV_10,7.992648,14.604645,200,HIT,62.769740
449100,1396,GS_01,telemetry_UAV_01,0.1,Optimized,"['GS_01', 'SAT_63194', 'UAV_01']",UAV_01,8.000899,12.019184,200,HIT,74.561157
449100,1397,GS_01,telemetry_UAV_05,0.1,Optimized,"['GS_01', 'SAT_63194', 'UAV_05']",UAV_05,8.150497,19.162353,200,HIT,49.899024
449100,1398,GS_01,telemetry_UAV_10,0.1,Optimized,"['GS_01', 'SAT_63194', 'UAV_10']",UAV_10,7.993627,11.404687,200,HIT,78.140226
450000,1399,GS_01,telemetry_UAV_05,0.1,Optimized,"['GS_01', 'SAT_46681', 'UAV_05']",UAV_05,7.805737,18.284576,200,HIT,51.558459
450000,1400,GS_01,telemetry_UAV_10,0.1,Optimized,"['GS_01', 'SAT_46681', 'UAV_10']",UAV_10,8.157550,14.081724,200,HIT,64.968774
450100,1401,GS_01,telemetry_UAV_01,0.1,Optimized,"['GS_01', 'SAT_46681', 'UAV_01']",UAV_01,8.098005,17.469623,200,HIT,53.891782
451100,1402,GS_01,telemetry_UAV_10,0.1,Optimized,"['GS_01', 'SAT_46681', 'UAV_10']",UAV_10,8.034531,12.367173,200,HIT,72.721908
451100,1403,GS_01,telemetry_UAV_01,0.1,Optimized,"['GS_01', 'SAT_46681', 'UAV_01']",UAV_01,7.815925,13.710824,200,HIT,66.163987
451100,1404,GS_01,telemetry_UAV_05,0.1,Optimized,"['GS_01', 'SAT_46681', 'UAV_05']",UAV_05,8.007151,18.861548,200,HIT,50.421485
452100,1405,GS_01,telemetry_UAV_01,0.1,Optimized,"['GS_01', 'SAT_46681', 'UAV_01']",UAV_01,8.139986,14.105784,200,HIT,64.854309
452100,1406,GS_01,telemetry_UAV_10,0.1,Optimized,"['GS_01', 'SAT_46681', 'UAV_10']",UAV_10,7.852322,14.368811,200,HIT,63.528466
452100,1407,GS_01,telemetry_UAV_05,0.1,Optimized,"['GS_01', 'SAT_46681', 'UAV_05']",UAV_05,7.773183,16.611650,200,HIT,55.932156
453100,1408,GS_01,telemetry_UAV_01,0.1,Optimized,"['GS_01', 'SAT_46681', 'UAV_01']",UAV_01,7.898189,12.942163,200,HIT,69.711658
453100,1409,GS_01,telemetry_UAV_05,0.1,Optimized,"['GS_01', 'SAT_46681', 'UAV_05']",UAV_05,7.757149,10.994499,200,HIT,80.520809
453100,1410,GS_01,telemetry_UAV_10,0.1,Optimized,"['GS_01', 'SAT_46681', 'UAV_10']",UAV_10,8.178882,16.696426,200,HIT,56.093326
454100,1411,GS_01,telemetry_UAV_01,0.1,Optimized,"['GS_01', 'SAT_46681', 'UAV_01']",UAV_01,7.984196,19.921565,200,HIT,48.141684
454100,1412,GS_01,telemetry_UAV_10,0.1,Optimized,"['GS_01', 'SAT_46681', 'UAV_10']",UAV_10,8.000172,19.825249,200,HIT,48.352754
454100,1413,GS_01,telemetry_UAV_05,0.1,Optimized,"['GS_01', 'SAT_46681', 'UAV_05']",UAV_05,7.662921,15.956657,200,HIT,57.798736
455100,1414,GS_01,telemetry_UAV_01,0.1,Optimized,"['GS_01', 'SAT_46681', 'UAV_01']",UAV_01,7.913114,13.716226,200,HIT,66.238196
455100,1415,GS_01,telemetry_UAV_10,0.1,Optimized,"['GS_01', 'SAT_46681', 'UAV_10']",UAV_10,7.729860,14.453954,200,HIT,63.078037
455100,1416,GS_01,telemetry_UAV_05,0.1,Optimized,"['GS_01', 'SAT_46681', 'UAV_05']",UAV_05,7.723293,17.719079,200,HIT,52.872366
456100,1417,GS_01,telemetry_UAV_05,0.1,Optimized,"['GS_01', 'SAT_46681', 'UAV_05']",UAV_05,7.575561,17.394070,200,HIT,53.568247
456100,1418,GS_01,telemetry_UAV_10,0.1,Optimized,"['GS_01', 'SAT_46681', 'UAV_10']",UAV_10,7.634141,19.881336,200,HIT,47.872885
456100,1419,GS_01,telemetry_UAV_01,0.1,Optimized,"['GS_01', 'SAT_46681', 'UAV_01']",UAV_01,7.711086,16.425711,200,HIT,56.415217
457100,1420,GS_01,telemetry_UAV_05,0.1,Optimized,"['GS_01', 'SAT_46681', 'UAV_05']",UAV_05,7.634471,15.342332,200,HIT,59.777783
457100,1421,GS_01,telemetry_UAV_01,0.1,Optimized,"['GS_01', 'SAT_46681', 'UAV_01']",UAV_01,7.645972,13.891537,200,HIT,65.234992
457100,1422,GS_01,telemetry_UAV_10,0.1,Optimized,"['GS_01', 'SAT_46681', 'UAV_10']",UAV_10,7.539925,11.258203,200,HIT,78.599221
458100,1423,GS_01,telemetry_UAV_05,0.1,Optimized,"['GS_01', 'SAT_46681', 'UAV_05']",UAV_05,7.462844,10.518333,200,HIT,83.520523
458100,1424,GS_01,telemetry_UAV_10,0.1,Optimized,"['GS_01', 'SAT_46681', 'UAV_10']",UAV_10,7.755312,17.197035,200,HIT,54.274959
458100,1425,GS_01,telemetry_UAV_01,0.1,Optimized,"['GS_01', 'SAT_46681', 'UAV_01']",UAV_01,7.687189,16.505103,200,HIT,56.157048
459100,1426,GS_01,telemetry_UAV_01,0.1,Optimized,"['GS_01', 'SAT_46681', 'UAV_01']",UAV_01,7.613371,18.740168,200,HIT,50.302422
459100,1427,GS_01,telemetry_UAV_10,0.1,Optimized,"['GS_01', 'SAT_46681', 'UAV_10']",UAV_10,7.715490,15.338541,200,HIT,59.871689
459100,1428,GS_01,telemetry_UAV_05,0.1,Optimized,"['GS_01', 'SAT_46681', 'UAV_05']",UAV_05,7.662665,11.939118,200,HIT,74.669290
460100,1429,GS_01,telemetry_UAV_10,0.1,Optimized,"['GS_01', 'SAT_46681', 'UAV_10']",UAV_10,7.601258,14.212828,200,HIT,63.888439
460100,1430,GS_01,telemetry_UAV_01,0.1,Optimized,"['GS_01', 'SAT_46681', 'UAV_01']",UAV_01,7.601265,11.044380,200,HIT,80.036298
460100,1431,GS_01,telemetry_UAV_05,0.1,Optimized,"['GS_01', 'SAT_46681', 'UAV_05']",UAV_05,7.604206,17.672211,200,HIT,52.873017
461100,1432,GS_01,telemetry_UAV_10,0.1,Optimized,"['GS_01', 'SAT_46681', 'UAV_10']",UAV_10,7.166700,18.015451,200,HIT,51.573027
461100,1433,GS_01,telemetry_UAV_05,0.1,Optimized,"['GS_01', 'SAT_46681', 'UAV_05']",UAV_05,7.218122,10.076151,200,HIT,86.613520
461100,1434,GS_01,telemetry_UAV_01,0.1,Optimized,"['GS_01', 'SAT_46681', 'UAV_01']",UAV_01,7.361163,15.523492,200,HIT,58.895959
462100,1435,GS_01,telemetry_UAV_05,0.1,Optimized,"['GS_01', 'SAT_46681', 'UAV_05']",UAV_05,7.312170,18.947458,200,HIT,49.534192
462100,1436,GS_01,telemetry_UAV_10,0.1,Optimized,"['GS_01', 'SAT_46681', 'UAV_10']",UAV_10,7.045530,13.226984,200,HIT,67.527948
462100,1437,GS_01,telemetry_UAV_01,0.1,Optimized,"['GS_01', 'SAT_46681', 'UAV_01']",UAV_01,7.124372,14.935588,200,HIT,60.687712
463100,1438,GS_01,telemetry_UAV_10,0.1,Optimized,"['GS_01', 'SAT_46681', 'UAV_10']",UAV_10,7.282925,15.221704,200,HIT,59.839460
463100,1439,GS_01,telemetry_UAV_01,0.1,Optimized,"['GS_01', 'SAT_46681', 'UAV_01']",UAV_01,6.964175,12.342234,200,HIT,71.782265
463100,1440,GS_01,telemetry_UAV_05,0.1,Optimized,"['GS_01', 'SAT_46681', 'UAV_05']",UAV_05,7.235030,11.096665,200,HIT,79.328765
464100,1441,GS_01,telemetry_UAV_01,0.1,Optimized,"['GS_01', 'SAT_46681', 'UAV_01']",UAV_01,6.873660,10.350253,200,HIT,84.166456
464100,1442,GS_01,telemetry_UAV_10,0.1,Optimized,"['GS_01', 'SAT_46681', 'UAV_10']",UAV_10,6.854539,18.076645,200,HIT,51.110539
464100,1443,GS_01,telemetry_UAV_05,0.1,Optimized,"['GS_01', 'SAT_46681', 'UAV_05']",UAV_05,7.062263,11.376789,200,HIT,77.380876
465100,1444,GS_01,telemetry_UAV_05,0.1,Optimized,"['GS_01', 'SAT_46681', 'UAV_05']",UAV_05,6.826626,13.696352,200,HIT,65.236340
465100,1445,GS_01,telemetry_UAV_01,0.1,Optimized,"['GS_01', 'SAT_46681', 'UAV_01']",UAV_01,6.937822,18.855782,200,HIT,49.365126
465100,1446,GS_01,telemetry_UAV_10,0.1,Optimized,"['GS_01', 'SAT_46681', 'UAV_10']",UAV_10,6.996357,18.330790,200,HIT,50.638775
466100,1447,GS_01,telemetry_UAV_05,0.1,Optimized,"['GS_01', 'SAT_46681', 'UAV_05']",UAV_05,6.820843,15.784600,200,HIT,57.503155
466100,1448,GS_01,telemetry_UAV_10,0.1,Optimized,"['GS_01', 'SAT_46681', 'UAV_10']",UAV_10,6.602343,13.536696,200,HIT,65.700961
466100,1449,GS_01,telemetry_UAV_01,0.1,Optimized,"['GS_01', 'SAT_46681', 'UAV_01']",UAV_01,6.501403,16.440672,200,HIT,55.161213
467100,1450,GS_01,telemetry_UAV_05,0.1,Optimized,"['GS_01', 'SAT_46681', 'UAV_05']",UAV_05,6.388073,16.695603,200,HIT,54.304881
467100,1451,GS_01,telemetry_UAV_10,0.1,Optimized,"['GS_01', 'SAT_46681', 'UAV_10']",UAV_10,6.647661,11.184082,200,HIT,78.177893
467100,1452,GS_01,telemetry_UAV_01,0.1,Optimized,"['GS_01', 'SAT_46681', 'UAV_01']",UAV_01,6.693237,14.458512,200,HIT,62.023965
468100,1453,GS_01,telemetry_UAV_05,0.1,Optimized,"['GS_01', 'SAT_46681', 'UAV_05']",UAV_05,6.195968,10.633057,200,HIT,81.433033
468100,1454,GS_01,telemetry_UAV_10,0.1,Optimized,"['GS_01', 'SAT_46681', 'UAV_10']",UAV_10,6.396220,14.940480,200,HIT,59.942024
468100,1455,GS_01,telemetry_UAV_01,0.1,Optimized,"['GS_01', 'SAT_46681', 'UAV_01']",UAV_01,6.228177,12.766031,200,HIT,68.894483
469100,1456,GS_01,telemetry_UAV_01,0.1,Optimized,"['GS_01', 'SAT_46681', 'UAV_01']",UAV_01,5.958586,17.851470,200,HIT,50.772823
469100,1457,GS_01,telemetry_UAV_05,0.1,Optimized,"['GS_01', 'SAT_46681', 'UAV_05']",UAV_05,6.245115,14.474183,200,HIT,61.515938
469100,1458,GS_01,telemetry_UAV_10,0.1,Optimized,"['GS_01', 'SAT_46681', 'UAV_10']",UAV_10,6.283822,10.014350,200,HIT,86.169183
470000,1459,GS_01,telemetry_UAV_01,0.1,Optimized,"['GS_01', 'SAT_46681', 'UAV_01']",UAV_01,5.942772,19.033197,200,HIT,47.974597
470100,1460,GS_01,telemetry_UAV_10,0.1,Optimized,"['GS_01', 'SAT_46681', 'UAV_10']",UAV_10,6.041266,12.814434,200,HIT,68.470866
470100,1461,GS_01,telemetry_UAV_05,0.1,Optimized,"['GS_01', 'SAT_46681', 'UAV_05']",UAV_05,6.225515,13.532977,200,HIT,65.340370
471100,1462,GS_01,telemetry_UAV_10,0.1,Optimized,"['GS_01', 'SAT_46681', 'UAV_10']",UAV_10,5.975986,11.445854,200,HIT,75.870289
471100,1463,GS_01,telemetry_UAV_05,0.1,Optimized,"['GS_01', 'SAT_46681', 'UAV_05']",UAV_05,5.790710,18.546910,200,HIT,48.924579
471100,1464,GS_01,telemetry_UAV_01,0.1,Optimized,"['GS_01', 'SAT_46681', 'UAV_01']",UAV_01,5.734351,10.067693,200,HIT,85.196452
472100,1465,GS_01,telemetry_UAV_05,0.1,Optimized,"['GS_01', 'SAT_46681', 'UAV_05']",UAV_05,5.776875,19.145215,200,HIT,47.562773
472100,1466,GS_01,telemetry_UAV_01,0.1,Optimized,"['GS_01', 'SAT_46681', 'UAV_01']",UAV_01,5.775728,19.655627,200,HIT,46.476541
472100,1467,GS_01,telemetry_UAV_10,0.1,Optimized,"['GS_01', 'SAT_46681', 'UAV_10']",UAV_10,5.789203,19.287941,200,HIT,47.265896
473100,1468,GS_01,telemetry_UAV_05,0.1,Optimized,"['GS_01', 'SAT_46681', 'UAV_05']",UAV_05,5.572816,16.900861,200,HIT,52.907684
473100,1469,GS_01,telemetry_UAV_01,0.1,Optimized,"['GS_01', 'SAT_46681', 'UAV_01']",UAV_01,5.652829,18.316986,200,HIT,49.328137
473100,1470,GS_01,telemetry_UAV_10,0.1,Optimized,"['GS_01', 'SAT_46681', 'UAV_10']",UAV_10,5.298079,11.709969,200,HIT,73.615940
474100,1471,GS_01,telemetry_UAV_01,0.1,Optimized,"['GS_01', 'SAT_46681', 'UAV_01']",UAV_01,5.061870,11.703429,200,HIT,73.417903
474100,1472,GS_01,telemetry_UAV_10,0.1,Optimized,"['GS_01', 'SAT_46681', 'UAV_10']",UAV_10,5.048966,12.418773,200,HIT,69.467566
474100,1473,GS_01,telemetry_UAV_05,0.1,Optimized,"['GS_01', 'SAT_46681', 'UAV_05']",UAV_05,5.172494,13.096956,200,HIT,66.255391
475100,1474,GS_01,telemetry_UAV_01,0.1,Optimized,"['GS_01', 'SAT_46681', 'UAV_01']",UAV_01,5.005348,12.731697,200,HIT,67.840648
475100,1475,GS_01,telemetry_UAV_05,0.1,Optimized,"['GS_01', 'SAT_46681', 'UAV_05']",UAV_05,4.862066,18.604266,200,HIT,47.862956
475100,1476,GS_01,telemetry_UAV_10,0.1,Optimized,"['GS_01', 'SAT_46681', 'UAV_10']",UAV_10,5.234866,14.438674,200,HIT,60.641618
476100,1477,GS_01,telemetry_UAV_10,0.1,Optimized,"['GS_01', 'SAT_46681', 'UAV_10']",UAV_10,4.934445,17.590929,200,HIT,50.412429
476100,1478,GS_01,telemetry_UAV_01,0.1,Optimized,"['GS_01', 'SAT_46681', 'UAV_01']",UAV_01,4.830358,10.201475,200,HIT,83.250393
476100,1479,GS_01,telemetry_UAV_05,0.1,Optimized,"['GS_01', 'SAT_46681', 'UAV_05']",UAV_05,5.043135,19.744466,200,HIT,45.560817
477100,1480,GS_01,telemetry_UAV_10,0.1,Optimized,"['GS_01', 'SAT_46681', 'UAV_10']",UAV_10,4.600740,16.491004,200,HIT,53.112038
477100,1481,GS_01,telemetry_UAV_05,0.1,Optimized,"['GS_01', 'SAT_46681', 'UAV_05']",UAV_05,4.532111,10.716197,200,HIT,79.185463
477100,1482,GS_01,telemetry_UAV_01,0.1,Optimized,"['GS_01', 'SAT_46681', 'UAV_01']",UAV_01,4.792909,15.849486,200,HIT,55.267731
478100,1483,GS_01,telemetry_UAV_10,0.1,Optimized,"['GS_01', 'SAT_46681', 'UAV_10']",UAV_10,4.432755,15.652221,200,HIT,55.543711
478100,1484,GS_01,telemetry_UAV_01,0.1,Optimized,"['GS_01', 'SAT_46681', 'UAV_01']",UAV_01,4.528726,12.597675,200,HIT,68.032508
478100,1485,GS_01,telemetry_UAV_05,0.1,Optimized,"['GS_01', 'SAT_46681', 'UAV_05']",UAV_05,4.643399,14.893723,200,HIT,58.357303
479100,1486,GS_01,telemetry_UAV_01,0.1,Optimized,"['GS_01', 'SAT_46681', 'UAV_01']",UAV_01,4.135168,19.449703,200,HIT,45.266902
479100,1487,GS_01,telemetry_UAV_10,0.1,Optimized,"['GS_01', 'SAT_46681', 'UAV_10']",UAV_10,4.014262,16.073647,200,HIT,53.785170
479100,1488,GS_01,telemetry_UAV_05,0.1,Optimized,"['GS_01', 'SAT_46681', 'UAV_05']",UAV_05,3.938567,13.883831,200,HIT,61.559549
480100,1489,GS_01,telemetry_UAV_10,0.1,Optimized,"['GS_01', 'SAT_46681', 'UAV_10']",UAV_10,4.183742,18.507221,200,HIT,47.410113
480100,1490,GS_01,telemetry_UAV_01,0.1,Optimized,"['GS_01', 'SAT_46681', 'UAV_01']",UAV_01,4.025619,13.665644,200,HIT,62.566585
480100,1491,GS_01,telemetry_UAV_05,0.1,Optimized,"['GS_01', 'SAT_46681', 'UAV_05']",UAV_05,3.837481,16.239775,200,HIT,53.099248
481000,1492,GS_01,telemetry_UAV_10,0.1,Optimized,"['GS_01', 'SAT_46681', 'UAV_10']",UAV_10,4.000759,16.836260,200,HIT,51.517249
481100,1493,GS_01,telemetry_UAV_01,0.1,Optimized,"['GS_01', 'SAT_46681', 'UAV_01']",UAV_01,4.097571,17.899713,200,HIT,48.791025
481100,1494,GS_01,telemetry_UAV_05,0.1,Optimized,"['GS_01', 'SAT_46681', 'UAV_05']",UAV_05,4.101912,18.741197,200,HIT,46.788619
482100,1495,GS_01,telemetry_UAV_05,0.1,Optimized,"['GS_01', 'SAT_46681', 'UAV_05']",UAV_05,4.494703,15.372008,200,HIT,56.537351
482100,1496,GS_01,telemetry_UAV_10,0.1,Optimized,"['GS_01', 'SAT_46681', 'UAV_10']",UAV_10,4.399197,11.909286,200,HIT,71.573671
482100,1497,GS_01,telemetry_UAV_01,0.1,Optimized,"['GS_01', 'SAT_46681', 'UAV_01']",UAV_01,4.260163,14.477381,200,HIT,59.518775
483100,1498,GS_01,telemetry_UAV_05,0.1,Optimized,"['GS_01', 'SAT_46681', 'UAV_05']",UAV_05,4.535477,10.423297,200,HIT,81.286621
483100,1499,GS_01,telemetry_UAV_10,0.1,Optimized,"['GS_01', 'SAT_46681', 'UAV_10']",UAV_10,4.713646,15.816264,200,HIT,55.294492
483100,1500,GS_01,telemetry_UAV_01,0.1,Optimized,"['GS_01', 'SAT_46681', 'UAV_01']",UAV_01,4.626158,12.727203,200,HIT,67.483646
484100,1501,GS_01,telemetry_UAV_05,0.1,Optimized,"['GS_01', 'SAT_46681', 'UAV_05']",UAV_05,4.699335,18.330018,200,HIT,48.343590
484100,1502,GS_01,telemetry_UAV_10,0.1,Optimized,"['GS_01', 'SAT_46681', 'UAV_10']",UAV_10,4.932868,13.299502,200,HIT,65.085498
484100,1503,GS_01,telemetry_UAV_01,0.1,Optimized,"['GS_01', 'SAT_46681', 'UAV_01']",UAV_01,4.836700,18.921248,200,HIT,47.117209
485100,1504,GS_01,telemetry_UAV_01,0.1,Optimized,"['GS_01', 'SAT_46681', 'UAV_01']",UAV_01,5.032713,15.506644,200,HIT,56.623503
485100,1505,GS_01,telemetry_UAV_05,0.1,Optimized,"['GS_01', 'SAT_46681', 'UAV_05']",UAV_05,4.983269,11.757855,200,HIT,73.022889
485100,1506,GS_01,telemetry_UAV_10,0.1,Optimized,"['GS_01', 'SAT_46681', 'UAV_10']",UAV_10,4.886759,18.008796,200,HIT,49.309495
486100,1507,GS_01,telemetry_UAV_01,0.1,Optimized,"['GS_01', 'SAT_46681', 'UAV_01']",UAV_01,5.467108,10.035223,200,HIT,85.186313
486100,1508,GS_01,telemetry_UAV_10,0.1,Optimized,"['GS_01', 'SAT_46681', 'UAV_10']",UAV_10,5.237952,13.509135,200,HIT,64.457138
486100,1509,GS_01,telemetry_UAV_05,0.1,Optimized,"['GS_01', 'SAT_46681', 'UAV_05']",UAV_05,5.051547,12.150626,200,HIT,70.891779
487100,1510,GS_01,telemetry_UAV_05,0.1,Optimized,"['GS_01', 'SAT_46681', 'UAV_05']",UAV_05,5.296640,15.846011,200,HIT,55.782533
487100,1511,GS_01,telemetry_UAV_10,0.1,Optimized,"['GS_01', 'SAT_46681', 'UAV_10']",UAV_10,5.580701,13.655852,200,HIT,64.163642
487100,1512,GS_01,telemetry_UAV_01,0.1,Optimized,"['GS_01', 'SAT_46681', 'UAV_01']",UAV_01,5.264536,12.948440,200,HIT,67.048042
488000,1513,GS_01,telemetry_UAV_01,0.1,Optimized,"['GS_01', 'SAT_46681', 'UAV_01']",UAV_01,5.718751,14.911445,200,HIT,59.368816
488100,1514,GS_01,telemetry_UAV_05,0.1,Optimized,"['GS_01', 'SAT_46681', 'UAV_05']",UAV_05,5.504362,17.891170,200,HIT,50.219157
488100,1515,GS_01,telemetry_UAV_10,0.1,Optimized,"['GS_01', 'SAT_46681', 'UAV_10']",UAV_10,5.463129,17.207484,200,HIT,51.954527
489100,1516,GS_01,telemetry_UAV_01,0.1,Optimized,"['GS_01', 'SAT_46681', 'UAV_01']",UAV_01,5.825174,12.039527,200,HIT,72.272968
489100,1517,GS_01,telemetry_UAV_10,0.1,Optimized,"['GS_01', 'SAT_46681', 'UAV_10']",UAV_10,5.951821,16.028632,200,HIT,55.862505
489100,1518,GS_01,telemetry_UAV_05,0.1,Optimized,"['GS_01', 'SAT_46681', 'UAV_05']",UAV_05,5.852032,10.165464,200,HIT,84.549867
490100,1519,GS_01,telemetry_UAV_05,0.1,Optimized,"['GS_01', 'SAT_46681', 'UAV_05']",UAV_05,5.959563,10.438707,200,HIT,82.597410
490100,1520,GS_01,telemetry_UAV_01,0.1,Optimized,"['GS_01', 'SAT_46681', 'UAV_01']",UAV_01,6.080792,16.940730,200,HIT,53.304258
490100,1521,GS_01,telemetry_UAV_10,0.1,Optimized,"['GS_01', 'SAT_46681', 'UAV_10']",UAV_10,6.246364,16.660534,200,HIT,54.264032
491100,1522,GS_01,telemetry_UAV_05,0.1,Optimized,"['GS_01', 'SAT_46681', 'UAV_05']",UAV_05,5.993890,19.992288,200,HIT,46.009320
491100,1523,GS_01,telemetry_UAV_10,0.1,Optimized,"['GS_01', 'SAT_46681', 'UAV_10']",UAV_10,6.003780,10.020571,200,HIT,85.839549
491100,1524,GS_01,telemetry_UAV_01,0.1,Optimized,"['GS_01', 'SAT_46681', 'UAV_01']",UAV_01,6.048373,13.362425,200,HIT,65.917747
492100,1525,GS_01,telemetry_UAV_05,0.1,Optimized,"['GS_01', 'SAT_46681', 'UAV_05']",UAV_05,6.598140,12.920692,200,HIT,68.514329
492100,1526,GS_01,telemetry_UAV_01,0.1,Optimized,"['GS_01', 'SAT_46681', 'UAV_01']",UAV_01,6.160063,11.967927,200,HIT,73.005393
492100,1527,GS_01,telemetry_UAV_10,0.1,Optimized,"['GS_01', 'SAT_46681', 'UAV_10']",UAV_10,6.359398,10.029108,200,HIT,86.127214
493100,1528,GS_01,telemetry_UAV_10,0.1,Optimized,"['GS_01', 'SAT_46681', 'UAV_10']",UAV_10,6.623446,13.033463,200,HIT,68.003910
493100,1529,GS_01,telemetry_UAV_05,0.1,Optimized,"['GS_01', 'SAT_46681', 'UAV_05']",UAV_05,6.502096,12.345359,200,HIT,71.303774
493100,1530,GS_01,telemetry_UAV_01,0.1,Optimized,"['GS_01', 'SAT_46681', 'UAV_01']",UAV_01,6.536939,15.748619,200,HIT,57.335045
494100,1531,GS_01,telemetry_UAV_05,0.1,Optimized,"['GS_01', 'SAT_46681', 'UAV_05']",UAV_05,6.828219,11.004562,200,HIT,79.525340
494100,1532,GS_01,telemetry_UAV_01,0.1,Optimized,"['GS_01', 'SAT_46681', 'UAV_01']",UAV_01,6.589505,13.359951,200,HIT,66.469966
494100,1533,GS_01,telemetry_UAV_10,0.1,Optimized,"['GS_01', 'SAT_46681', 'UAV_10']",UAV_10,6.786806,16.395866,200,HIT,55.579593
495100,1534,GS_01,telemetry_UAV_01,0.1,Optimized,"['GS_01', 'SAT_46681', 'UAV_01']",UAV_01,6.660845,16.628771,200,HIT,54.770234
495100,1535,GS_01,telemetry_UAV_05,0.1,Optimized,"['GS_01', 'SAT_46681', 'UAV_05']",UAV_05,6.916279,12.959175,200,HIT,68.648605
495100,1536,GS_01,telemetry_UAV_10,0.1,Optimized,"['GS_01', 'SAT_46681', 'UAV_10']",UAV_10,6.766500,11.148052,200,HIT,78.527916
496100,1537,GS_01,telemetry_UAV_10,0.1,Optimized,"['GS_01', 'SAT_46681', 'UAV_10']",UAV_10,7.223338,15.307790,200,HIT,59.484310
496100,1538,GS_01,telemetry_UAV_05,0.1,Optimized,"['GS_01', 'SAT_46681', 'UAV_05']",UAV_05,7.199437,15.504859,200,HIT,58.796165
496100,1539,GS_01,telemetry_UAV_01,0.1,Optimized,"['GS_01', 'SAT_46681', 'UAV_01']",UAV_01,7.154773,16.144806,200,HIT,56.706312
497100,1540,GS_01,telemetry_UAV_01,0.1,Optimized,"['GS_01', 'SAT_46681', 'UAV_01']",UAV_01,7.308034,10.373493,200,HIT,84.427668
497100,1541,GS_01,telemetry_UAV_05,0.1,Optimized,"['GS_01', 'SAT_46681', 'UAV_05']",UAV_05,7.246707,13.389570,200,HIT,66.994703
497100,1542,GS_01,telemetry_UAV_10,0.1,Optimized,"['GS_01', 'SAT_46681', 'UAV_10']",UAV_10,6.977611,13.677566,200,HIT,65.467549
498100,1543,GS_01,telemetry_UAV_10,0.1,Optimized,"['GS_01', 'SAT_46681', 'UAV_10']",UAV_10,7.439310,14.698403,200,HIT,61.866991
498100,1544,GS_01,telemetry_UAV_01,0.1,Optimized,"['GS_01', 'SAT_46681', 'UAV_01']",UAV_01,7.358131,12.526639,200,HIT,71.222027
498100,1545,GS_01,telemetry_UAV_05,0.1,Optimized,"['GS_01', 'SAT_46681', 'UAV_05']",UAV_05,7.472120,11.898073,200,HIT,74.709898
499100,1546,GS_01,telemetry_UAV_10,0.1,Optimized,"['GS_01', 'SAT_46681', 'UAV_10']",UAV_10,7.498154,12.747660,200,HIT,70.254769
499100,1547,GS_01,telemetry_UAV_01,0.1,Optimized,"['GS_01', 'SAT_46681', 'UAV_01']",UAV_01,7.559332,13.535762,200,HIT,66.662027
499100,1548,GS_01,telemetry_UAV_05,0.1,Optimized,"['GS_01', 'SAT_46681', 'UAV_05']",UAV_05,7.528933,11.277332,200,HIT,78.467698
500100,1549,GS_01,telemetry_UAV_05,0.1,Optimized,"['GS_01', 'SAT_46681', 'UAV_05']",UAV_05,7.363393,18.982878,200,HIT,49.506635
500100,1550,GS_01,telemetry_UAV_01,0.1,Optimized,"['GS_01', 'SAT_46681', 'UAV_01']",UAV_01,7.551605,18.831113,200,HIT,50.034489
500100,1551,GS_01,telemetry_UAV_10,0.1,Optimized,"['GS_01', 'SAT_46681', 'UAV_10']",UAV_10,7.668397,10.673518,200,HIT,82.620252
501100,1552,GS_01,telemetry_UAV_01,0.1,Optimized,"['GS_01', 'SAT_46681', 'UAV_01']",UAV_01,7.790547,19.246261,200,HIT,49.357063
501100,1553,GS_01,telemetry_UAV_10,0.1,Optimized,"['GS_01', 'SAT_46681', 'UAV_10']",UAV_10,7.802498,12.141385,200,HIT,73.692841
501100,1554,GS_01,telemetry_UAV_05,0.1,Optimized,"['GS_01', 'SAT_46681', 'UAV_05']",UAV_05,7.662463,12.174567,200,HIT,73.373217
502100,1555,GS_01,telemetry_UAV_10,0.1,Optimized,"['GS_01', 'SAT_46681', 'UAV_10']",UAV_10,7.755727,13.151283,200,HIT,68.586294
502100,1556,GS_01,telemetry_UAV_05,0.1,Optimized,"['GS_01', 'SAT_46681', 'UAV_05']",UAV_05,7.598367,18.059361,200,HIT,51.896724
502100,1557,GS_01,telemetry_UAV_01,0.1,Optimized,"['GS_01', 'SAT_46681', 'UAV_01']",UAV_01,7.642315,16.620092,200,HIT,55.776825
503100,1558,GS_01,telemetry_UAV_10,0.1,Optimized,"['GS_01', 'SAT_46681', 'UAV_10']",UAV_10,7.780334,18.922243,200,HIT,50.058620
503100,1559,GS_01,telemetry_UAV_01,0.1,Optimized,"['GS_01', 'SAT_46681', 'UAV_01']",UAV_01,7.643954,14.977767,200,HIT,61.056454
503100,1560,GS_01,telemetry_UAV_05,0.1,Optimized,"['GS_01', 'SAT_46681', 'UAV_05']",UAV_05,7.637430,12.830880,200,HIT,69.987013
504000,1561,GS_01,telemetry_UAV_01,0.1,Optimized,"['GS_01', 'SAT_46681', 'UAV_01']",UAV_01,7.628750,13.863816,200,HIT,65.332920
504100,1562,GS_01,telemetry_UAV_05,0.1,Optimized,"['GS_01', 'SAT_46681', 'UAV_05']",UAV_05,7.753234,10.977768,200,HIT,80.627793
504100,1563,GS_01,telemetry_UAV_10,0.1,Optimized,"['GS_01', 'SAT_46681', 'UAV_10']",UAV_10,8.025382,15.325619,200,HIT,60.225559
505100,1564,GS_01,telemetry_UAV_05,0.1,Optimized,"['GS_01', 'SAT_46681', 'UAV_05']",UAV_05,7.842097,15.147965,200,HIT,60.654472
505100,1565,GS_01,telemetry_UAV_01,0.1,Optimized,"['GS_01', 'SAT_46681', 'UAV_01']",UAV_01,7.947563,18.484326,200,HIT,51.227475
505100,1566,GS_01,telemetry_UAV_10,0.1,Optimized,"['GS_01', 'SAT_46681', 'UAV_10']",UAV_10,7.933655,10.156684,200,HIT,86.699523
506000,1567,GS_01,telemetry_UAV_01,0.1,Optimized,"['GS_01', 'SAT_46681', 'UAV_01']",UAV_01,7.916566,15.059362,200,HIT,61.039667
506100,1568,GS_01,telemetry_UAV_05,0.1,Optimized,"['GS_01', 'SAT_46681', 'UAV_05']",UAV_05,7.695066,16.572127,200,HIT,55.968893
506100,1569,GS_01,telemetry_UAV_10,0.1,Optimized,"['GS_01', 'SAT_46681', 'UAV_10']",UAV_10,8.100938,16.050097,200,HIT,57.944873
507100,1570,GS_01,telemetry_UAV_01,0.1,Optimized,"['GS_01', 'SAT_46681', 'UAV_01']",UAV_01,8.048212,13.367190,200,HIT,67.896244
507100,1571,GS_01,telemetry_UAV_10,0.1,Optimized,"['GS_01', 'SAT_46681', 'UAV_10']",UAV_10,7.747556,17.636974,200,HIT,53.106810
507100,1572,GS_01,telemetry_UAV_05,0.1,Optimized,"['GS_01', 'SAT_46681', 'UAV_05']",UAV_05,8.061630,18.936818,200,HIT,50.307376
508000,1573,GS_01,telemetry_UAV_01,0.1,Optimized,"['GS_01', 'SAT_46681', 'UAV_01']",UAV_01,7.940161,10.857867,200,HIT,81.619460
508100,1574,GS_01,telemetry_UAV_10,0.1,Optimized,"['GS_01', 'SAT_46681', 'UAV_10']",UAV_10,8.118811,17.405782,200,HIT,54.080550
508100,1575,GS_01,telemetry_UAV_05,0.1,Optimized,"['GS_01', 'SAT_46681', 'UAV_05']",UAV_05,7.802027,17.494191,200,HIT,53.531492
509100,1576,GS_01,telemetry_UAV_10,0.1,Optimized,"['GS_01', 'SAT_46681', 'UAV_10']",UAV_10,7.887023,13.232118,200,HIT,68.345974
509100,1577,GS_01,telemetry_UAV_05,0.1,Optimized,"['GS_01', 'SAT_46681', 'UAV_05']",UAV_05,8.064137,17.804283,200,HIT,52.997144
509100,1578,GS_01,telemetry_UAV_01,0.1,Optimized,"['GS_01', 'SAT_46681', 'UAV_01']",UAV_01,8.200000,13.524312,200,HIT,67.352731
510100,1579,GS_01,telemetry_UAV_05,0.1,Optimized,"['GS_01', 'SAT_46681', 'UAV_05']",UAV_05,8.030869,15.454794,200,HIT,59.794741
510100,1580,GS_01,telemetry_UAV_10,0.1,Optimized,"['GS_01', 'SAT_46681', 'UAV_10']",UAV_10,7.978731,12.898912,200,HIT,69.999465
510100,1581,GS_01,telemetry_UAV_01,0.1,Optimized,"['GS_01', 'SAT_46681', 'UAV_01']",UAV_01,7.952707,10.279203,200,HIT,85.779751
511100,1582,GS_01,telemetry_UAV_01,0.1,Optimized,"['GS_01', 'SAT_46681', 'UAV_01']",UAV_01,8.150665,19.151358,200,HIT,49.923159
511100,1583,GS_01,telemetry_UAV_10,0.1,Optimized,"['GS_01', 'SAT_46681', 'UAV_10']",UAV_10,8.039959,19.206285,200,HIT,49.692991
511100,1584,GS_01,telemetry_UAV_05,0.1,Optimized,"['GS_01', 'SAT_46681', 'UAV_05']",UAV_05,8.036316,17.709724,200,HIT,53.209240
512100,1585,GS_01,telemetry_UAV_05,0.1,Optimized,"['GS_01', 'SAT_46681', 'UAV_05']",UAV_05,7.806795,18.249194,200,HIT,51.644347
512100,1586,GS_01,telemetry_UAV_01,0.1,Optimized,"['GS_01', 'SAT_46681', 'UAV_01']",UAV_01,8.142907,19.305576,200,HIT,49.581711
512100,1587,GS_01,telemetry_UAV_10,0.1,Optimized,"['GS_01', 'SAT_46681', 'UAV_10']",UAV_10,8.068802,10.320084,200,HIT,85.587548
513100,1588,GS_01,telemetry_UAV_01,0.1,Optimized,"['GS_01', 'SAT_46681', 'UAV_01']",UAV_01,7.926417,16.397170,200,HIT,56.715325
513100,1589,GS_01,telemetry_UAV_10,0.1,Optimized,"['GS_01', 'SAT_46681', 'UAV_10']",UAV_10,8.194754,17.135495,200,HIT,54.881471
513100,1590,GS_01,telemetry_UAV_05,0.1,Optimized,"['GS_01', 'SAT_46681', 'UAV_05']",UAV_05,8.161432,12.927446,200,HIT,70.045273
514100,1591,GS_01,telemetry_UAV_01,0.1,Optimized,"['GS_01', 'SAT_46681', 'UAV_01']",UAV_01,8.066068,12.407541,200,HIT,72.542986
514100,1592,GS_01,telemetry_UAV_05,0.1,Optimized,"['GS_01', 'SAT_46681', 'UAV_05']",UAV_05,7.923332,17.890949,200,HIT,52.638680
514100,1593,GS_01,telemetry_UAV_10,0.1,Optimized,"['GS_01', 'SAT_46681', 'UAV_10']",UAV_10,7.930929,19.091934,200,HIT,49.833442
515100,1594,GS_01,telemetry_UAV_05,0.1,Optimized,"['GS_01', 'SAT_46681', 'UAV_05']",UAV_05,7.832919,19.032942,200,HIT,49.865307
515100,1595,GS_01,telemetry_UAV_01,0.1,Optimized,"['GS_01', 'SAT_46681', 'UAV_01']",UAV_01,7.793280,19.743744,200,HIT,48.312444
515100,1596,GS_01,telemetry_UAV_10,0.1,Optimized,"['GS_01', 'SAT_46681', 'UAV_10']",UAV_10,7.614323,14.885111,200,HIT,61.359306
516100,1597,GS_01,telemetry_UAV_05,0.1,Optimized,"['GS_01', 'SAT_46681', 'UAV_05']",UAV_05,7.668396,19.011998,200,HIT,49.747087
516100,1598,GS_01,telemetry_UAV_10,0.1,Optimized,"['GS_01', 'SAT_46681', 'UAV_10']",UAV_10,7.685644,12.343668,200,HIT,72.496200
516100,1599,GS_01,telemetry_UAV_01,0.1,Optimized,"['GS_01', 'SAT_46681', 'UAV_01']",UAV_01,7.689721,13.521999,200,HIT,66.852572
517100,1600,GS_01,telemetry_UAV_05,0.1,Optimized,"['GS_01', 'SAT_46681', 'UAV_05']",UAV_05,7.582590,12.398074,200,HIT,72.108739
517100,1601,GS_01,telemetry_UAV_01,0.1,Optimized,"['GS_01', 'SAT_46681', 'UAV_01']",UAV_01,7.631097,17.019174,200,HIT,54.636903
517100,1602,GS_01,telemetry_UAV_10,0.1,Optimized,"['GS_01', 'SAT_46681', 'UAV_10']",UAV_10,7.724330,15.386642,200,HIT,59.717481
518100,1603,GS_01,telemetry_UAV_01,0.1,Optimized,"['GS_01', 'SAT_46681', 'UAV_01']",UAV_01,7.574788,11.707370,200,HIT,75.907810
518100,1604,GS_01,telemetry_UAV_10,0.1,Optimized,"['GS_01', 'SAT_46681', 'UAV_10']",UAV_10,7.419769,17.760906,200,HIT,52.462517
518100,1605,GS_01,telemetry_UAV_05,0.1,Optimized,"['GS_01', 'SAT_46681', 'UAV_05']",UAV_05,7.497996,14.146688,200,HIT,64.048336
519100,1606,GS_01,telemetry_UAV_05,0.1,Optimized,"['GS_01', 'SAT_46681', 'UAV_05']",UAV_05,7.325830,18.377717,200,HIT,50.856808
519100,1607,GS_01,telemetry_UAV_01,0.1,Optimized,"['GS_01', 'SAT_46681', 'UAV_01']",UAV_01,7.795892,17.288791,200,HIT,54.068648
519100,1608,GS_01,telemetry_UAV_10,0.1,Optimized,"['GS_01', 'SAT_46681', 'UAV_10']",UAV_10,7.507638,14.943632,200,HIT,61.042147
520100,1609,GS_01,telemetry_UAV_10,0.1,Optimized,"['GS_01', 'SAT_46681', 'UAV_10']",UAV_10,7.304662,11.524323,200,HIT,76.723055
520100,1610,GS_01,telemetry_UAV_01,0.1,Optimized,"['GS_01', 'SAT_46681', 'UAV_01']",UAV_01,7.252606,13.731786,200,HIT,65.511599
520100,1611,GS_01,telemetry_UAV_05,0.1,Optimized,"['GS_01', 'SAT_46681', 'UAV_05']",UAV_05,7.361631,12.660487,200,HIT,70.550352
521100,1612,GS_01,telemetry_UAV_10,0.1,Optimized,"['GS_01', 'SAT_46681', 'UAV_10']",UAV_10,7.382531,15.773130,200,HIT,58.101698
521100,1613,GS_01,telemetry_UAV_05,0.1,Optimized,"['GS_01', 'SAT_46681', 'UAV_05']",UAV_05,7.299061,17.813587,200,HIT,52.208602
521100,1614,GS_01,telemetry_UAV_01,0.1,Optimized,"['GS_01', 'SAT_46681', 'UAV_01']",UAV_01,7.543802,13.730560,200,HIT,65.807995
522100,1615,GS_01,telemetry_UAV_10,0.1,Optimized,"['GS_01', 'SAT_46681', 'UAV_10']",UAV_10,7.032686,16.490915,200,HIT,55.544246
522100,1616,GS_01,telemetry_UAV_01,0.1,Optimized,"['GS_01', 'SAT_46681', 'UAV_01']",UAV_01,7.415370,14.237638,200,HIT,63.604467
522100,1617,GS_01,telemetry_UAV_05,0.1,Optimized,"['GS_01', 'SAT_46681', 'UAV_05']",UAV_05,7.147989,12.276278,200,HIT,72.314321
523100,1618,GS_01,telemetry_UAV_10,0.1,Optimized,"['GS_01', 'SAT_46681', 'UAV_10']",UAV_10,6.959123,18.057837,200,HIT,51.261217
523100,1619,GS_01,telemetry_UAV_05,0.1,Optimized,"['GS_01', 'SAT_46681', 'UAV_05']",UAV_05,7.195318,12.538731,200,HIT,70.997626
523100,1620,GS_01,telemetry_UAV_01,0.1,Optimized,"['GS_01', 'SAT_46681', 'UAV_01']",UAV_01,7.283624,12.456983,200,HIT,71.504630
524100,1621,GS_01,telemetry_UAV_01,0.1,Optimized,"['GS_01', 'SAT_46681', 'UAV_01']",UAV_01,6.993538,17.661461,200,HIT,52.289903
524100,1622,GS_01,telemetry_UAV_05,0.1,Optimized,"['GS_01', 'SAT_46681', 'UAV_05']",UAV_05,6.953595,10.479156,200,HIT,83.295624
524100,1623,GS_01,telemetry_UAV_10,0.1,Optimized,"['GS_01', 'SAT_46681', 'UAV_10']",UAV_10,7.069113,14.218971,200,HIT,63.331974
525100,1624,GS_01,telemetry_UAV_10,0.1,Optimized,"['GS_01', 'SAT_46681', 'UAV_10']",UAV_10,6.610392,11.602047,200,HIT,75.563743
525100,1625,GS_01,telemetry_UAV_05,0.1,Optimized,"['GS_01', 'SAT_46681', 'UAV_05']",UAV_05,6.690031,16.017921,200,HIT,56.634089
525100,1626,GS_01,telemetry_UAV_01,0.1,Optimized,"['GS_01', 'SAT_46681', 'UAV_01']",UAV_01,6.667905,13.221964,200,HIT,67.173286
526100,1627,GS_01,telemetry_UAV_10,0.1,Optimized,"['GS_01', 'SAT_46681', 'UAV_10']",UAV_10,6.465344,12.857550,200,HIT,68.685595
526100,1628,GS_01,telemetry_UAV_05,0.1,Optimized,"['GS_01', 'SAT_46681', 'UAV_05']",UAV_05,6.504377,16.463354,200,HIT,55.097148
526100,1629,GS_01,telemetry_UAV_01,0.1,Optimized,"['GS_01', 'SAT_46681', 'UAV_01']",UAV_01,6.811077,11.073882,200,HIT,79.053131
527100,1630,GS_01,telemetry_UAV_01,0.1,Optimized,"['GS_01', 'SAT_46681', 'UAV_01']",UAV_01,6.695987,10.709353,200,HIT,81.397047
527100,1631,GS_01,telemetry_UAV_05,0.1,Optimized,"['GS_01', 'SAT_46681', 'UAV_05']",UAV_05,6.519994,14.943573,200,HIT,60.054714
527100,1632,GS_01,telemetry_UAV_10,0.1,Optimized,"['GS_01', 'SAT_46681', 'UAV_10']",UAV_10,6.438504,11.255984,200,HIT,77.511812
528100,1633,GS_01,telemetry_UAV_05,0.1,Optimized,"['GS_01', 'SAT_46681', 'UAV_05']",UAV_05,6.561475,14.407764,200,HIT,62.087092
528100,1634,GS_01,telemetry_UAV_10,0.1,Optimized,"['GS_01', 'SAT_46681', 'UAV_10']",UAV_10,6.341538,19.372666,200,HIT,47.636836
528100,1635,GS_01,telemetry_UAV_01,0.1,Optimized,"['GS_01', 'SAT_46681', 'UAV_01']",UAV_01,6.558144,18.645796,200,HIT,49.463258
529100,1636,GS_01,telemetry_UAV_05,0.1,Optimized,"['GS_01', 'SAT_46681', 'UAV_05']",UAV_05,6.394413,19.090993,200,HIT,48.298990
529100,1637,GS_01,telemetry_UAV_01,0.1,Optimized,"['GS_01', 'SAT_46681', 'UAV_01']",UAV_01,6.054395,18.865638,200,HIT,48.459534
529100,1638,GS_01,telemetry_UAV_10,0.1,Optimized,"['GS_01', 'SAT_46681', 'UAV_10']",UAV_10,6.150584,13.035850,200,HIT,67.519806
530100,1639,GS_01,telemetry_UAV_01,0.1,Optimized,"['GS_01', 'SAT_64914', 'UAV_01']",UAV_01,5.780282,14.276420,200,HIT,61.816738
530100,1640,GS_01,telemetry_UAV_05,0.1,Optimized,"['GS_01', 'SAT_64914', 'UAV_05']",UAV_05,5.952946,11.238193,200,HIT,77.138767
530100,1641,GS_01,telemetry_UAV_10,0.1,Optimized,"['GS_01', 'SAT_64914', 'UAV_10']",UAV_10,6.009977,17.807791,200,HIT,50.934133
531100,1642,GS_01,telemetry_UAV_10,0.1,Optimized,"['GS_01', 'SAT_64914', 'UAV_10']",UAV_10,6.031092,11.410032,200,HIT,76.144830
531100,1643,GS_01,telemetry_UAV_01,0.1,Optimized,"['GS_01', 'SAT_64914', 'UAV_01']",UAV_01,5.782202,15.188993,200,HIT,58.451922
531100,1644,GS_01,telemetry_UAV_05,0.1,Optimized,"['GS_01', 'SAT_64914', 'UAV_05']",UAV_05,5.786734,15.618690,200,HIT,57.007419
532100,1645,GS_01,telemetry_UAV_01,0.1,Optimized,"['GS_01', 'SAT_64914', 'UAV_01']",UAV_01,5.743131,18.293747,200,HIT,49.473920
532100,1646,GS_01,telemetry_UAV_05,0.1,Optimized,"['GS_01', 'SAT_64914', 'UAV_05']",UAV_05,5.596395,15.667529,200,HIT,56.657414
532100,1647,GS_01,telemetry_UAV_10,0.1,Optimized,"['GS_01', 'SAT_64914', 'UAV_10']",UAV_10,5.804894,14.209215,200,HIT,62.106386
533100,1648,GS_01,telemetry_UAV_01,0.1,Optimized,"['GS_01', 'SAT_64914', 'UAV_01']",UAV_01,5.565513,19.493205,200,HIT,46.605455
533100,1649,GS_01,telemetry_UAV_05,0.1,Optimized,"['GS_01', 'SAT_64914', 'UAV_05']",UAV_05,5.518990,15.396821,200,HIT,57.477767
533100,1650,GS_01,telemetry_UAV_10,0.1,Optimized,"['GS_01', 'SAT_64914', 'UAV_10']",UAV_10,5.513919,17.750217,200,HIT,50.583791
534100,1651,GS_01,telemetry_UAV_01,0.1,Optimized,"['GS_01', 'SAT_64914', 'UAV_01']",UAV_01,5.381351,11.292664,200,HIT,76.223802
534100,1652,GS_01,telemetry_UAV_05,0.1,Optimized,"['GS_01', 'SAT_64914', 'UAV_05']",UAV_05,4.971522,16.479659,200,HIT,53.516216
534100,1653,GS_01,telemetry_UAV_10,0.1,Optimized,"['GS_01', 'SAT_64914', 'UAV_10']",UAV_10,5.106515,16.910246,200,HIT,52.415111
535100,1654,GS_01,telemetry_UAV_05,0.1,Optimized,"['GS_01', 'SAT_64914', 'UAV_05']",UAV_05,4.995151,17.282942,200,HIT,51.283565
535100,1655,GS_01,telemetry_UAV_10,0.1,Optimized,"['GS_01', 'SAT_64914', 'UAV_10']",UAV_10,5.039684,17.534948,200,HIT,50.662858
535100,1656,GS_01,telemetry_UAV_01,0.1,Optimized,"['GS_01', 'SAT_64914', 'UAV_01']",UAV_01,5.164724,17.175696,200,HIT,51.742168
536100,1657,GS_01,telemetry_UAV_05,0.1,Optimized,"['GS_01', 'SAT_64914', 'UAV_05']",UAV_05,4.563139,16.491458,200,HIT,53.073102
536100,1658,GS_01,telemetry_UAV_10,0.1,Optimized,"['GS_01', 'SAT_64914', 'UAV_10']",UAV_10,4.688626,19.726261,200,HIT,45.243701
536100,1659,GS_01,telemetry_UAV_01,0.1,Optimized,"['GS_01', 'SAT_64914', 'UAV_01']",UAV_01,4.667351,16.193536,200,HIT,54.069781
537100,1660,GS_01,telemetry_UAV_01,0.1,Optimized,"['GS_01', 'SAT_64914', 'UAV_01']",UAV_01,4.467826,10.489199,200,HIT,80.736757
537100,1661,GS_01,telemetry_UAV_05,0.1,Optimized,"['GS_01', 'SAT_64914', 'UAV_05']",UAV_05,4.722400,11.471372,200,HIT,74.461225
537100,1662,GS_01,telemetry_UAV_10,0.1,Optimized,"['GS_01', 'SAT_64914', 'UAV_10']",UAV_10,4.441729,18.240348,200,HIT,48.300541
538100,1663,GS_01,telemetry_UAV_05,0.1,Optimized,"['GS_01', 'SAT_64914', 'UAV_05']",UAV_05,4.187189,12.307410,200,HIT,69.188679
538100,1664,GS_01,telemetry_UAV_01,0.1,Optimized,"['GS_01', 'SAT_64914', 'UAV_01']",UAV_01,4.433486,11.289253,200,HIT,75.297341
538100,1665,GS_01,telemetry_UAV_10,0.1,Optimized,"['GS_01', 'SAT_64914', 'UAV_10']",UAV_10,4.162238,12.945108,200,HIT,65.961647
539100,1666,GS_01,telemetry_UAV_10,0.1,Optimized,"['GS_01', 'SAT_64914', 'UAV_10']",UAV_10,4.280216,17.439304,200,HIT,50.153607
539100,1667,GS_01,telemetry_UAV_01,0.1,Optimized,"['GS_01', 'SAT_64914', 'UAV_01']",UAV_01,3.954312,12.613907,200,HIT,67.376376
539100,1668,GS_01,telemetry_UAV_05,0.1,Optimized,"['GS_01', 'SAT_64914', 'UAV_05']",UAV_05,4.110034,19.755837,200,HIT,44.604396
540100,1669,GS_01,telemetry_UAV_05,0.1,Optimized,"['GS_01', 'SAT_64914', 'UAV_05']",UAV_05,3.861448,16.562495,200,HIT,52.163348
540100,1670,GS_01,telemetry_UAV_10,0.1,Optimized,"['GS_01', 'SAT_64914', 'UAV_10']",UAV_10,3.800000,15.187212,200,HIT,56.475894
540100,1671,GS_01,telemetry_UAV_01,0.1,Optimized,"['GS_01', 'SAT_64914', 'UAV_01']",UAV_01,3.855075,15.913761,200,HIT,54.126032
541100,1672,GS_01,telemetry_UAV_01,0.1,Optimized,"['GS_01', 'SAT_64914', 'UAV_01']",UAV_01,4.161867,13.433580,200,HIT,63.714125
541100,1673,GS_01,telemetry_UAV_05,0.1,Optimized,"['GS_01', 'SAT_64914', 'UAV_05']",UAV_05,4.012082,18.899899,200,HIT,46.340350
541100,1674,GS_01,telemetry_UAV_10,0.1,Optimized,"['GS_01', 'SAT_64914', 'UAV_10']",UAV_10,4.220894,12.763848,200,HIT,66.897917
542100,1675,GS_01,telemetry_UAV_01,0.1,Optimized,"['GS_01', 'SAT_64914', 'UAV_01']",UAV_01,4.620490,19.408200,200,HIT,45.840181
542100,1676,GS_01,telemetry_UAV_10,0.1,Optimized,"['GS_01', 'SAT_64914', 'UAV_10']",UAV_10,4.604233,13.016297,200,HIT,66.065645
542100,1677,GS_01,telemetry_UAV_05,0.1,Optimized,"['GS_01', 'SAT_64914', 'UAV_05']",UAV_05,4.666624,16.689087,200,HIT,52.602139
543100,1678,GS_01,telemetry_UAV_01,0.1,Optimized,"['GS_01', 'SAT_64914', 'UAV_01']",UAV_01,4.660649,15.641591,200,HIT,55.806341
543100,1679,GS_01,telemetry_UAV_10,0.1,Optimized,"['GS_01', 'SAT_64914', 'UAV_10']",UAV_10,4.486896,10.069606,200,HIT,83.933896
543100,1680,GS_01,telemetry_UAV_05,0.1,Optimized,"['GS_01', 'SAT_64914', 'UAV_05']",UAV_05,4.405387,13.995367,200,HIT,61.567161
544100,1681,GS_01,telemetry_UAV_01,0.1,Optimized,"['GS_01', 'SAT_64914', 'UAV_01']",UAV_01,4.843596,10.746544,200,HIT,79.286133
544100,1682,GS_01,telemetry_UAV_10,0.1,Optimized,"['GS_01', 'SAT_64914', 'UAV_10']",UAV_10,4.947296,16.873049,200,HIT,52.360185
544100,1683,GS_01,telemetry_UAV_05,0.1,Optimized,"['GS_01', 'SAT_64914', 'UAV_05']",UAV_05,4.966292,14.621736,200,HIT,59.679358
545100,1684,GS_01,telemetry_UAV_01,0.1,Optimized,"['GS_01', 'SAT_64914', 'UAV_01']",UAV_01,5.107052,11.718452,200,HIT,73.375455
545100,1685,GS_01,telemetry_UAV_10,0.1,Optimized,"['GS_01', 'SAT_64914', 'UAV_10']",UAV_10,5.163977,14.208689,200,HIT,61.467553
545100,1686,GS_01,telemetry_UAV_05,0.1,Optimized,"['GS_01', 'SAT_64914', 'UAV_05']",UAV_05,5.031582,13.226871,200,HIT,65.514517
546100,1687,GS_01,telemetry_UAV_05,0.1,Optimized,"['GS_01', 'SAT_64914', 'UAV_05']",UAV_05,5.247066,16.477138,200,HIT,53.799188
546100,1688,GS_01,telemetry_UAV_01,0.1,Optimized,"['GS_01', 'SAT_64914', 'UAV_01']",UAV_01,5.407646,13.567274,200,HIT,64.373068
546100,1689,GS_01,telemetry_UAV_10,0.1,Optimized,"['GS_01', 'SAT_64914', 'UAV_10']",UAV_10,5.312921,14.459540,200,HIT,60.639717
547100,1690,GS_01,telemetry_UAV_10,0.1,Optimized,"['GS_01', 'SAT_64914', 'UAV_10']",UAV_10,5.478379,19.832816,200,HIT,45.815566
547100,1691,GS_01,telemetry_UAV_05,0.1,Optimized,"['GS_01', 'SAT_64914', 'UAV_05']",UAV_05,5.559758,11.739123,200,HIT,73.707952
547100,1692,GS_01,telemetry_UAV_01,0.1,Optimized,"['GS_01', 'SAT_64914', 'UAV_01']",UAV_01,5.561251,13.478107,200,HIT,64.916765
548100,1693,GS_01,telemetry_UAV_05,0.1,Optimized,"['GS_01', 'SAT_64914', 'UAV_05']",UAV_05,5.455325,14.117567,200,HIT,62.122314
548100,1694,GS_01,telemetry_UAV_10,0.1,Optimized,"['GS_01', 'SAT_64914', 'UAV_10']",UAV_10,5.559073,16.505566,200,HIT,54.027571
548100,1695,GS_01,telemetry_UAV_01,0.1,Optimized,"['GS_01', 'SAT_64914', 'UAV_01']",UAV_01,5.619571,13.514290,200,HIT,64.816172
549100,1696,GS_01,telemetry_UAV_05,0.1,Optimized,"['GS_01', 'SAT_64914', 'UAV_05']",UAV_05,5.715162,11.805498,200,HIT,73.480200
549100,1697,GS_01,telemetry_UAV_10,0.1,Optimized,"['GS_01', 'SAT_64914', 'UAV_10']",UAV_10,5.948023,15.953571,200,HIT,56.093537
549100,1698,GS_01,telemetry_UAV_01,0.1,Optimized,"['GS_01', 'SAT_64914', 'UAV_01']",UAV_01,5.710001,18.341313,200,HIT,49.327379
550100,1699,GS_01,telemetry_UAV_05,0.1,Optimized,"['GS_01', 'SAT_64914', 'UAV_05']",UAV_05,5.773137,19.716152,200,HIT,46.349005
550100,1700,GS_01,telemetry_UAV_01,0.1,Optimized,"['GS_01', 'SAT_64914', 'UAV_01']",UAV_01,5.798104,11.484490,200,HIT,75.457269
550100,1701,GS_01,telemetry_UAV_10,0.1,Optimized,"['GS_01', 'SAT_64914', 'UAV_10']",UAV_10,5.942994,10.502684,200,HIT,82.113998
551100,1702,GS_01,telemetry_UAV_05,0.1,Optimized,"['GS_01', 'SAT_64914', 'UAV_05']",UAV_05,6.388256,11.667479,200,HIT,74.954913
551100,1703,GS_01,telemetry_UAV_10,0.1,Optimized,"['GS_01', 'SAT_64914', 'UAV_10']",UAV_10,6.290269,15.641223,200,HIT,57.437164
551100,1704,GS_01,telemetry_UAV_01,0.1,Optimized,"['GS_01', 'SAT_64914', 'UAV_01']",UAV_01,6.265791,12.910108,200,HIT,68.232738
552100,1705,GS_01,telemetry_UAV_01,0.1,Optimized,"['GS_01', 'SAT_64914', 'UAV_01']",UAV_01,6.293435,17.430623,200,HIT,52.189671
552100,1706,GS_01,telemetry_UAV_10,0.1,Optimized,"['GS_01', 'SAT_64914', 'UAV_10']",UAV_10,6.396193,18.114193,200,HIT,50.560458
552100,1707,GS_01,telemetry_UAV_05,0.1,Optimized,"['GS_01', 'SAT_64914', 'UAV_05']",UAV_05,6.321612,14.591075,200,HIT,61.149647
553100,1708,GS_01,telemetry_UAV_01,0.1,Optimized,"['GS_01', 'SAT_64914', 'UAV_01']",UAV_01,6.714980,18.832121,200,HIT,49.195590
553100,1709,GS_01,telemetry_UAV_10,0.1,Optimized,"['GS_01', 'SAT_64914', 'UAV_10']",UAV_10,6.426878,10.379958,200,HIT,83.498480
553100,1710,GS_01,telemetry_UAV_05,0.1,Optimized,"['GS_01', 'SAT_64914', 'UAV_05']",UAV_05,6.561830,12.531952,200,HIT,70.398652
554100,1711,GS_01,telemetry_UAV_01,0.1,Optimized,"['GS_01', 'SAT_64914', 'UAV_01']",UAV_01,6.532262,17.098784,200,HIT,53.319216
554100,1712,GS_01,telemetry_UAV_10,0.1,Optimized,"['GS_01', 'SAT_64914', 'UAV_10']",UAV_10,6.448697,10.893132,200,HIT,79.889470
554100,1713,GS_01,telemetry_UAV_05,0.1,Optimized,"['GS_01', 'SAT_64914', 'UAV_05']",UAV_05,6.534442,17.696288,200,HIT,51.741664
555100,1714,GS_01,telemetry_UAV_10,0.1,Optimized,"['GS_01', 'SAT_64914', 'UAV_10']",UAV_10,6.632036,18.237674,200,HIT,50.497278
555100,1715,GS_01,telemetry_UAV_01,0.1,Optimized,"['GS_01', 'SAT_64914', 'UAV_01']",UAV_01,7.022603,13.704723,200,HIT,65.396641
555100,1716,GS_01,telemetry_UAV_05,0.1,Optimized,"['GS_01', 'SAT_64914', 'UAV_05']",UAV_05,6.778136,18.691428,200,HIT,49.578503
556100,1717,GS_01,telemetry_UAV_05,0.1,Optimized,"['GS_01', 'SAT_64914', 'UAV_05']",UAV_05,6.878839,16.338422,200,HIT,55.843176
556100,1718,GS_01,telemetry_UAV_10,0.1,Optimized,"['GS_01', 'SAT_64914', 'UAV_10']",UAV_10,6.762725,18.353065,200,HIT,50.352175
556100,1719,GS_01,telemetry_UAV_01,0.1,Optimized,"['GS_01', 'SAT_64914', 'UAV_01']",UAV_01,6.760819,18.206557,200,HIT,50.701032
557100,1720,GS_01,telemetry_UAV_01,0.1,Optimized,"['GS_01', 'SAT_64914', 'UAV_01']",UAV_01,7.359688,18.381257,200,HIT,50.882282
557100,1721,GS_01,telemetry_UAV_10,0.1,Optimized,"['GS_01', 'SAT_64914', 'UAV_10']",UAV_10,7.158124,13.034800,200,HIT,68.532294
557100,1722,GS_01,telemetry_UAV_05,0.1,Optimized,"['GS_01', 'SAT_64914', 'UAV_05']",UAV_05,7.093852,19.802522,200,HIT,47.492747
558100,1723,GS_01,telemetry_UAV_01,0.1,Optimized,"['GS_01', 'SAT_64914', 'UAV_01']",UAV_01,7.424367,15.338877,200,HIT,59.579425
558100,1724,GS_01,telemetry_UAV_05,0.1,Optimized,"['GS_01', 'SAT_64914', 'UAV_05']",UAV_05,7.400346,13.269422,200,HIT,67.689331
558100,1725,GS_01,telemetry_UAV_10,0.1,Optimized,"['GS_01', 'SAT_64914', 'UAV_10']",UAV_10,7.310325,19.064262,200,HIT,49.273659
559100,1726,GS_01,telemetry_UAV_01,0.1,Optimized,"['GS_01', 'SAT_64914', 'UAV_01']",UAV_01,7.368856,17.174615,200,HIT,53.949231
559100,1727,GS_01,telemetry_UAV_10,0.1,Optimized,"['GS_01', 'SAT_64914', 'UAV_10']",UAV_10,7.272223,10.200348,200,HIT,85.700922
559100,1728,GS_01,telemetry_UAV_05,0.1,Optimized,"['GS_01', 'SAT_64914', 'UAV_05']",UAV_05,7.409901,18.167491,200,HIT,51.444601
560100,1729,GS_01,telemetry_UAV_10,0.1,Optimized,"['GS_01', 'SAT_60442', 'UAV_10']",UAV_10,7.289635,10.210291,200,HIT,85.641959
560100,1730,GS_01,telemetry_UAV_05,0.1,Optimized,"['GS_01', 'SAT_60442', 'UAV_05']",UAV_05,7.462143,19.610146,200,HIT,48.257352
560100,1731,GS_01,telemetry_UAV_01,0.1,Optimized,"['GS_01', 'SAT_60442', 'UAV_01']",UAV_01,7.584767,19.326349,200,HIT,48.979032
561100,1732,GS_01,telemetry_UAV_05,0.1,Optimized,"['GS_01', 'SAT_60442', 'UAV_05']",UAV_05,7.646266,11.451725,200,HIT,77.504740
561100,1733,GS_01,telemetry_UAV_01,0.1,Optimized,"['GS_01', 'SAT_60442', 'UAV_01']",UAV_01,7.568599,18.619451,200,HIT,50.534421
561100,1734,GS_01,telemetry_UAV_10,0.1,Optimized,"['GS_01', 'SAT_60442', 'UAV_10']",UAV_10,7.334363,18.103465,200,HIT,51.524797
562100,1735,GS_01,telemetry_UAV_01,0.1,Optimized,"['GS_01', 'SAT_60442', 'UAV_01']",UAV_01,7.612463,11.926630,200,HIT,74.689247
562100,1736,GS_01,telemetry_UAV_10,0.1,Optimized,"['GS_01', 'SAT_60442', 'UAV_10']",UAV_10,7.581594,16.388312,200,HIT,56.396871
562100,1737,GS_01,telemetry_UAV_05,0.1,Optimized,"['GS_01', 'SAT_60442', 'UAV_05']",UAV_05,7.630985,17.753740,200,HIT,52.691914
563100,1738,GS_01,telemetry_UAV_05,0.1,Optimized,"['GS_01', 'SAT_60442', 'UAV_05']",UAV_05,7.507478,14.884664,200,HIT,61.254071
563100,1739,GS_01,telemetry_UAV_01,0.1,Optimized,"['GS_01', 'SAT_60442', 'UAV_01']",UAV_01,7.919274,19.572101,200,HIT,48.793783
563100,1740,GS_01,telemetry_UAV_10,0.1,Optimized,"['GS_01', 'SAT_60442', 'UAV_10']",UAV_10,7.879895,12.995064,200,HIT,69.441732
564100,1741,GS_01,telemetry_UAV_01,0.1,Optimized,"['GS_01', 'SAT_60442', 'UAV_01']",UAV_01,7.987248,12.389679,200,HIT,72.557122
564100,1742,GS_01,telemetry_UAV_10,0.1,Optimized,"['GS_01', 'SAT_60442', 'UAV_10']",UAV_10,7.642750,15.111502,200,HIT,60.582557
564100,1743,GS_01,telemetry_UAV_05,0.1,Optimized,"['GS_01', 'SAT_60442', 'UAV_05']",UAV_05,7.955678,19.057845,200,HIT,49.933141
565100,1744,GS_01,telemetry_UAV_01,0.1,Optimized,"['GS_01', 'SAT_60442', 'UAV_01']",UAV_01,8.106578,12.205799,200,HIT,73.649195
565100,1745,GS_01,telemetry_UAV_05,0.1,Optimized,"['GS_01', 'SAT_60442', 'UAV_05']",UAV_05,8.049144,11.802606,200,HIT,75.830787
565100,1746,GS_01,telemetry_UAV_10,0.1,Optimized,"['GS_01', 'SAT_60442', 'UAV_10']",UAV_10,7.758919,16.706177,200,HIT,55.645398
566100,1747,GS_01,telemetry_UAV_10,0.1,Optimized,"['GS_01', 'SAT_60442', 'UAV_10']",UAV_10,7.759953,18.267564,200,HIT,51.553421
566100,1748,GS_01,telemetry_UAV_05,0.1,Optimized,"['GS_01', 'SAT_60442', 'UAV_05']",UAV_05,7.792764,13.358442,200,HIT,67.679985
566100,1749,GS_01,telemetry_UAV_01,0.1,Optimized,"['GS_01', 'SAT_60442', 'UAV_01']",UAV_01,7.889188,16.331464,200,HIT,56.874385
567100,1750,GS_01,telemetry_UAV_01,0.1,Optimized,"['GS_01', 'SAT_60442', 'UAV_01']",UAV_01,7.930479,15.488422,200,HIT,59.581964
567100,1751,GS_01,telemetry_UAV_05,0.1,Optimized,"['GS_01', 'SAT_60442', 'UAV_05']",UAV_05,7.779987,14.673437,200,HIT,62.300273
567100,1752,GS_01,telemetry_UAV_10,0.1,Optimized,"['GS_01', 'SAT_60442', 'UAV_10']",UAV_10,7.872644,16.737366,200,HIT,55.669891
568100,1753,GS_01,telemetry_UAV_05,0.1,Optimized,"['GS_01', 'SAT_60442', 'UAV_05']",UAV_05,7.903961,15.465615,200,HIT,59.631617
568100,1754,GS_01,telemetry_UAV_10,0.1,Optimized,"['GS_01', 'SAT_60442', 'UAV_10']",UAV_10,8.084624,14.760225,200,HIT,62.284339
568100,1755,GS_01,telemetry_UAV_01,0.1,Optimized,"['GS_01', 'SAT_60442', 'UAV_01']",UAV_01,7.894093,16.506624,200,HIT,56.359485
569100,1756,GS_01,telemetry_UAV_10,0.1,Optimized,"['GS_01', 'SAT_60442', 'UAV_10']",UAV_10,7.946525,14.143710,200,HIT,64.508770
569100,1757,GS_01,telemetry_UAV_05,0.1,Optimized,"['GS_01', 'SAT_60442', 'UAV_05']",UAV_05,7.754613,11.264110,200,HIT,78.776644
569100,1758,GS_01,telemetry_UAV_01,0.1,Optimized,"['GS_01', 'SAT_60442', 'UAV_01']",UAV_01,8.200000,10.160944,200,HIT,86.932845
570100,1759,GS_01,telemetry_UAV_10,0.1,Optimized,"['GS_01', 'SAT_60442', 'UAV_10']",UAV_10,8.183667,16.860259,200,HIT,55.632523
570100,1760,GS_01,telemetry_UAV_05,0.1,Optimized,"['GS_01', 'SAT_60442', 'UAV_05']",UAV_05,7.820107,15.811907,200,HIT,58.414891
570100,1761,GS_01,telemetry_UAV_01,0.1,Optimized,"['GS_01', 'SAT_60442', 'UAV_01']",UAV_01,8.183763,17.013583,200,HIT,55.205018
571100,1762,GS_01,telemetry_UAV_05,0.1,Optimized,"['GS_01', 'SAT_60442', 'UAV_05']",UAV_05,8.190792,19.529464,200,HIT,49.154538
571100,1763,GS_01,telemetry_UAV_01,0.1,Optimized,"['GS_01', 'SAT_60442', 'UAV_01']",UAV_01,7.958515,19.909719,200,HIT,48.139896
571100,1764,GS_01,telemetry_UAV_10,0.1,Optimized,"['GS_01', 'SAT_60442', 'UAV_10']",UAV_10,7.747560,10.410276,200,HIT,84.594708
572100,1765,GS_01,telemetry_UAV_10,0.1,Optimized,"['GS_01', 'SAT_60442', 'UAV_10']",UAV_10,8.167488,13.333318,200,HIT,68.167559
572100,1766,GS_01,telemetry_UAV_01,0.1,Optimized,"['GS_01', 'SAT_60442', 'UAV_01']",UAV_01,8.089482,14.736507,200,HIT,62.376431
572100,1767,GS_01,telemetry_UAV_05,0.1,Optimized,"['GS_01', 'SAT_60442', 'UAV_05']",UAV_05,7.895975,16.881889,200,HIT,55.284037
573100,1768,GS_01,telemetry_UAV_01,0.1,Optimized,"['GS_01', 'SAT_60442', 'UAV_01']",UAV_01,7.802246,16.003990,200,HIT,57.789781
573100,1769,GS_01,telemetry_UAV_10,0.1,Optimized,"['GS_01', 'SAT_60442', 'UAV_10']",UAV_10,7.827946,12.803641,200,HIT,70.310172
573100,1770,GS_01,telemetry_UAV_05,0.1,Optimized,"['GS_01', 'SAT_60442', 'UAV_05']",UAV_05,8.011568,13.924401,200,HIT,65.464668
574100,1771,GS_01,telemetry_UAV_01,0.1,Optimized,"['GS_01', 'SAT_60442', 'UAV_01']",UAV_01,7.961664,15.289380,200,HIT,60.285566
574100,1772,GS_01,telemetry_UAV_10,0.1,Optimized,"['GS_01', 'SAT_60442', 'UAV_10']",UAV_10,7.974925,11.492348,200,HIT,77.586461
574100,1773,GS_01,telemetry_UAV_05,0.1,Optimized,"['GS_01', 'SAT_60442', 'UAV_05']",UAV_05,7.941210,17.161692,200,HIT,54.556661
575100,1774,GS_01,telemetry_UAV_10,0.1,Optimized,"['GS_01', 'SAT_60442', 'UAV_10']",UAV_10,7.811885,13.311618,200,HIT,67.909762
575100,1775,GS_01,telemetry_UAV_01,0.1,Optimized,"['GS_01', 'SAT_60442', 'UAV_01']",UAV_01,7.796758,14.392273,200,HIT,63.382142
575100,1776,GS_01,telemetry_UAV_05,0.1,Optimized,"['GS_01', 'SAT_60442', 'UAV_05']",UAV_05,8.039149,17.515514,200,HIT,53.712945
576100,1777,GS_01,telemetry_UAV_05,0.1,Optimized,"['GS_01', 'SAT_60442', 'UAV_05']",UAV_05,8.033510,19.925790,200,HIT,48.182482
576100,1778,GS_01,telemetry_UAV_01,0.1,Optimized,"['GS_01', 'SAT_60442', 'UAV_01']",UAV_01,7.790949,15.797541,200,HIT,58.431743
576100,1779,GS_01,telemetry_UAV_10,0.1,Optimized,"['GS_01', 'SAT_60442', 'UAV_10']",UAV_10,7.731891,18.288354,200,HIT,51.475576
577100,1780,GS_01,telemetry_UAV_05,0.1,Optimized,"['GS_01', 'SAT_60442', 'UAV_05']",UAV_05,7.904098,10.093405,200,HIT,87.163769
577100,1781,GS_01,telemetry_UAV_01,0.1,Optimized,"['GS_01', 'SAT_60442', 'UAV_01']",UAV_01,7.603657,10.669557,200,HIT,82.583342
577100,1782,GS_01,telemetry_UAV_10,0.1,Optimized,"['GS_01', 'SAT_60442', 'UAV_10']",UAV_10,7.558242,13.893397,200,HIT,65.139550
578100,1783,GS_01,telemetry_UAV_05,0.1,Optimized,"['GS_01', 'SAT_60442', 'UAV_05']",UAV_05,7.430417,12.640263,200,HIT,70.720239
578100,1784,GS_01,telemetry_UAV_10,0.1,Optimized,"['GS_01', 'SAT_60442', 'UAV_10']",UAV_10,7.697171,14.073106,200,HIT,64.543188
578100,1785,GS_01,telemetry_UAV_01,0.1,Optimized,"['GS_01', 'SAT_60442', 'UAV_01']",UAV_01,7.802015,17.189586,200,HIT,54.341821
579100,1786,GS_01,telemetry_UAV_10,0.1,Optimized,"['GS_01', 'SAT_60442', 'UAV_10']",UAV_10,7.492649,15.451971,200,HIT,59.265979
579100,1787,GS_01,telemetry_UAV_01,0.1,Optimized,"['GS_01', 'SAT_60442', 'UAV_01']",UAV_01,7.768994,16.408417,200,HIT,56.524460
579100,1788,GS_01,telemetry_UAV_05,0.1,Optimized,"['GS_01', 'SAT_60442', 'UAV_05']",UAV_05,7.711129,10.986243,200,HIT,80.529472
580100,1789,GS_01,telemetry_UAV_10,0.1,Optimized,"['GS_01', 'SAT_60442', 'UAV_10']",UAV_10,7.599872,15.183927,200,HIT,60.287165
580100,1790,GS_01,telemetry_UAV_05,0.1,Optimized,"['GS_01', 'SAT_60442', 'UAV_05']",UAV_05,7.623464,19.854696,200,HIT,47.916198
580100,1791,GS_01,telemetry_UAV_01,0.1,Optimized,"['GS_01', 'SAT_60442', 'UAV_01']",UAV_01,7.378867,14.788521,200,HIT,61.474879
581100,1792,GS_01,telemetry_UAV_10,0.1,Optimized,"['GS_01', 'SAT_60442', 'UAV_10']",UAV_10,7.459821,15.895510,200,HIT,57.788498
581100,1793,GS_01,telemetry_UAV_01,0.1,Optimized,"['GS_01', 'SAT_60442', 'UAV_01']",UAV_01,7.274269,17.404336,200,HIT,53.239826
581100,1794,GS_01,telemetry_UAV_05,0.1,Optimized,"['GS_01', 'SAT_60442', 'UAV_05']",UAV_05,7.426152,13.035865,200,HIT,68.795305
582100,1795,GS_01,telemetry_UAV_05,0.1,Optimized,"['GS_01', 'SAT_60442', 'UAV_05']",UAV_05,7.019278,17.460812,200,HIT,52.836161
582100,1796,GS_01,telemetry_UAV_10,0.1,Optimized,"['GS_01', 'SAT_60442', 'UAV_10']",UAV_10,7.446497,11.210189,200,HIT,78.810149
582100,1797,GS_01,telemetry_UAV_01,0.1,Optimized,"['GS_01', 'SAT_60442', 'UAV_01']",UAV_01,7.408742,17.511401,200,HIT,53.093265
583100,1798,GS_01,telemetry_UAV_10,0.1,Optimized,"['GS_01', 'SAT_60442', 'UAV_10']",UAV_10,7.147865,18.601096,200,HIT,50.156084
583100,1799,GS_01,telemetry_UAV_05,0.1,Optimized,"['GS_01', 'SAT_60442', 'UAV_05']",UAV_05,7.317633,11.314125,200,HIT,78.025710
583100,1800,GS_01,telemetry_UAV_01,0.1,Optimized,"['GS_01', 'SAT_60442', 'UAV_01']",UAV_01,7.252487,16.266746,200,HIT,56.432573
584000,1801,GS_01,telemetry_UAV_01,0.1,Optimized,"['GS_01', 'SAT_60442', 'UAV_01']",UAV_01,6.856856,11.554541,200,HIT,76.093703
584000,1802,GS_01,telemetry_UAV_10,0.1,Optimized,"['GS_01', 'SAT_60442', 'UAV_10']",UAV_10,7.013982,12.150689,200,HIT,72.853869
584100,1803,GS_01,telemetry_UAV_05,0.1,Optimized,"['GS_01', 'SAT_60442', 'UAV_05']",UAV_05,6.790328,16.068003,200,HIT,56.578717
585100,1804,GS_01,telemetry_UAV_10,0.1,Optimized,"['GS_01', 'SAT_60442', 'UAV_10']",UAV_10,7.056422,18.483021,200,HIT,50.339388
585100,1805,GS_01,telemetry_UAV_05,0.1,Optimized,"['GS_01', 'SAT_60442', 'UAV_05']",UAV_05,6.883243,19.019842,200,HIT,48.944580
585100,1806,GS_01,telemetry_UAV_01,0.1,Optimized,"['GS_01', 'SAT_60442', 'UAV_01']",UAV_01,6.973661,17.893024,200,HIT,51.683822
586100,1807,GS_01,telemetry_UAV_10,0.1,Optimized,"['GS_01', 'SAT_60442', 'UAV_10']",UAV_10,6.656797,19.894202,200,HIT,46.869518
586100,1808,GS_01,telemetry_UAV_05,0.1,Optimized,"['GS_01', 'SAT_60442', 'UAV_05']",UAV_05,6.603617,19.378670,200,HIT,47.886120
586100,1809,GS_01,telemetry_UAV_01,0.1,Optimized,"['GS_01', 'SAT_60442', 'UAV_01']",UAV_01,6.513047,15.246901,200,HIT,58.982728
587100,1810,GS_01,telemetry_UAV_10,0.1,Optimized,"['GS_01', 'SAT_60442', 'UAV_10']",UAV_10,6.708840,16.190077,200,HIT,56.121822
587100,1811,GS_01,telemetry_UAV_05,0.1,Optimized,"['GS_01', 'SAT_60442', 'UAV_05']",UAV_05,6.594854,12.026965,200,HIT,73.112050
587100,1812,GS_01,telemetry_UAV_01,0.1,Optimized,"['GS_01', 'SAT_60442', 'UAV_01']",UAV_01,6.291348,10.673774,200,HIT,81.241409
588100,1813,GS_01,telemetry_UAV_05,0.1,Optimized,"['GS_01', 'SAT_60442', 'UAV_05']",UAV_05,6.287556,18.832648,200,HIT,48.766977
588100,1814,GS_01,telemetry_UAV_10,0.1,Optimized,"['GS_01', 'SAT_60442', 'UAV_10']",UAV_10,6.251649,18.896591,200,HIT,48.587327
588100,1815,GS_01,telemetry_UAV_01,0.1,Optimized,"['GS_01', 'SAT_60442', 'UAV_01']",UAV_01,6.412076,13.422805,200,HIT,66.012137
589100,1816,GS_01,telemetry_UAV_10,0.1,Optimized,"['GS_01', 'SAT_60442', 'UAV_10']",UAV_10,6.408703,19.672561,200,HIT,47.074480
589100,1817,GS_01,telemetry_UAV_05,0.1,Optimized,"['GS_01', 'SAT_60442', 'UAV_05']",UAV_05,5.954541,11.185455,200,HIT,77.475995
589100,1818,GS_01,telemetry_UAV_01,0.1,Optimized,"['GS_01', 'SAT_60442', 'UAV_01']",UAV_01,6.071117,12.487984,200,HIT,70.132696
590100,1819,GS_01,telemetry_UAV_05,0.1,Optimized,"['GS_01', 'SAT_60442', 'UAV_05']",UAV_05,6.050769,16.231530,200,HIT,55.337560
590100,1820,GS_01,telemetry_UAV_01,0.1,Optimized,"['GS_01', 'SAT_60442', 'UAV_01']",UAV_01,6.164845,11.029463,200,HIT,78.697839
590100,1821,GS_01,telemetry_UAV_10,0.1,Optimized,"['GS_01', 'SAT_60442', 'UAV_10']",UAV_10,6.095988,15.360848,200,HIT,58.176445
591100,1822,GS_01,telemetry_UAV_05,0.1,Optimized,"['GS_01', 'SAT_60442', 'UAV_05']",UAV_05,5.896391,17.891528,200,HIT,50.610293
591100,1823,GS_01,telemetry_UAV_10,0.1,Optimized,"['GS_01', 'SAT_60442', 'UAV_10']",UAV_10,5.652778,19.837434,200,HIT,45.980574
591100,1824,GS_01,telemetry_UAV_01,0.1,Optimized,"['GS_01', 'SAT_60442', 'UAV_01']",UAV_01,5.779239,13.616743,200,HIT,64.530439
592100,1825,GS_01,telemetry_UAV_05,0.1,Optimized,"['GS_01', 'SAT_60442', 'UAV_05']",UAV_05,5.686286,19.949421,200,HIT,45.787701
592100,1826,GS_01,telemetry_UAV_10,0.1,Optimized,"['GS_01', 'SAT_60442', 'UAV_10']",UAV_10,5.459293,18.808826,200,HIT,47.992516
592100,1827,GS_01,telemetry_UAV_01,0.1,Optimized,"['GS_01', 'SAT_60442', 'UAV_01']",UAV_01,5.806979,12.379153,200,HIT,70.431757
593100,1828,GS_01,telemetry_UAV_10,0.1,Optimized,"['GS_01', 'SAT_60442', 'UAV_10']",UAV_10,5.363422,15.975268,200,HIT,55.440829
593100,1829,GS_01,telemetry_UAV_01,0.1,Optimized,"['GS_01', 'SAT_60442', 'UAV_01']",UAV_01,5.411106,10.344550,200,HIT,82.746514
593100,1830,GS_01,telemetry_UAV_05,0.1,Optimized,"['GS_01', 'SAT_60442', 'UAV_05']",UAV_05,5.525314,14.357892,200,HIT,61.243801
594100,1831,GS_01,telemetry_UAV_05,0.1,Optimized,"['GS_01', 'SAT_60442', 'UAV_05']",UAV_05,5.273993,18.883335,200,HIT,47.639391
594100,1832,GS_01,telemetry_UAV_01,0.1,Optimized,"['GS_01', 'SAT_60442', 'UAV_01']",UAV_01,5.170968,12.247504,200,HIT,70.490401
594100,1833,GS_01,telemetry_UAV_10,0.1,Optimized,"['GS_01', 'SAT_60442', 'UAV_10']",UAV_10,5.309538,19.766148,200,HIT,45.782776
595100,1834,GS_01,telemetry_UAV_10,0.1,Optimized,"['GS_01', 'SAT_60442', 'UAV_10']",UAV_10,4.875052,16.430031,200,HIT,53.566379
595100,1835,GS_01,telemetry_UAV_05,0.1,Optimized,"['GS_01', 'SAT_60442', 'UAV_05']",UAV_05,5.159356,10.136708,200,HIT,84.080442
595100,1836,GS_01,telemetry_UAV_01,0.1,Optimized,"['GS_01', 'SAT_60442', 'UAV_01']",UAV_01,5.053607,18.725171,200,HIT,47.776847
596100,1837,GS_01,telemetry_UAV_05,0.1,Optimized,"['GS_01', 'SAT_60442', 'UAV_05']",UAV_05,4.986431,18.663266,200,HIT,47.851382
596100,1838,GS_01,telemetry_UAV_10,0.1,Optimized,"['GS_01', 'SAT_60442', 'UAV_10']",UAV_10,5.049730,14.588391,200,HIT,59.887855
596100,1839,GS_01,telemetry_UAV_01,0.1,Optimized,"['GS_01', 'SAT_60442', 'UAV_01']",UAV_01,5.021853,15.516872,200,HIT,56.578637
597100,1840,GS_01,telemetry_UAV_05,0.1,Optimized,"['GS_01', 'SAT_60442', 'UAV_05']",UAV_05,4.503094,16.890106,200,HIT,51.868102
597100,1841,GS_01,telemetry_UAV_10,0.1,Optimized,"['GS_01', 'SAT_60442', 'UAV_10']",UAV_10,4.721504,19.081312,200,HIT,46.647342
597100,1842,GS_01,telemetry_UAV_01,0.1,Optimized,"['GS_01', 'SAT_60442', 'UAV_01']",UAV_01,4.829385,15.288997,200,HIT,57.154597
598100,1843,GS_01,telemetry_UAV_10,0.1,Optimized,"['GS_01', 'SAT_60442', 'UAV_10']",UAV_10,4.611010,14.154009,200,HIT,61.132100
598100,1844,GS_01,telemetry_UAV_05,0.1,Optimized,"['GS_01', 'SAT_60442', 'UAV_05']",UAV_05,4.415131,12.780855,200,HIT,67.008753
598100,1845,GS_01,telemetry_UAV_01,0.1,Optimized,"['GS_01', 'SAT_60442', 'UAV_01']",UAV_01,4.469050,12.520658,200,HIT,68.363454
599100,1846,GS_01,telemetry_UAV_10,0.1,Optimized,"['GS_01', 'SAT_60442', 'UAV_10']",UAV_10,4.252538,15.255996,200,HIT,56.690937
599100,1847,GS_01,telemetry_UAV_01,0.1,Optimized,"['GS_01', 'SAT_60442', 'UAV_01']",UAV_01,4.043615,14.639377,200,HIT,58.690750
599100,1848,GS_01,telemetry_UAV_05,0.1,Optimized,"['GS_01', 'SAT_60442', 'UAV_05']",UAV_05,4.060070,18.908278,200,HIT,46.369581
