time_ms,src,dst,direction,distance_km,delay_ms,jitter_ms,loss_pct,bw_mbps,max_queue_pkt,type,status,lifetime_ms
0,SAT_63188,SAT_63578,BIDIR,212.378,0.708,0.071,0.0,100,11,SAT-SAT,UP,60000
0,SAT_63188,SAT_56547,BIDIR,229.229,0.764,0.076,0.0,100,12,SAT-SAT,UP,60000
0,SAT_63188,SAT_56555,BIDIR,236.833,0.789,0.079,0.0,100,13,SAT-SAT,UP,60000
0,SAT_63188,SAT_60444,BIDIR,238.283,0.794,0.079,0.0,100,13,SAT-SAT,UP,60000
0,SAT_63188,SAT_57924,BIDIR,269.648,0.899,0.09,0.0,100,14,SAT-SAT,UP,60000
0,SAT_63188,SAT_47739,BIDIR,348.34,1.161,0.116,0.0,100,19,SAT-SAT,UP,60000
0,SAT_63188,SAT_67334,BIDIR,359.76,1.199,0.12,0.0,100,19,SAT-SAT,UP,60000
0,SAT_63188,SAT_56770,BIDIR,365.532,1.218,0.122,0.0,100,20,SAT-SAT,UP,60000
0,SAT_63188,SAT_57919,BIDIR,378.227,1.261,0.126,0.0,100,21,SAT-SAT,UP,60000
0,SAT_63188,SAT_49451,BIDIR,385.965,1.287,0.129,0.0,100,21,SAT-SAT,UP,60000
0,SAT_63188,SAT_56544,BIDIR,388.535,1.295,0.13,0.0,100,21,SAT-SAT,UP,60000
0,SAT_63188,UAV_50,BIDIR,408.977,1.363,0.136,0.0,20,10,SAT-UAV,UP,60000
0,SAT_63188,UAV_38,BIDIR,409.131,1.364,0.136,0.0,20,10,SAT-UAV,UP,60000
0,SAT_63188,UAV_34,BIDIR,409.213,1.364,0.136,0.0,20,10,SAT-UAV,UP,60000
0,SAT_63188,UAV_47,BIDIR,409.298,1.364,0.136,0.0,20,10,SAT-UAV,UP,60000
0,SAT_63188,UAV_41,BIDIR,409.337,1.364,0.136,0.0,20,10,SAT-UAV,UP,60000
0,SAT_63188,UAV_29,BIDIR,409.359,1.365,0.136,0.0,20,10,SAT-UAV,UP,60000
0,SAT_63188,UAV_30,BIDIR,409.473,1.365,0.136,0.0,20,10,SAT-UAV,UP,60000
0,SAT_63188,UAV_44,BIDIR,409.5,1.365,0.136,0.0,20,10,SAT-UAV,UP,60000
0,SAT_63578,SAT_56555,BIDIR,64.028,0.213,0.021,0.0,100,10,SAT-SAT,UP,60000
0,SAT_63578,SAT_56547,BIDIR,133.967,0.447,0.045,0.0,100,10,SAT-SAT,UP,60000
0,SAT_63578,SAT_57919,BIDIR,223.741,0.746,0.075,0.0,100,12,SAT-SAT,UP,60000
0,SAT_63578,SAT_51809,BIDIR,247.521,0.825,0.083,0.0,100,13,SAT-SAT,UP,60000
0,SAT_63578,SAT_56544,BIDIR,250.484,0.835,0.083,0.0,100,13,SAT-SAT,UP,60000
0,SAT_63578,SAT_56770,BIDIR,253.277,0.844,0.084,0.0,100,14,SAT-SAT,UP,60000
0,SAT_63578,SAT_57924,BIDIR,292.735,0.976,0.098,0.0,100,16,SAT-SAT,UP,60000
0,SAT_63578,SAT_67311,BIDIR,297.788,0.993,0.099,0.0,100,16,SAT-SAT,UP,60000
0,SAT_63578,SAT_60444,BIDIR,369.975,1.233,0.123,0.0,100,20,SAT-SAT,UP,60000
0,SAT_63578,SAT_67334,BIDIR,372.65,1.242,0.124,0.0,100,20,SAT-SAT,UP,60000
0,SAT_63578,SAT_57663,BIDIR,414.421,1.381,0.138,0.0,100,23,SAT-SAT,UP,60000
0,SAT_63578,SAT_47739,BIDIR,489.693,1.632,0.163,0.0,100,27,SAT-SAT,UP,60000
0,SAT_63578,UAV_47,BIDIR,506.693,1.689,0.169,0.0,20,10,SAT-UAV,UP,60000
0,SAT_63578,UAV_44,BIDIR,506.698,1.689,0.169,0.0,20,10,SAT-UAV,UP,60000
0,SAT_63578,UAV_41,BIDIR,506.747,1.689,0.169,0.0,20,10,SAT-UAV,UP,60000
0,SAT_63578,UAV_50,BIDIR,506.904,1.69,0.169,0.0,20,10,SAT-UAV,UP,60000
0,SAT_63578,UAV_29,BIDIR,506.909,1.69,0.169,0.0,20,10,SAT-UAV,UP,60000
0,SAT_63578,UAV_28,BIDIR,506.929,1.69,0.169,0.0,20,10,SAT-UAV,UP,60000
0,SAT_57919,SAT_67311,BIDIR,108.616,0.362,0.036,0.0,100,10,SAT-SAT,UP,60000
0,SAT_57919,SAT_56770,BIDIR,139.662,0.466,0.047,0.0,100,10,SAT-SAT,UP,60000
0,SAT_57919,SAT_56547,BIDIR,224.197,0.747,0.075,0.0,100,12,SAT-SAT,UP,60000
0,SAT_57919,SAT_51809,BIDIR,230.611,0.769,0.077,0.0,100,12,SAT-SAT,UP,60000
0,SAT_57919,SAT_56555,BIDIR,252.687,0.842,0.084,0.0,100,14,SAT-SAT,UP,60000
0,SAT_57919,SAT_57663,BIDIR,258.563,0.862,0.086,0.0,100,14,SAT-SAT,UP,60000
0,SAT_57919,SAT_57924,BIDIR,346.858,1.156,0.116,0.0,100,19,SAT-SAT,UP,60000
0,SAT_57919,SAT_59757,BIDIR,365.38,1.218,0.122,0.0,100,20,SAT-SAT,UP,60000
0,SAT_57919,SAT_55452,BIDIR,390.584,1.302,0.13,0.0,100,21,SAT-SAT,UP,60000
0,SAT_57919,SAT_56544,BIDIR,418.143,1.394,0.139,0.0,100,23,SAT-SAT,UP,60000
0,SAT_57919,SAT_64921,BIDIR,445.236,1.484,0.148,0.0,100,24,SAT-SAT,UP,60000
0,SAT_57919,SAT_60444,BIDIR,485.426,1.618,0.162,0.0,100,26,SAT-SAT,UP,60000
0,SAT_57919,SAT_59944,BIDIR,533.564,1.779,0.178,0.0,100,29,SAT-SAT,UP,60000
0,SAT_57919,SAT_59801,BIDIR,535.315,1.784,0.178,0.0,100,29,SAT-SAT,UP,60000
0,SAT_57919,UAV_49,BIDIR,535.415,1.785,0.178,0.0,20,10,SAT-UAV,UP,60000
0,SAT_57919,UAV_40,BIDIR,535.488,1.785,0.178,0.0,20,10,SAT-UAV,UP,60000
0,SAT_57919,UAV_46,BIDIR,535.5,1.785,0.178,0.0,20,10,SAT-UAV,UP,60000
0,SAT_67311,SAT_57663,BIDIR,153.177,0.511,0.051,0.0,100,10,SAT-SAT,UP,60000
0,SAT_67311,SAT_51809,BIDIR,214.035,0.713,0.071,0.0,100,11,SAT-SAT,UP,60000
0,SAT_67311,SAT_56770,BIDIR,240.75,0.802,0.08,0.0,100,13,SAT-SAT,UP,60000
0,SAT_67311,SAT_55452,BIDIR,292.542,0.975,0.098,0.0,100,16,SAT-SAT,UP,60000
0,SAT_67311,SAT_59757,BIDIR,313.027,1.043,0.104,0.0,100,17,SAT-SAT,UP,60000
0,SAT_67311,SAT_56547,BIDIR,327.585,1.092,0.109,0.0,100,18,SAT-SAT,UP,60000
0,SAT_67311,SAT_56555,BIDIR,333.544,1.112,0.111,0.0,100,18,SAT-SAT,UP,60000
0,SAT_67311,SAT_64921,BIDIR,409.598,1.365,0.137,0.0,100,22,SAT-SAT,UP,60000
0,SAT_67311,SAT_59801,BIDIR,431.184,1.437,0.144,0.0,100,23,SAT-SAT,UP,60000
0,SAT_67311,SAT_56544,BIDIR,452.506,1.508,0.151,0.0,100,25,SAT-SAT,UP,60000
0,SAT_67311,SAT_57924,BIDIR,453.796,1.513,0.151,0.0,100,25,SAT-SAT,UP,60000
0,SAT_67311,SAT_63188,BIDIR,456.126,1.52,0.152,0.0,100,25,SAT-SAT,UP,60000
0,SAT_67311,SAT_62448,BIDIR,487.602,1.625,0.163,0.0,100,27,SAT-SAT,UP,60000
0,SAT_67311,UAV_49,BIDIR,543.743,1.812,0.181,0.0,20,10,SAT-UAV,UP,60000
0,SAT_67311,UAV_40,BIDIR,543.866,1.813,0.181,0.0,20,10,SAT-UAV,UP,60000
0,SAT_67311,UAV_46,BIDIR,543.897,1.813,0.181,0.0,20,10,SAT-UAV,UP,60000
0,SAT_67311,UAV_43,BIDIR,543.964,1.813,0.181,0.0,20,10,SAT-UAV,UP,60000
0,SAT_56547,SAT_56555,BIDIR,122.391,0.408,0.041,0.0,100,10,SAT-SAT,UP,60000
0,SAT_56547,SAT_57924,BIDIR,169.471,0.565,0.056,0.0,100,10,SAT-SAT,UP,60000
0,SAT_56547,SAT_56770,BIDIR,172.351,0.575,0.057,0.0,100,10,SAT-SAT,UP,60000
0,SAT_56547,SAT_60444,BIDIR,288.941,0.963,0.096,0.0,100,16,SAT-SAT,UP,60000
0,SAT_56547,SAT_51809,BIDIR,334.306,1.114,0.111,0.0,100,18,SAT-SAT,UP,60000
0,SAT_56547,SAT_56544,BIDIR,356.813,1.189,0.119,0.0,100,19,SAT-SAT,UP,60000
0,SAT_56547,SAT_49451,BIDIR,420.21,1.401,0.14,0.0,100,23,SAT-SAT,UP,60000
0,SAT_56547,SAT_67334,BIDIR,440.998,1.47,0.147,0.0,100,24,SAT-SAT,UP,60000
0,SAT_56547,SAT_64905,BIDIR,444.817,1.483,0.148,0.0,100,24,SAT-SAT,UP,60000
0,SAT_56547,SAT_47739,BIDIR,465.221,1.551,0.155,0.0,100,25,SAT-SAT,UP,60000
0,SAT_56547,SAT_57663,BIDIR,468.412,1.561,0.156,0.0,100,26,SAT-SAT,UP,60000
0,SAT_56547,UAV_50,BIDIR,552.659,1.842,0.184,0.0,20,10,SAT-UAV,UP,60000
0,SAT_56547,UAV_38,BIDIR,552.712,1.842,0.184,0.0,20,10,SAT-UAV,UP,60000
0,SAT_56547,UAV_47,BIDIR,552.722,1.842,0.184,0.0,20,10,SAT-UAV,UP,60000
0,SAT_56547,UAV_34,BIDIR,552.723,1.842,0.184,0.0,20,10,SAT-UAV,UP,60000
0,SAT_59757,SAT_64921,BIDIR,166.375,0.555,0.055,0.0,100,10,SAT-SAT,UP,60000
0,SAT_59757,SAT_57663,BIDIR,340.849,1.136,0.114,0.0,100,18,SAT-SAT,UP,60000
0,SAT_59757,SAT_66326,BIDIR,391.922,1.306,0.131,0.0,100,21,SAT-SAT,UP,60000
0,SAT_59757,SAT_55452,BIDIR,399.329,1.331,0.133,0.0,100,22,SAT-SAT,UP,60000
0,SAT_59757,SAT_59801,BIDIR,408.15,1.36,0.136,0.0,100,22,SAT-SAT,UP,60000
0,SAT_59757,SAT_56770,BIDIR,421.97,1.407,0.141,0.0,100,23,SAT-SAT,UP,60000
0,SAT_59757,SAT_59944,BIDIR,482.329,1.608,0.161,0.0,100,26,SAT-SAT,UP,60000
0,SAT_59757,SAT_51809,BIDIR,521.825,1.739,0.174,0.0,100,28,SAT-SAT,UP,60000
0,SAT_59757,SAT_56547,BIDIR,556.602,1.855,0.186,0.0,100,30,SAT-SAT,UP,60000
0,SAT_59757,UAV_46,BIDIR,556.698,1.856,0.186,0.0,20,10,SAT-UAV,UP,60000
0,SAT_59757,UAV_43,BIDIR,556.741,1.856,0.186,0.0,20,10,SAT-UAV,UP,60000
0,SAT_59757,UAV_36,BIDIR,556.925,1.856,0.186,0.0,20,10,SAT-UAV,UP,60000
0,SAT_59757,UAV_32,BIDIR,556.978,1.857,0.186,0.0,20,10,SAT-UAV,UP,60000
0,SAT_59757,UAV_49,BIDIR,557.025,1.857,0.186,0.0,20,10,SAT-UAV,UP,60000
0,SAT_59757,UAV_40,BIDIR,557.03,1.857,0.186,0.0,20,10,SAT-UAV,UP,60000
0,SAT_59757,UAV_26,BIDIR,557.148,1.857,0.186,0.0,20,10,SAT-UAV,UP,60000
0,SAT_59757,UAV_27,BIDIR,557.435,1.858,0.186,0.0,20,10,SAT-UAV,UP,60000
0,SAT_56555,SAT_56544,BIDIR,234.535,0.782,0.078,0.0,100,13,SAT-SAT,UP,60000
0,SAT_56555,SAT_56770,BIDIR,260.672,0.869,0.087,0.0,100,14,SAT-SAT,UP,60000
0,SAT_56555,SAT_51809,BIDIR,264.242,0.881,0.088,0.0,100,14,SAT-SAT,UP,60000
0,SAT_56555,SAT_57924,BIDIR,280.887,0.936,0.094,0.0,100,15,SAT-SAT,UP,60000
0,SAT_56555,SAT_67334,BIDIR,351.816,1.173,0.117,0.0,100,19,SAT-SAT,UP,60000
0,SAT_56555,SAT_60444,BIDIR,362.232,1.207,0.121,0.0,100,20,SAT-SAT,UP,60000
0,SAT_56555,SAT_57663,BIDIR,449.254,1.498,0.15,0.0,100,24,SAT-SAT,UP,60000
0,SAT_56555,SAT_47739,BIDIR,468.841,1.563,0.156,0.0,100,26,SAT-SAT,UP,60000
0,SAT_56555,SAT_54088,BIDIR,489.196,1.631,0.163,0.0,100,27,SAT-SAT,UP,60000
0,SAT_56555,SAT_49451,BIDIR,495.366,1.651,0.165,0.0,100,27,SAT-SAT,UP,60000
0,SAT_56555,SAT_67514,BIDIR,524.143,1.747,0.175,0.0,100,29,SAT-SAT,UP,60000
0,SAT_56555,SAT_55372,BIDIR,542.733,1.809,0.181,0.0,100,30,SAT-SAT,UP,60000
0,SAT_56555,SAT_65756,BIDIR,549.499,1.832,0.183,0.0,100,30,SAT-SAT,UP,60000
0,SAT_56555,SAT_49453,BIDIR,557.759,1.859,0.186,0.0,100,30,SAT-SAT,UP,60000
0,SAT_60444,SAT_49451,BIDIR,152.933,0.51,0.051,0.0,100,10,SAT-SAT,UP,60000
0,SAT_60444,SAT_57924,BIDIR,174.71,0.582,0.058,0.0,100,10,SAT-SAT,UP,60000
0,SAT_60444,SAT_60936,BIDIR,271.589,0.905,0.091,0.0,100,15,SAT-SAT,UP,60000
0,SAT_60444,SAT_47739,BIDIR,280.543,0.935,0.094,0.0,100,15,SAT-SAT,UP,60000
0,SAT_60444,SAT_64905,BIDIR,300.796,1.003,0.1,0.0,100,16,SAT-SAT,UP,60000
0,SAT_60444,SAT_63284,BIDIR,383.9,1.28,0.128,0.0,100,21,SAT-SAT,UP,60000
0,SAT_60444,SAT_56770,BIDIR,399.819,1.333,0.133,0.0,100,22,SAT-SAT,UP,60000
0,SAT_60444,SAT_67500,BIDIR,458.688,1.529,0.153,0.0,100,25,SAT-SAT,UP,60000
0,SAT_60444,SAT_67334,BIDIR,485.388,1.618,0.162,0.0,100,26,SAT-SAT,UP,60000
0,SAT_60444,SAT_63699,BIDIR,513.906,1.713,0.171,0.0,100,28,SAT-SAT,UP,60000
0,SAT_60444,SAT_55372,BIDIR,548.017,1.827,0.183,0.0,100,30,SAT-SAT,UP,60000
0,SAT_60444,SAT_59944,BIDIR,551.805,1.839,0.184,0.0,100,30,SAT-SAT,UP,60000
0,SAT_60444,SAT_56544,BIDIR,554.877,1.85,0.185,0.0,100,30,SAT-SAT,UP,60000
0,SAT_60444,UAV_45,BIDIR,569.486,1.898,0.19,0.0,20,10,SAT-UAV,UP,60000
0,SAT_56770,SAT_57924,BIDIR,237.969,0.793,0.079,0.0,100,13,SAT-SAT,UP,60000
0,SAT_56770,SAT_51809,BIDIR,342.386,1.141,0.114,0.0,100,19,SAT-SAT,UP,60000
0,SAT_56770,SAT_57663,BIDIR,389.321,1.298,0.13,0.0,100,21,SAT-SAT,UP,60000
0,SAT_56770,SAT_64905,BIDIR,436.123,1.454,0.145,0.0,100,24,SAT-SAT,UP,60000
0,SAT_56770,SAT_59944,BIDIR,445.059,1.484,0.148,0.0,100,24,SAT-SAT,UP,60000
0,SAT_56770,SAT_64921,BIDIR,464.876,1.55,0.155,0.0,100,25,SAT-SAT,UP,60000
0,SAT_56770,SAT_56544,BIDIR,473.905,1.58,0.158,0.0,100,26,SAT-SAT,UP,60000
0,SAT_56770,SAT_55452,BIDIR,503.844,1.679,0.168,0.0,100,27,SAT-SAT,UP,60000
0,SAT_56770,SAT_49451,BIDIR,517.063,1.724,0.172,0.0,100,28,SAT-SAT,UP,60000
0,SAT_56770,SAT_54003,BIDIR,568.235,1.894,0.189,0.0,100,31,SAT-SAT,UP,60000
0,SAT_56770,UAV_36,BIDIR,581.664,1.939,0.194,0.0,20,10,SAT-UAV,UP,60000
0,SAT_57924,SAT_49451,BIDIR,279.531,0.932,0.093,0.0,100,15,SAT-SAT,UP,60000
0,SAT_57924,SAT_64905,BIDIR,292.737,0.976,0.098,0.0,100,16,SAT-SAT,UP,60000
0,SAT_57924,SAT_47739,BIDIR,420.881,1.403,0.14,0.0,100,23,SAT-SAT,UP,60000
0,SAT_57924,SAT_60936,BIDIR,436.684,1.456,0.146,0.0,100,24,SAT-SAT,UP,60000
0,SAT_57924,SAT_59944,BIDIR,462.263,1.541,0.154,0.0,100,25,SAT-SAT,UP,60000
0,SAT_57924,SAT_51809,BIDIR,500.436,1.668,0.167,0.0,100,27,SAT-SAT,UP,60000
0,SAT_57924,SAT_56544,BIDIR,508.34,1.694,0.169,0.0,100,28,SAT-SAT,UP,60000
0,SAT_57924,SAT_67334,BIDIR,526.072,1.754,0.175,0.0,100,29,SAT-SAT,UP,60000
0,SAT_57924,SAT_63284,BIDIR,541.456,1.805,0.18,0.0,100,30,SAT-SAT,UP,60000
0,SAT_57924,SAT_54003,BIDIR,568.952,1.897,0.19,0.0,100,31,SAT-SAT,UP,60000
0,SAT_57924,SAT_63699,BIDIR,581.302,1.938,0.194,0.0,100,32,SAT-SAT,UP,60000
0,SAT_57663,SAT_55452,BIDIR,160.873,0.536,0.054,0.0,100,10,SAT-SAT,UP,60000
0,SAT_57663,SAT_51809,BIDIR,238.705,0.796,0.08,0.0,100,13,SAT-SAT,UP,60000
0,SAT_57663,SAT_59801,BIDIR,300.838,1.003,0.1,0.0,100,16,SAT-SAT,UP,60000
0,SAT_57663,SAT_62448,BIDIR,374.487,1.248,0.125,0.0,100,20,SAT-SAT,UP,60000
0,SAT_57663,SAT_64921,BIDIR,441.864,1.473,0.147,0.0,100,24,SAT-SAT,UP,60000
0,SAT_57663,SAT_59533,BIDIR,444.103,1.48,0.148,0.0,100,24,SAT-SAT,UP,60000
0,SAT_57663,SAT_56544,BIDIR,504.628,1.682,0.168,0.0,100,28,SAT-SAT,UP,60000
0,SAT_57663,SAT_65752,BIDIR,548.035,1.827,0.183,0.0,100,30,SAT-SAT,UP,60000
0,SAT_57663,SAT_67514,BIDIR,565.951,1.887,0.189,0.0,100,31,SAT-SAT,UP,60000
0,SAT_57663,SAT_63188,BIDIR,582.117,1.94,0.194,0.0,100,32,SAT-SAT,UP,60000
0,SAT_57663,SAT_57924,BIDIR,604.767,2.016,0.202,0.0,100,33,SAT-SAT,UP,60000
0,SAT_57663,UAV_49,BIDIR,616.161,2.054,0.205,0.0,20,10,SAT-UAV,UP,60000
0,SAT_51809,SAT_56544,BIDIR,271.456,0.905,0.09,0.0,100,15,SAT-SAT,UP,60000
0,SAT_51809,SAT_55452,BIDIR,355.308,1.184,0.118,0.0,100,19,SAT-SAT,UP,60000
0,SAT_51809,SAT_62448,BIDIR,368.854,1.23,0.123,0.0,100,20,SAT-SAT,UP,60000
0,SAT_51809,SAT_67514,BIDIR,400.249,1.334,0.133,0.0,100,22,SAT-SAT,UP,60000
0,SAT_51809,SAT_65752,BIDIR,410.281,1.368,0.137,0.0,100,22,SAT-SAT,UP,60000
0,SAT_51809,SAT_59533,BIDIR,436.69,1.456,0.146,0.0,100,24,SAT-SAT,UP,60000
0,SAT_51809,SAT_63188,BIDIR,449.371,1.498,0.15,0.0,100,24,SAT-SAT,UP,60000
0,SAT_51809,SAT_67334,BIDIR,519.382,1.731,0.173,0.0,100,28,SAT-SAT,UP,60000
0,SAT_51809,SAT_59801,BIDIR,524.709,1.749,0.175,0.0,100,29,SAT-SAT,UP,60000
0,SAT_51809,SAT_62528,BIDIR,525.615,1.752,0.175,0.0,100,29,SAT-SAT,UP,60000
0,SAT_64905,SAT_59944,BIDIR,301.083,1.004,0.1,0.0,100,16,SAT-SAT,UP,60000
0,SAT_64905,SAT_49451,BIDIR,308.65,1.029,0.103,0.0,100,17,SAT-SAT,UP,60000
0,SAT_64905,SAT_63699,BIDIR,331.927,1.106,0.111,0.0,100,18,SAT-SAT,UP,60000
0,SAT_64905,SAT_54003,BIDIR,368.268,1.228,0.123,0.0,100,20,SAT-SAT,UP,60000
0,SAT_64905,SAT_60936,BIDIR,389.385,1.298,0.13,0.0,100,21,SAT-SAT,UP,60000
0,SAT_64905,SAT_57477,BIDIR,403.424,1.345,0.134,0.0,100,22,SAT-SAT,UP,60000
0,SAT_64905,SAT_66406,BIDIR,409.221,1.364,0.136,0.0,100,22,SAT-SAT,UP,60000
0,SAT_64905,SAT_63188,BIDIR,463.435,1.545,0.154,0.0,100,25,SAT-SAT,UP,60000
0,SAT_64905,SAT_57919,BIDIR,548.414,1.828,0.183,0.0,100,30,SAT-SAT,UP,60000
0,SAT_64905,SAT_63578,BIDIR,553.932,1.846,0.185,0.0,100,30,SAT-SAT,UP,60000
0,SAT_64905,SAT_56555,BIDIR,559.816,1.866,0.187,0.0,100,31,SAT-SAT,UP,60000
0,SAT_64905,SAT_47739,BIDIR,564.405,1.881,0.188,0.0,100,31,SAT-SAT,UP,60000
0,SAT_64905,SAT_63284,BIDIR,615.656,2.052,0.205,0.0,100,34,SAT-SAT,UP,60000
0,SAT_64905,UAV_48,BIDIR,626.645,2.089,0.209,0.0,20,10,SAT-UAV,UP,60000
0,SAT_64905,UAV_45,BIDIR,626.744,2.089,0.209,0.0,20,10,SAT-UAV,UP,60000
0,SAT_60936,SAT_49451,BIDIR,212.538,0.708,0.071,0.0,100,11,SAT-SAT,UP,60000
0,SAT_60936,SAT_63284,BIDIR,284.893,0.95,0.095,0.0,100,15,SAT-SAT,UP,60000
0,SAT_60936,SAT_47739,BIDIR,311.44,1.038,0.104,0.0,100,17,SAT-SAT,UP,60000
0,SAT_60936,SAT_63699,BIDIR,406.791,1.356,0.136,0.0,100,22,SAT-SAT,UP,60000
0,SAT_60936,SAT_63188,BIDIR,434.229,1.447,0.145,0.0,100,24,SAT-SAT,UP,60000
0,SAT_60936,SAT_67500,BIDIR,458.147,1.527,0.153,0.0,100,25,SAT-SAT,UP,60000
0,SAT_60936,SAT_56547,BIDIR,556.72,1.856,0.186,0.0,100,30,SAT-SAT,UP,60000
0,SAT_60936,SAT_56555,BIDIR,617.634,2.059,0.206,0.0,100,34,SAT-SAT,UP,60000
0,SAT_60936,SAT_63578,BIDIR,618.816,2.063,0.206,0.0,100,34,SAT-SAT,UP,60000
0,SAT_60936,SAT_55372,BIDIR,619.288,2.064,0.206,0.0,100,34,SAT-SAT,UP,60000
0,SAT_60936,SAT_67334,BIDIR,634.875,2.116,0.212,0.0,100,35,SAT-SAT,UP,60000
0,SAT_60936,UAV_45,BIDIR,654.06,2.18,0.218,0.0,20,10,SAT-UAV,UP,60000
0,SAT_60936,UAV_42,BIDIR,654.2,2.181,0.218,0.0,20,10,SAT-UAV,UP,60000
0,SAT_60936,UAV_30,BIDIR,654.23,2.181,0.218,0.0,20,10,SAT-UAV,UP,60000
0,SAT_60936,UAV_35,BIDIR,654.382,2.181,0.218,0.0,20,10,SAT-UAV,UP,60000
0,SAT_60936,UAV_48,BIDIR,654.416,2.181,0.218,0.0,20,10,SAT-UAV,UP,60000
0,SAT_56544,SAT_67334,BIDIR,270.148,0.9,0.09,0.0,100,15,SAT-SAT,UP,60000
0,SAT_56544,SAT_67514,BIDIR,313.186,1.044,0.104,0.0,100,17,SAT-SAT,UP,60000
0,SAT_56544,SAT_59074,BIDIR,336.648,1.122,0.112,0.0,100,18,SAT-SAT,UP,60000
0,SAT_56544,SAT_65752,BIDIR,371.259,1.238,0.124,0.0,100,20,SAT-SAT,UP,60000
0,SAT_56544,SAT_54088,BIDIR,387.086,1.29,0.129,0.0,100,21,SAT-SAT,UP,60000
0,SAT_56544,SAT_62528,BIDIR,404.153,1.347,0.135,0.0,100,22,SAT-SAT,UP,60000
0,SAT_56544,SAT_65756,BIDIR,455.429,1.518,0.152,0.0,100,25,SAT-SAT,UP,60000
0,SAT_56544,SAT_66405,BIDIR,459.732,1.532,0.153,0.0,100,25,SAT-SAT,UP,60000
0,SAT_56544,SAT_49453,BIDIR,485.74,1.619,0.162,0.0,100,26,SAT-SAT,UP,60000
0,SAT_56544,SAT_55372,BIDIR,495.729,1.652,0.165,0.0,100,27,SAT-SAT,UP,60000
0,SAT_59944,SAT_54003,BIDIR,141.867,0.473,0.047,0.0,100,10,SAT-SAT,UP,60000
0,SAT_59944,SAT_57477,BIDIR,389.111,1.297,0.13,0.0,100,21,SAT-SAT,UP,60000
0,SAT_59944,SAT_66406,BIDIR,399.78,1.333,0.133,0.0,100,22,SAT-SAT,UP,60000
0,SAT_59944,SAT_66326,BIDIR,421.452,1.405,0.14,0.0,100,23,SAT-SAT,UP,60000
0,SAT_59944,SAT_64921,BIDIR,441.376,1.471,0.147,0.0,100,24,SAT-SAT,UP,60000
0,SAT_59944,SAT_63699,BIDIR,544.223,1.814,0.181,0.0,100,30,SAT-SAT,UP,60000
0,SAT_59944,SAT_56547,BIDIR,552.978,1.843,0.184,0.0,100,30,SAT-SAT,UP,60000
0,SAT_59944,SAT_67311,BIDIR,587.343,1.958,0.196,0.0,100,32,SAT-SAT,UP,60000
0,SAT_59944,SAT_49451,BIDIR,597.344,1.991,0.199,0.0,100,33,SAT-SAT,UP,60000
0,SAT_59944,SAT_63188,BIDIR,631.551,2.105,0.211,0.0,100,35,SAT-SAT,UP,60000
0,SAT_59944,SAT_63578,BIDIR,650.123,2.167,0.217,0.0,100,36,SAT-SAT,UP,60000
0,SAT_59944,SAT_56555,BIDIR,668.768,2.229,0.223,0.0,100,37,SAT-SAT,UP,60000
0,SAT_59944,UAV_39,BIDIR,674.484,2.248,0.225,0.0,20,10,SAT-UAV,UP,60000
0,SAT_67334,SAT_54088,BIDIR,151.735,0.506,0.051,0.0,100,10,SAT-SAT,UP,60000
0,SAT_67334,SAT_65756,BIDIR,201.373,0.671,0.067,0.0,100,11,SAT-SAT,UP,60000
0,SAT_67334,SAT_49453,BIDIR,231.571,0.772,0.077,0.0,100,12,SAT-SAT,UP,60000
0,SAT_67334,SAT_55372,BIDIR,242.365,0.808,0.081,0.0,100,13,SAT-SAT,UP,60000
0,SAT_67334,SAT_66405,BIDIR,256.387,0.855,0.085,0.0,100,14,SAT-SAT,UP,60000
0,SAT_67334,SAT_67500,BIDIR,345.821,1.153,0.115,0.0,100,19,SAT-SAT,UP,60000
0,SAT_67334,SAT_59074,BIDIR,351.97,1.173,0.117,0.0,100,19,SAT-SAT,UP,60000
0,SAT_67334,SAT_47739,BIDIR,359.888,1.2,0.12,0.0,100,19,SAT-SAT,UP,60000
0,SAT_67334,SAT_67514,BIDIR,498.067,1.66,0.166,0.0,100,27,SAT-SAT,UP,60000
0,SAT_67334,SAT_63284,BIDIR,517.04,1.723,0.172,0.0,100,28,SAT-SAT,UP,60000
0,SAT_67334,SAT_62528,BIDIR,539.806,1.799,0.18,0.0,100,29,SAT-SAT,UP,60000
0,SAT_47739,SAT_63284,BIDIR,174.098,0.58,0.058,0.0,100,10,SAT-SAT,UP,60000
0,SAT_47739,SAT_67500,BIDIR,180.281,0.601,0.06,0.0,100,10,SAT-SAT,UP,60000
0,SAT_47739,SAT_49451,BIDIR,289.09,0.964,0.096,0.0,100,16,SAT-SAT,UP,60000
0,SAT_47739,SAT_55372,BIDIR,311.146,1.037,0.104,0.0,100,17,SAT-SAT,UP,60000
0,SAT_47739,SAT_49453,BIDIR,360.449,1.201,0.12,0.0,100,20,SAT-SAT,UP,60000
0,SAT_47739,SAT_65756,BIDIR,396.651,1.322,0.132,0.0,100,22,SAT-SAT,UP,60000
0,SAT_47739,SAT_54088,BIDIR,397.662,1.326,0.133,0.0,100,22,SAT-SAT,UP,60000
0,SAT_47739,SAT_66405,BIDIR,519.454,1.732,0.173,0.0,100,28,SAT-SAT,UP,60000
0,SAT_47739,SAT_56544,BIDIR,557.8,1.859,0.186,0.0,100,30,SAT-SAT,UP,60000
0,SAT_47739,SAT_56770,BIDIR,622.98,2.077,0.208,0.0,100,34,SAT-SAT,UP,60000
0,SAT_49451,SAT_63284,BIDIR,322.686,1.076,0.108,0.0,100,17,SAT-SAT,UP,60000
0,SAT_49451,SAT_63699,BIDIR,422.356,1.408,0.141,0.0,100,23,SAT-SAT,UP,60000
0,SAT_49451,SAT_67500,BIDIR,461.456,1.538,0.154,0.0,100,25,SAT-SAT,UP,60000
0,SAT_49451,SAT_63578,BIDIR,512.609,1.709,0.171,0.0,100,28,SAT-SAT,UP,60000
0,SAT_49451,SAT_67334,BIDIR,577.919,1.926,0.193,0.0,100,32,SAT-SAT,UP,60000
0,SAT_49451,SAT_55372,BIDIR,580.312,1.934,0.193,0.0,100,32,SAT-SAT,UP,60000
0,SAT_49451,SAT_57919,BIDIR,620.052,2.067,0.207,0.0,100,34,SAT-SAT,UP,60000
0,SAT_49451,SAT_49453,BIDIR,632.3,2.108,0.211,0.0,100,35,SAT-SAT,UP,60000
0,SAT_49451,SAT_54088,BIDIR,650.593,2.169,0.217,0.0,100,36,SAT-SAT,UP,60000
0,SAT_64921,SAT_66326,BIDIR,256.568,0.855,0.086,0.0,100,14,SAT-SAT,UP,60000
0,SAT_64921,SAT_55452,BIDIR,459.195,1.531,0.153,0.0,100,25,SAT-SAT,UP,60000
0,SAT_64921,SAT_59801,BIDIR,459.269,1.531,0.153,0.0,100,25,SAT-SAT,UP,60000
0,SAT_64921,SAT_54003,BIDIR,529.064,1.764,0.176,0.0,100,29,SAT-SAT,UP,60000
0,SAT_64921,SAT_51809,BIDIR,618.637,2.062,0.206,0.0,100,34,SAT-SAT,UP,60000
0,SAT_64921,SAT_56547,BIDIR,625.245,2.084,0.208,0.0,100,34,SAT-SAT,UP,60000
0,SAT_64921,SAT_57924,BIDIR,656.344,2.188,0.219,0.0,100,36,SAT-SAT,UP,60000
0,SAT_64921,SAT_63578,BIDIR,658.915,2.196,0.22,0.0,100,36,SAT-SAT,UP,60000
0,SAT_64921,SAT_64905,BIDIR,673.999,2.247,0.225,0.0,100,37,SAT-SAT,UP,60000
0,SAT_64921,SAT_56555,BIDIR,691.723,2.306,0.231,0.0,100,38,SAT-SAT,UP,60000
0,SAT_64921,UAV_46,BIDIR,701.141,2.337,0.234,0.0,20,10,SAT-UAV,UP,60000
0,SAT_64921,UAV_43,BIDIR,701.161,2.337,0.234,0.0,20,10,SAT-UAV,UP,60000
0,SAT_64921,UAV_36,BIDIR,701.236,2.337,0.234,0.0,20,10,SAT-UAV,UP,60000
0,SAT_55452,SAT_59801,BIDIR,185.226,0.617,0.062,0.0,100,10,SAT-SAT,UP,60000
0,SAT_55452,SAT_62448,BIDIR,382.627,1.275,0.128,0.0,100,21,SAT-SAT,UP,60000
0,SAT_55452,SAT_59533,BIDIR,439.064,1.464,0.146,0.0,100,24,SAT-SAT,UP,60000
0,SAT_55452,SAT_63578,BIDIR,559.101,1.864,0.186,0.0,100,31,SAT-SAT,UP,60000
0,SAT_55452,SAT_56555,BIDIR,585.046,1.95,0.195,0.0,100,32,SAT-SAT,UP,60000
0,SAT_55452,SAT_56547,BIDIR,602.373,2.008,0.201,0.0,100,33,SAT-SAT,UP,60000
0,SAT_55452,SAT_65752,BIDIR,609.823,2.033,0.203,0.0,100,33,SAT-SAT,UP,60000
0,SAT_55452,SAT_56544,BIDIR,622.746,2.076,0.208,0.0,100,34,SAT-SAT,UP,60000
0,SAT_55452,SAT_67514,BIDIR,641.742,2.139,0.214,0.0,100,35,SAT-SAT,UP,60000
0,SAT_55452,SAT_66326,BIDIR,708.902,2.363,0.236,0.0,100,39,SAT-SAT,UP,60000
0,SAT_55452,SAT_57924,BIDIR,733.628,2.445,0.245,0.0,100,40,SAT-SAT,UP,60000
0,SAT_55452,SAT_63188,BIDIR,737.518,2.458,0.246,0.0,100,40,SAT-SAT,UP,60000
0,SAT_67514,SAT_65752,BIDIR,76.895,0.256,0.026,0.0,100,10,SAT-SAT,UP,60000
0,SAT_67514,SAT_62528,BIDIR,126.926,0.423,0.042,0.0,100,10,SAT-SAT,UP,60000
0,SAT_67514,SAT_59074,BIDIR,271.761,0.906,0.091,0.0,100,15,SAT-SAT,UP,60000
0,SAT_67514,SAT_62448,BIDIR,341.463,1.138,0.114,0.0,100,18,SAT-SAT,UP,60000
0,SAT_67514,SAT_59533,BIDIR,353.599,1.179,0.118,0.0,100,19,SAT-SAT,UP,60000
0,SAT_67514,SAT_63578,BIDIR,518.339,1.728,0.173,0.0,100,28,SAT-SAT,UP,60000
0,SAT_67514,SAT_66405,BIDIR,562.025,1.873,0.187,0.0,100,31,SAT-SAT,UP,60000
0,SAT_67514,SAT_54088,BIDIR,571.661,1.906,0.191,0.0,100,31,SAT-SAT,UP,60000
0,SAT_67514,SAT_67311,BIDIR,597.683,1.992,0.199,0.0,100,33,SAT-SAT,UP,60000
0,SAT_67514,SAT_57919,BIDIR,618.245,2.061,0.206,0.0,100,34,SAT-SAT,UP,60000
0,SAT_67514,SAT_65756,BIDIR,621.967,2.073,0.207,0.0,100,34,SAT-SAT,UP,60000
0,SAT_67514,SAT_56547,BIDIR,641.544,2.138,0.214,0.0,100,35,SAT-SAT,UP,60000
0,SAT_67514,SAT_63188,BIDIR,652.104,2.174,0.217,0.0,100,36,SAT-SAT,UP,60000
0,SAT_54003,SAT_57477,BIDIR,302.516,1.008,0.101,0.0,100,16,SAT-SAT,UP,60000
0,SAT_54003,SAT_66406,BIDIR,315.417,1.051,0.105,0.0,100,17,SAT-SAT,UP,60000
0,SAT_54003,SAT_66326,BIDIR,442.904,1.476,0.148,0.0,100,24,SAT-SAT,UP,60000
0,SAT_54003,SAT_63699,BIDIR,531.508,1.772,0.177,0.0,100,29,SAT-SAT,UP,60000
0,SAT_54003,SAT_59757,BIDIR,597.991,1.993,0.199,0.0,100,33,SAT-SAT,UP,60000
0,SAT_54003,SAT_60444,BIDIR,649.441,2.165,0.216,0.0,100,36,SAT-SAT,UP,60000
0,SAT_54003,SAT_57919,BIDIR,664.996,2.217,0.222,0.0,100,36,SAT-SAT,UP,60000
0,SAT_54003,SAT_49451,BIDIR,667.272,2.224,0.222,0.0,100,37,SAT-SAT,UP,60000
0,SAT_54003,SAT_56547,BIDIR,675.488,2.252,0.225,0.0,100,37,SAT-SAT,UP,60000
0,SAT_54003,SAT_67311,BIDIR,718.929,2.396,0.24,0.0,100,39,SAT-SAT,UP,60000
0,SAT_54003,SAT_60936,BIDIR,749.265,2.498,0.25,0.0,100,41,SAT-SAT,UP,60000
0,SAT_54003,SAT_63188,BIDIR,757.968,2.527,0.253,0.0,100,42,SAT-SAT,UP,60000
0,SAT_54003,SAT_63578,BIDIR,781.006,2.603,0.26,0.0,100,43,SAT-SAT,UP,60000
0,SAT_54003,SAT_56555,BIDIR,794.501,2.648,0.265,0.0,100,44,SAT-SAT,UP,60000
0,SAT_62448,SAT_59533,BIDIR,72.769,0.243,0.024,0.0,100,10,SAT-SAT,UP,60000
0,SAT_62448,SAT_65752,BIDIR,280.191,0.934,0.093,0.0,100,15,SAT-SAT,UP,60000
0,SAT_62448,SAT_62528,BIDIR,433.871,1.446,0.145,0.0,100,24,SAT-SAT,UP,60000
0,SAT_62448,SAT_59801,BIDIR,473.873,1.58,0.158,0.0,100,26,SAT-SAT,UP,60000
0,SAT_62448,SAT_56544,BIDIR,507.597,1.692,0.169,0.0,100,28,SAT-SAT,UP,60000
0,SAT_62448,SAT_57919,BIDIR,562.842,1.876,0.188,0.0,100,31,SAT-SAT,UP,60000
0,SAT_62448,SAT_63578,BIDIR,592.938,1.976,0.198,0.0,100,32,SAT-SAT,UP,60000
0,SAT_62448,SAT_59074,BIDIR,610.846,2.036,0.204,0.0,100,33,SAT-SAT,UP,60000
0,SAT_62448,SAT_56555,BIDIR,616.082,2.054,0.205,0.0,100,34,SAT-SAT,UP,60000
0,SAT_62448,SAT_56770,BIDIR,693.855,2.313,0.231,0.0,100,38,SAT-SAT,UP,60000
0,SAT_62448,SAT_59757,BIDIR,696.398,2.321,0.232,0.0,100,38,SAT-SAT,UP,60000
0,SAT_62448,SAT_56547,BIDIR,698.863,2.33,0.233,0.0,100,38,SAT-SAT,UP,60000
0,SAT_62448,SAT_67334,BIDIR,755.852,2.52,0.252,0.0,100,41,SAT-SAT,UP,60000
0,SAT_62448,SAT_63188,BIDIR,763.892,2.546,0.255,0.0,100,42,SAT-SAT,UP,60000
0,SAT_67500,SAT_55372,BIDIR,189.607,0.632,0.063,0.0,100,10,SAT-SAT,UP,60000
0,SAT_67500,SAT_63284,BIDIR,223.463,0.745,0.074,0.0,100,12,SAT-SAT,UP,60000
0,SAT_67500,SAT_49453,BIDIR,236.383,0.788,0.079,0.0,100,13,SAT-SAT,UP,60000
0,SAT_67500,SAT_65756,BIDIR,285.265,0.951,0.095,0.0,100,15,SAT-SAT,UP,60000
0,SAT_67500,SAT_54088,BIDIR,314.032,1.047,0.105,0.0,100,17,SAT-SAT,UP,60000
0,SAT_67500,SAT_66405,BIDIR,410.165,1.367,0.137,0.0,100,22,SAT-SAT,UP,60000
0,SAT_67500,SAT_63188,BIDIR,479.651,1.599,0.16,0.0,100,26,SAT-SAT,UP,60000
0,SAT_67500,SAT_56555,BIDIR,576.462,1.922,0.192,0.0,100,32,SAT-SAT,UP,60000
0,SAT_67500,SAT_57924,BIDIR,586.93,1.956,0.196,0.0,100,32,SAT-SAT,UP,60000
0,SAT_67500,SAT_56544,BIDIR,597.72,1.992,0.199,0.0,100,33,SAT-SAT,UP,60000
0,SAT_67500,SAT_63578,BIDIR,600.666,2.002,0.2,0.0,100,33,SAT-SAT,UP,60000
0,SAT_67500,SAT_56547,BIDIR,602.836,2.009,0.201,0.0,100,33,SAT-SAT,UP,60000
0,SAT_67500,SAT_59074,BIDIR,662.161,2.207,0.221,0.0,100,36,SAT-SAT,UP,60000
0,SAT_67500,SAT_64905,BIDIR,744.485,2.482,0.248,0.0,100,41,SAT-SAT,UP,60000
0,SAT_63284,SAT_55372,BIDIR,402.498,1.342,0.134,0.0,100,22,SAT-SAT,UP,60000
0,SAT_63284,SAT_49453,BIDIR,455.37,1.518,0.152,0.0,100,25,SAT-SAT,UP,60000
0,SAT_63284,SAT_63188,BIDIR,502.599,1.675,0.168,0.0,100,27,SAT-SAT,UP,60000
0,SAT_63284,SAT_65756,BIDIR,504.086,1.68,0.168,0.0,100,28,SAT-SAT,UP,60000
0,SAT_63284,SAT_54088,BIDIR,522.175,1.741,0.174,0.0,100,29,SAT-SAT,UP,60000
0,SAT_63284,SAT_56547,BIDIR,618.616,2.062,0.206,0.0,100,34,SAT-SAT,UP,60000
0,SAT_63284,SAT_66405,BIDIR,629.993,2.1,0.21,0.0,100,34,SAT-SAT,UP,60000
0,SAT_63284,SAT_56555,BIDIR,636.462,2.122,0.212,0.0,100,35,SAT-SAT,UP,60000
0,SAT_63284,SAT_63699,BIDIR,641.02,2.137,0.214,0.0,100,35,SAT-SAT,UP,60000
0,SAT_63284,SAT_63578,BIDIR,657.293,2.191,0.219,0.0,100,36,SAT-SAT,UP,60000
0,SAT_63284,SAT_56544,BIDIR,729.912,2.433,0.243,0.0,100,40,SAT-SAT,UP,60000
0,SAT_65752,SAT_62528,BIDIR,156.031,0.52,0.052,0.0,100,10,SAT-SAT,UP,60000
0,SAT_65752,SAT_59533,BIDIR,283.562,0.945,0.095,0.0,100,15,SAT-SAT,UP,60000
0,SAT_65752,SAT_59074,BIDIR,343.135,1.144,0.114,0.0,100,19,SAT-SAT,UP,60000
0,SAT_65752,SAT_63578,BIDIR,557.68,1.859,0.186,0.0,100,30,SAT-SAT,UP,60000
0,SAT_65752,SAT_56555,BIDIR,567.741,1.892,0.189,0.0,100,31,SAT-SAT,UP,60000
0,SAT_65752,SAT_67334,BIDIR,570.5,1.902,0.19,0.0,100,31,SAT-SAT,UP,60000
0,SAT_65752,SAT_67311,BIDIR,599.258,1.998,0.2,0.0,100,33,SAT-SAT,UP,60000
0,SAT_65752,SAT_57919,BIDIR,632.775,2.109,0.211,0.0,100,35,SAT-SAT,UP,60000
0,SAT_65752,SAT_66405,BIDIR,637.398,2.125,0.212,0.0,100,35,SAT-SAT,UP,60000
0,SAT_65752,SAT_54088,BIDIR,648.084,2.16,0.216,0.0,100,36,SAT-SAT,UP,60000
0,SAT_65752,SAT_56547,BIDIR,680.807,2.269,0.227,0.0,100,37,SAT-SAT,UP,60000
0,SAT_65752,SAT_65756,BIDIR,697.821,2.326,0.233,0.0,100,38,SAT-SAT,UP,60000
0,SAT_65752,SAT_63188,BIDIR,699.876,2.333,0.233,0.0,100,38,SAT-SAT,UP,60000
0,SAT_59801,SAT_59533,BIDIR,516.639,1.722,0.172,0.0,100,28,SAT-SAT,UP,60000
0,SAT_59801,SAT_56770,BIDIR,645.56,2.152,0.215,0.0,100,35,SAT-SAT,UP,60000
0,SAT_59801,SAT_66326,BIDIR,685.647,2.285,0.229,0.0,100,38,SAT-SAT,UP,60000
0,SAT_59801,SAT_63578,BIDIR,714.373,2.381,0.238,0.0,100,39,SAT-SAT,UP,60000
0,SAT_59801,SAT_65752,BIDIR,733.532,2.445,0.245,0.0,100,40,SAT-SAT,UP,60000
0,SAT_59801,SAT_56555,BIDIR,748.259,2.494,0.249,0.0,100,41,SAT-SAT,UP,60000
0,SAT_59801,SAT_56547,BIDIR,756.839,2.523,0.252,0.0,100,42,SAT-SAT,UP,60000
0,SAT_59801,SAT_67514,BIDIR,775.993,2.587,0.259,0.0,100,43,SAT-SAT,UP,60000
0,SAT_59801,SAT_56544,BIDIR,789.102,2.63,0.263,0.0,100,43,SAT-SAT,UP,60000
0,SAT_59801,UAV_49,BIDIR,819.794,2.733,0.273,0.0,20,10,SAT-UAV,UP,60000
0,SAT_59801,UAV_46,BIDIR,819.973,2.733,0.273,0.0,20,10,SAT-UAV,UP,60000
0,SAT_65756,SAT_49453,BIDIR,88.046,0.293,0.029,0.0,100,10,SAT-SAT,UP,60000
0,SAT_65756,SAT_54088,BIDIR,91.772,0.306,0.031,0.0,100,10,SAT-SAT,UP,60000
0,SAT_65756,SAT_66405,BIDIR,126.071,0.42,0.042,0.0,100,10,SAT-SAT,UP,60000
0,SAT_65756,SAT_55372,BIDIR,140.91,0.47,0.047,0.0,100,10,SAT-SAT,UP,60000
0,SAT_65756,SAT_59074,BIDIR,398.332,1.328,0.133,0.0,100,22,SAT-SAT,UP,60000
0,SAT_65756,SAT_63188,BIDIR,521.67,1.739,0.174,0.0,100,28,SAT-SAT,UP,60000
0,SAT_65756,SAT_63578,BIDIR,571.214,1.904,0.19,0.0,100,31,SAT-SAT,UP,60000
0,SAT_65756,SAT_60444,BIDIR,610.972,2.037,0.204,0.0,100,33,SAT-SAT,UP,60000
0,SAT_65756,SAT_62528,BIDIR,626.195,2.087,0.209,0.0,100,34,SAT-SAT,UP,60000
0,SAT_65756,SAT_56547,BIDIR,628.918,2.096,0.21,0.0,100,34,SAT-SAT,UP,60000
0,SAT_65756,SAT_49451,BIDIR,669.657,2.232,0.223,0.0,100,37,SAT-SAT,UP,60000
0,SAT_65756,SAT_57924,BIDIR,687.627,2.292,0.229,0.0,100,38,SAT-SAT,UP,60000
0,SAT_54088,SAT_49453,BIDIR,108.191,0.361,0.036,0.0,100,10,SAT-SAT,UP,60000
0,SAT_54088,SAT_55372,BIDIR,145.581,0.485,0.049,0.0,100,10,SAT-SAT,UP,60000
0,SAT_54088,SAT_66405,BIDIR,151.854,0.506,0.051,0.0,100,10,SAT-SAT,UP,60000
0,SAT_54088,SAT_59074,BIDIR,363.049,1.21,0.121,0.0,100,20,SAT-SAT,UP,60000
0,SAT_54088,SAT_63188,BIDIR,497.673,1.659,0.166,0.0,100,27,SAT-SAT,UP,60000
0,SAT_54088,SAT_63578,BIDIR,517.609,1.725,0.173,0.0,100,28,SAT-SAT,UP,60000
0,SAT_54088,SAT_56547,BIDIR,573.961,1.913,0.191,0.0,100,31,SAT-SAT,UP,60000
0,SAT_54088,SAT_62528,BIDIR,583.98,1.947,0.195,0.0,100,32,SAT-SAT,UP,60000
0,SAT_54088,SAT_60444,BIDIR,586.438,1.955,0.195,0.0,100,32,SAT-SAT,UP,60000
0,SAT_54088,SAT_57924,BIDIR,642.883,2.143,0.214,0.0,100,35,SAT-SAT,UP,60000
0,SAT_66326,SAT_56770,BIDIR,648.441,2.161,0.216,0.0,100,36,SAT-SAT,UP,60000
0,SAT_66326,SAT_67311,BIDIR,652.029,2.173,0.217,0.0,100,36,SAT-SAT,UP,60000
0,SAT_66326,SAT_57919,BIDIR,666.752,2.223,0.222,0.0,100,37,SAT-SAT,UP,60000
0,SAT_66326,SAT_57663,BIDIR,698.003,2.327,0.233,0.0,100,38,SAT-SAT,UP,60000
0,SAT_66326,SAT_64905,BIDIR,715.411,2.385,0.238,0.0,100,39,SAT-SAT,UP,60000
0,SAT_66326,SAT_57477,BIDIR,720.712,2.402,0.24,0.0,100,40,SAT-SAT,UP,60000
0,SAT_66326,SAT_66406,BIDIR,730.865,2.436,0.244,0.0,100,40,SAT-SAT,UP,60000
0,SAT_66326,SAT_57924,BIDIR,791.584,2.639,0.264,0.0,100,43,SAT-SAT,UP,60000
0,SAT_66326,SAT_56547,BIDIR,807.901,2.693,0.269,0.0,100,44,SAT-SAT,UP,60000
0,SAT_66326,UAV_36,BIDIR,847.103,2.824,0.282,0.0,20,10,SAT-UAV,UP,60000
0,SAT_66326,UAV_43,BIDIR,847.224,2.824,0.282,0.0,20,10,SAT-UAV,UP,60000
0,SAT_66326,UAV_46,BIDIR,847.242,2.824,0.282,0.0,20,10,SAT-UAV,UP,60000
0,SAT_66326,UAV_32,BIDIR,847.382,2.825,0.282,0.0,20,10,SAT-UAV,UP,60000
0,SAT_59074,SAT_62528,BIDIR,234.329,0.781,0.078,0.0,100,13,SAT-SAT,UP,60000
0,SAT_59074,SAT_66405,BIDIR,309.887,1.033,0.103,0.0,100,17,SAT-SAT,UP,60000
0,SAT_59074,SAT_49453,BIDIR,461.709,1.539,0.154,0.0,100,25,SAT-SAT,UP,60000
0,SAT_59074,SAT_55372,BIDIR,508.137,1.694,0.169,0.0,100,28,SAT-SAT,UP,60000
0,SAT_59074,SAT_56555,BIDIR,559.339,1.864,0.186,0.0,100,31,SAT-SAT,UP,60000
0,SAT_59074,SAT_51809,BIDIR,562.437,1.875,0.187,0.0,100,31,SAT-SAT,UP,60000
0,SAT_59074,SAT_63578,BIDIR,567.966,1.893,0.189,0.0,100,31,SAT-SAT,UP,60000
0,SAT_59074,SAT_59533,BIDIR,625.061,2.084,0.208,0.0,100,34,SAT-SAT,UP,60000
0,SAT_59074,SAT_63188,BIDIR,636.263,2.121,0.212,0.0,100,35,SAT-SAT,UP,60000
0,SAT_59074,SAT_56547,BIDIR,679.268,2.264,0.226,0.0,100,37,SAT-SAT,UP,60000
0,SAT_59074,SAT_47739,BIDIR,710.028,2.367,0.237,0.0,100,39,SAT-SAT,UP,60000
0,SAT_63699,SAT_66406,BIDIR,332.262,1.108,0.111,0.0,100,18,SAT-SAT,UP,60000
0,SAT_63699,SAT_57477,BIDIR,336.143,1.12,0.112,0.0,100,18,SAT-SAT,UP,60000
0,SAT_63699,SAT_47739,BIDIR,680.038,2.267,0.227,0.0,100,37,SAT-SAT,UP,60000
0,SAT_63699,SAT_63188,BIDIR,718.782,2.396,0.24,0.0,100,39,SAT-SAT,UP,60000
0,SAT_63699,SAT_56547,BIDIR,745.998,2.487,0.249,0.0,100,41,SAT-SAT,UP,60000
0,SAT_63699,SAT_56770,BIDIR,762.39,2.541,0.254,0.0,100,42,SAT-SAT,UP,60000
0,SAT_63699,SAT_67500,BIDIR,838.21,2.794,0.279,0.0,100,46,SAT-SAT,UP,60000
0,SAT_63699,SAT_56555,BIDIR,851.095,2.837,0.284,0.0,100,47,SAT-SAT,UP,60000
0,SAT_63699,SAT_63578,BIDIR,851.83,2.839,0.284,0.0,100,47,SAT-SAT,UP,60000
0,SAT_63699,UAV_48,BIDIR,859.226,2.864,0.286,0.0,20,10,SAT-UAV,UP,60000
0,SAT_63699,UAV_45,BIDIR,859.236,2.864,0.286,0.0,20,10,SAT-UAV,UP,60000
0,SAT_55372,SAT_49453,BIDIR,61.09,0.204,0.02,0.0,100,10,SAT-SAT,UP,60000
0,SAT_55372,SAT_66405,BIDIR,253.367,0.845,0.084,0.0,100,14,SAT-SAT,UP,60000
0,SAT_55372,SAT_63188,BIDIR,515.098,1.717,0.172,0.0,100,28,SAT-SAT,UP,60000
0,SAT_55372,SAT_63578,BIDIR,574.651,1.916,0.192,0.0,100,31,SAT-SAT,UP,60000
0,SAT_55372,SAT_56547,BIDIR,602.635,2.009,0.201,0.0,100,33,SAT-SAT,UP,60000
0,SAT_55372,SAT_57924,BIDIR,633.272,2.111,0.211,0.0,100,35,SAT-SAT,UP,60000
0,SAT_55372,SAT_67514,BIDIR,711.78,2.373,0.237,0.0,100,39,SAT-SAT,UP,60000
0,SAT_59533,SAT_62528,BIDIR,428.29,1.428,0.143,0.0,100,23,SAT-SAT,UP,60000
0,SAT_59533,SAT_56544,BIDIR,556.443,1.855,0.185,0.0,100,30,SAT-SAT,UP,60000
0,SAT_59533,SAT_67311,BIDIR,559.987,1.867,0.187,0.0,100,31,SAT-SAT,UP,60000
0,SAT_59533,SAT_57919,BIDIR,634.909,2.116,0.212,0.0,100,35,SAT-SAT,UP,60000
0,SAT_59533,SAT_63578,BIDIR,659.037,2.197,0.22,0.0,100,36,SAT-SAT,UP,60000
0,SAT_59533,SAT_56555,BIDIR,680.281,2.268,0.227,0.0,100,37,SAT-SAT,UP,60000
0,SAT_59533,SAT_59757,BIDIR,762.983,2.543,0.254,0.0,100,42,SAT-SAT,UP,60000
0,SAT_59533,SAT_56770,BIDIR,764.961,2.55,0.255,0.0,100,42,SAT-SAT,UP,60000
0,SAT_59533,SAT_56547,BIDIR,766.766,2.556,0.256,0.0,100,42,SAT-SAT,UP,60000
0,SAT_59533,SAT_67334,BIDIR,799.99,2.667,0.267,0.0,100,44,SAT-SAT,UP,60000
0,SAT_59533,SAT_63188,BIDIR,828.152,2.761,0.276,0.0,100,46,SAT-SAT,UP,60000
0,SAT_49453,SAT_66405,BIDIR,193.597,0.645,0.065,0.0,100,10,SAT-SAT,UP,60000
0,SAT_49453,SAT_63188,BIDIR,535.564,1.785,0.179,0.0,100,29,SAT-SAT,UP,60000
0,SAT_49453,SAT_63578,BIDIR,587.01,1.957,0.196,0.0,100,32,SAT-SAT,UP,60000
0,SAT_49453,SAT_60444,BIDIR,590.681,1.969,0.197,0.0,100,32,SAT-SAT,UP,60000
0,SAT_49453,SAT_56547,BIDIR,627.464,2.092,0.209,0.0,100,34,SAT-SAT,UP,60000
0,SAT_49453,SAT_60936,BIDIR,665.989,2.22,0.222,0.0,100,36,SAT-SAT,UP,60000
0,SAT_49453,SAT_57924,BIDIR,670.964,2.237,0.224,0.0,100,37,SAT-SAT,UP,60000
0,SAT_49453,SAT_67514,BIDIR,678.703,2.262,0.226,0.0,100,37,SAT-SAT,UP,60000
0,SAT_66405,SAT_62528,BIDIR,543.861,1.813,0.181,0.0,100,30,SAT-SAT,UP,60000
0,SAT_66405,SAT_63188,BIDIR,600.457,2.002,0.2,0.0,100,33,SAT-SAT,UP,60000
0,SAT_66405,SAT_56555,BIDIR,601.91,2.006,0.201,0.0,100,33,SAT-SAT,UP,60000
0,SAT_66405,SAT_63578,BIDIR,621.159,2.071,0.207,0.0,100,34,SAT-SAT,UP,60000
0,SAT_66405,SAT_56547,BIDIR,696.689,2.322,0.232,0.0,100,38,SAT-SAT,UP,60000
0,SAT_66405,SAT_60444,BIDIR,716.634,2.389,0.239,0.0,100,39,SAT-SAT,UP,60000
0,SAT_66405,SAT_51809,BIDIR,727.122,2.424,0.242,0.0,100,40,SAT-SAT,UP,60000
0,SAT_62528,SAT_63578,BIDIR,626.926,2.09,0.209,0.0,100,34,SAT-SAT,UP,60000
0,SAT_62528,SAT_56555,BIDIR,629.059,2.097,0.21,0.0,100,34,SAT-SAT,UP,60000
0,SAT_62528,SAT_49453,BIDIR,687.723,2.292,0.229,0.0,100,38,SAT-SAT,UP,60000
0,SAT_62528,SAT_57663,BIDIR,691.061,2.304,0.23,0.0,100,38,SAT-SAT,UP,60000
0,SAT_62528,SAT_67311,BIDIR,724.138,2.414,0.241,0.0,100,40,SAT-SAT,UP,60000
0,SAT_62528,SAT_55372,BIDIR,729.098,2.43,0.243,0.0,100,40,SAT-SAT,UP,60000
0,SAT_62528,SAT_57919,BIDIR,741.885,2.473,0.247,0.0,100,41,SAT-SAT,UP,60000
0,SAT_62528,SAT_63188,BIDIR,743.28,2.478,0.248,0.0,100,41,SAT-SAT,UP,60000
0,SAT_57477,SAT_66406,BIDIR,15.824,0.053,0.005,0.0,100,10,SAT-SAT,UP,60000
0,SAT_57477,SAT_49451,BIDIR,657.366,2.191,0.219,0.0,100,36,SAT-SAT,UP,60000
0,SAT_57477,SAT_60936,BIDIR,682.405,2.275,0.227,0.0,100,37,SAT-SAT,UP,60000
0,SAT_57477,SAT_57924,BIDIR,686.46,2.288,0.229,0.0,100,38,SAT-SAT,UP,60000
0,SAT_57477,SAT_60444,BIDIR,695.582,2.319,0.232,0.0,100,38,SAT-SAT,UP,60000
0,SAT_57477,SAT_56770,BIDIR,776.529,2.588,0.259,0.0,100,43,SAT-SAT,UP,60000
0,SAT_57477,SAT_64921,BIDIR,817.51,2.725,0.273,0.0,100,45,SAT-SAT,UP,60000
0,SAT_57477,SAT_56547,BIDIR,832.345,2.774,0.277,0.0,100,46,SAT-SAT,UP,60000
0,SAT_57477,SAT_63188,BIDIR,857.039,2.857,0.286,0.0,100,47,SAT-SAT,UP,60000
0,SAT_57477,SAT_59757,BIDIR,860.313,2.868,0.287,0.0,100,47,SAT-SAT,UP,60000
0,SAT_57477,SAT_57919,BIDIR,885.084,2.95,0.295,0.0,100,49,SAT-SAT,UP,60000
0,SAT_57477,UAV_48,BIDIR,907.703,3.026,0.303,0.0,20,10,SAT-UAV,UP,60000
0,SAT_57477,UAV_39,BIDIR,907.894,3.026,0.303,0.0,20,10,SAT-UAV,UP,60000
0,SAT_57477,UAV_42,BIDIR,907.998,3.027,0.303,0.0,20,10,SAT-UAV,UP,60000
0,SAT_66406,SAT_49451,BIDIR,660.75,2.202,0.22,0.0,100,36,SAT-SAT,UP,60000
0,SAT_66406,SAT_60936,BIDIR,680.924,2.27,0.227,0.0,100,37,SAT-SAT,UP,60000
0,SAT_66406,SAT_57924,BIDIR,694.171,2.314,0.231,0.0,100,38,SAT-SAT,UP,60000
0,SAT_66406,SAT_60444,BIDIR,699.856,2.333,0.233,0.0,100,38,SAT-SAT,UP,60000
0,SAT_66406,SAT_56770,BIDIR,786.512,2.622,0.262,0.0,100,43,SAT-SAT,UP,60000
0,SAT_66406,SAT_64921,BIDIR,827.902,2.76,0.276,0.0,100,45,SAT-SAT,UP,60000
0,SAT_66406,SAT_56547,BIDIR,840.426,2.801,0.28,0.0,100,46,SAT-SAT,UP,60000
0,SAT_66406,SAT_63188,BIDIR,861.202,2.871,0.287,0.0,100,47,SAT-SAT,UP,60000
0,SAT_66406,SAT_59757,BIDIR,868.866,2.896,0.29,0.0,100,48,SAT-SAT,UP,60000
0,SAT_66406,SAT_57919,BIDIR,894.357,2.981,0.298,0.0,100,49,SAT-SAT,UP,60000
0,SAT_66406,UAV_48,BIDIR,908.231,3.027,0.303,0.0,20,10,SAT-UAV,UP,60000
0,SAT_66406,UAV_39,BIDIR,908.429,3.028,0.303,0.0,20,10,SAT-UAV,UP,60000
0,SAT_66406,UAV_42,BIDIR,908.524,3.028,0.303,0.0,20,10,SAT-UAV,UP,60000
0,UAV_01,UAV_02,BIDIR,0.353,0.001,0.0,0.0,10,10,UAV-UAV,UP,60000
0,UAV_01,UAV_03,BIDIR,0.5,0.002,0.0,0.0,10,10,UAV-UAV,UP,60000
0,UAV_01,UAV_04,BIDIR,0.612,0.002,0.0,0.0,10,10,UAV-UAV,UP,60000
0,UAV_01,UAV_05,BIDIR,0.707,0.002,0.0,0.0,10,10,UAV-UAV,UP,60000
0,UAV_01,UAV_06,BIDIR,0.79,0.003,0.0,0.0,10,10,UAV-UAV,UP,60000
0,UAV_01,UAV_07,BIDIR,0.866,0.003,0.0,0.0,10,10,UAV-UAV,UP,60000
0,UAV_01,UAV_08,BIDIR,0.935,0.003,0.0,0.0,10,10,UAV-UAV,UP,60000
0,UAV_01,UAV_09,BIDIR,1.0,0.003,0.0,0.0,10,10,UAV-UAV,UP,60000
0,UAV_01,UAV_10,BIDIR,1.061,0.004,0.0,0.0,10,10,UAV-UAV,UP,60000
0,UAV_01,UAV_11,BIDIR,1.118,0.004,0.0,0.0,10,10,UAV-UAV,UP,60000
0,UAV_01,UAV_12,BIDIR,1.173,0.004,0.0,0.0,10,10,UAV-UAV,UP,60000
0,UAV_01,UAV_13,BIDIR,1.225,0.004,0.0,0.0,10,10,UAV-UAV,UP,60000
0,UAV_01,UAV_14,BIDIR,1.275,0.004,0.0,0.0,10,10,UAV-UAV,UP,60000
0,UAV_01,UAV_15,BIDIR,1.323,0.004,0.0,0.0,10,10,UAV-UAV,UP,60000
0,UAV_01,UAV_16,BIDIR,1.369,0.005,0.0,0.0,10,10,UAV-UAV,UP,60000
0,UAV_01,UAV_17,BIDIR,1.414,0.005,0.0,0.0,10,10,UAV-UAV,UP,60000
0,UAV_01,UAV_18,BIDIR,1.458,0.005,0.0,0.0,10,10,UAV-UAV,UP,60000
0,UAV_01,UAV_19,BIDIR,1.5,0.005,0.0,0.0,10,10,UAV-UAV,UP,60000
0,UAV_02,UAV_09,BIDIR,0.647,0.002,0.0,0.0,10,10,UAV-UAV,UP,60000
0,UAV_02,UAV_06,BIDIR,0.721,0.002,0.0,0.0,10,10,UAV-UAV,UP,60000
0,UAV_02,UAV_05,BIDIR,0.787,0.003,0.0,0.0,10,10,UAV-UAV,UP,60000
0,UAV_02,UAV_03,BIDIR,0.789,0.003,0.0,0.0,10,10,UAV-UAV,UP,60000
0,UAV_02,UAV_11,BIDIR,0.824,0.003,0.0,0.0,10,10,UAV-UAV,UP,60000
0,UAV_02,UAV_04,BIDIR,0.928,0.003,0.0,0.0,10,10,UAV-UAV,UP,60000
0,UAV_02,UAV_15,BIDIR,0.97,0.003,0.0,0.0,10,10,UAV-UAV,UP,60000
0,UAV_02,UAV_07,BIDIR,1.058,0.004,0.0,0.0,10,10,UAV-UAV,UP,60000
0,UAV_02,UAV_16,BIDIR,1.174,0.004,0.0,0.0,10,10,UAV-UAV,UP,60000
0,UAV_02,UAV_14,BIDIR,1.214,0.004,0.0,0.0,10,10,UAV-UAV,UP,60000
0,UAV_02,UAV_08,BIDIR,1.24,0.004,0.0,0.0,10,10,UAV-UAV,UP,60000
0,UAV_02,UAV_12,BIDIR,1.269,0.004,0.0,0.0,10,10,UAV-UAV,UP,60000
0,UAV_02,UAV_10,BIDIR,1.414,0.005,0.0,0.0,10,10,UAV-UAV,UP,60000
0,UAV_02,UAV_26,BIDIR,1.414,0.005,0.0,0.0,10,10,UAV-UAV,UP,60000
0,UAV_02,UAV_17,BIDIR,1.458,0.005,0.0,0.0,10,10,UAV-UAV,UP,60000
0,UAV_02,UAV_25,BIDIR,1.486,0.005,0.0,0.0,10,10,UAV-UAV,UP,60000
0,UAV_02,UAV_13,BIDIR,1.557,0.005,0.001,0.0,10,10,UAV-UAV,UP,60000
0,UAV_03,UAV_07,BIDIR,0.439,0.001,0.0,0.0,10,10,UAV-UAV,UP,60000
0,UAV_03,UAV_05,BIDIR,0.503,0.002,0.0,0.0,10,10,UAV-UAV,UP,60000
0,UAV_03,UAV_04,BIDIR,0.71,0.002,0.0,0.0,10,10,UAV-UAV,UP,60000
0,UAV_03,UAV_06,BIDIR,0.769,0.003,0.0,0.0,10,10,UAV-UAV,UP,60000
0,UAV_03,UAV_10,BIDIR,0.788,0.003,0.0,0.0,10,10,UAV-UAV,UP,60000
0,UAV_03,UAV_13,BIDIR,0.789,0.003,0.0,0.0,10,10,UAV-UAV,UP,60000
0,UAV_03,UAV_08,BIDIR,0.985,0.003,0.0,0.0,10,10,UAV-UAV,UP,60000
0,UAV_03,UAV_14,BIDIR,1.134,0.004,0.0,0.0,10,10,UAV-UAV,UP,60000
0,UAV_03,UAV_11,BIDIR,1.347,0.004,0.0,0.0,10,10,UAV-UAV,UP,60000
0,UAV_03,UAV_09,BIDIR,1.398,0.005,0.0,0.0,10,10,UAV-UAV,UP,60000
0,UAV_03,UAV_28,BIDIR,1.439,0.005,0.0,0.0,10,10,UAV-UAV,UP,60000
0,UAV_03,UAV_29,BIDIR,1.446,0.005,0.0,0.0,10,10,UAV-UAV,UP,60000
0,UAV_03,UAV_12,BIDIR,1.529,0.005,0.001,0.0,10,10,UAV-UAV,UP,60000
0,UAV_03,UAV_20,BIDIR,1.576,0.005,0.001,0.0,10,10,UAV-UAV,UP,60000
0,UAV_03,UAV_19,BIDIR,1.588,0.005,0.001,0.0,10,10,UAV-UAV,UP,60000
0,UAV_03,UAV_21,BIDIR,1.642,0.005,0.001,0.0,10,10,UAV-UAV,UP,60000
0,UAV_04,UAV_08,BIDIR,0.324,0.001,0.0,0.0,10,10,UAV-UAV,UP,60000
0,UAV_04,UAV_10,BIDIR,0.65,0.002,0.0,0.0,10,10,UAV-UAV,UP,60000
0,UAV_04,UAV_12,BIDIR,0.897,0.003,0.0,0.0,10,10,UAV-UAV,UP,60000
0,UAV_04,UAV_19,BIDIR,0.911,0.003,0.0,0.0,10,10,UAV-UAV,UP,60000
0,UAV_04,UAV_20,BIDIR,0.934,0.003,0.0,0.0,10,10,UAV-UAV,UP,60000
0,UAV_04,UAV_18,BIDIR,0.966,0.003,0.0,0.0,10,10,UAV-UAV,UP,60000
0,UAV_04,UAV_21,BIDIR,0.982,0.003,0.0,0.0,10,10,UAV-UAV,UP,60000
0,UAV_04,UAV_13,BIDIR,1.015,0.003,0.0,0.0,10,10,UAV-UAV,UP,60000
0,UAV_04,UAV_22,BIDIR,1.074,0.004,0.0,0.0,10,10,UAV-UAV,UP,60000
0,UAV_04,UAV_07,BIDIR,1.143,0.004,0.0,0.0,10,10,UAV-UAV,UP,60000
0,UAV_04,UAV_05,BIDIR,1.166,0.004,0.0,0.0,10,10,UAV-UAV,UP,60000
0,UAV_04,UAV_17,BIDIR,1.19,0.004,0.0,0.0,10,10,UAV-UAV,UP,60000
0,UAV_04,UAV_23,BIDIR,1.27,0.004,0.0,0.0,10,10,UAV-UAV,UP,60000
0,UAV_04,UAV_30,BIDIR,1.317,0.004,0.0,0.0,10,10,UAV-UAV,UP,60000
0,UAV_04,UAV_06,BIDIR,1.348,0.004,0.0,0.0,10,10,UAV-UAV,UP,60000
0,UAV_05,UAV_06,BIDIR,0.317,0.001,0.0,0.0,10,10,UAV-UAV,UP,60000
0,UAV_05,UAV_07,BIDIR,0.364,0.001,0.0,0.0,10,10,UAV-UAV,UP,60000
0,UAV_05,UAV_14,BIDIR,0.634,0.002,0.0,0.0,10,10,UAV-UAV,UP,60000
0,UAV_05,UAV_11,BIDIR,0.991,0.003,0.0,0.0,10,10,UAV-UAV,UP,60000
0,UAV_05,UAV_28,BIDIR,1.16,0.004,0.0,0.0,10,10,UAV-UAV,UP,60000
0,UAV_05,UAV_13,BIDIR,1.167,0.004,0.0,0.0,10,10,UAV-UAV,UP,60000
0,UAV_05,UAV_09,BIDIR,1.219,0.004,0.0,0.0,10,10,UAV-UAV,UP,60000
0,UAV_05,UAV_10,BIDIR,1.276,0.004,0.0,0.0,10,10,UAV-UAV,UP,60000
0,UAV_05,UAV_33,BIDIR,1.294,0.004,0.0,0.0,10,10,UAV-UAV,UP,60000
0,UAV_05,UAV_27,BIDIR,1.351,0.005,0.0,0.0,10,10,UAV-UAV,UP,60000
0,UAV_05,UAV_37,BIDIR,1.415,0.005,0.0,0.0,10,10,UAV-UAV,UP,60000
0,UAV_05,UAV_15,BIDIR,1.454,0.005,0.0,0.0,10,10,UAV-UAV,UP,60000
0,UAV_05,UAV_08,BIDIR,1.466,0.005,0.0,0.0,10,10,UAV-UAV,UP,60000
0,UAV_05,UAV_29,BIDIR,1.794,0.006,0.001,0.0,10,10,UAV-UAV,UP,60000
0,UAV_06,UAV_14,BIDIR,0.497,0.002,0.0,0.0,10,10,UAV-UAV,UP,60000
0,UAV_06,UAV_07,BIDIR,0.674,0.002,0.0,0.0,10,10,UAV-UAV,UP,60000
0,UAV_06,UAV_11,BIDIR,0.686,0.002,0.0,0.0,10,10,UAV-UAV,UP,60000
0,UAV_06,UAV_09,BIDIR,0.989,0.003,0.0,0.0,10,10,UAV-UAV,UP,60000
0,UAV_06,UAV_27,BIDIR,1.074,0.004,0.0,0.0,10,10,UAV-UAV,UP,60000
0,UAV_06,UAV_15,BIDIR,1.183,0.004,0.0,0.0,10,10,UAV-UAV,UP,60000
0,UAV_06,UAV_28,BIDIR,1.293,0.004,0.0,0.0,10,10,UAV-UAV,UP,60000
0,UAV_06,UAV_33,BIDIR,1.333,0.004,0.0,0.0,10,10,UAV-UAV,UP,60000
0,UAV_06,UAV_37,BIDIR,1.444,0.005,0.0,0.0,10,10,UAV-UAV,UP,60000
0,UAV_06,UAV_13,BIDIR,1.48,0.005,0.0,0.0,10,10,UAV-UAV,UP,60000
0,UAV_06,UAV_40,BIDIR,1.542,0.005,0.001,0.0,10,10,UAV-UAV,UP,60000
0,UAV_06,UAV_10,BIDIR,1.557,0.005,0.001,0.0,10,10,UAV-UAV,UP,60000
0,UAV_06,UAV_26,BIDIR,1.609,0.005,0.001,0.0,10,10,UAV-UAV,UP,60000
0,UAV_07,UAV_14,BIDIR,0.846,0.003,0.0,0.0,10,10,UAV-UAV,UP,60000
0,UAV_07,UAV_13,BIDIR,0.854,0.003,0.0,0.0,10,10,UAV-UAV,UP,60000
0,UAV_07,UAV_28,BIDIR,1.001,0.003,0.0,0.0,10,10,UAV-UAV,UP,60000
0,UAV_07,UAV_10,BIDIR,1.062,0.004,0.0,0.0,10,10,UAV-UAV,UP,60000
0,UAV_07,UAV_33,BIDIR,1.24,0.004,0.0,0.0,10,10,UAV-UAV,UP,60000
0,UAV_07,UAV_11,BIDIR,1.354,0.005,0.0,0.0,10,10,UAV-UAV,UP,60000
0,UAV_07,UAV_37,BIDIR,1.364,0.005,0.0,0.0,10,10,UAV-UAV,UP,60000
0,UAV_07,UAV_08,BIDIR,1.398,0.005,0.0,0.0,10,10,UAV-UAV,UP,60000
0,UAV_07,UAV_29,BIDIR,1.453,0.005,0.0,0.0,10,10,UAV-UAV,UP,60000
0,UAV_07,UAV_44,BIDIR,1.547,0.005,0.001,0.0,10,10,UAV-UAV,UP,60000
0,UAV_07,UAV_09,BIDIR,1.563,0.005,0.001,0.0,10,10,UAV-UAV,UP,60000
0,UAV_07,UAV_41,BIDIR,1.606,0.005,0.001,0.0,10,10,UAV-UAV,UP,60000
0,UAV_08,UAV_19,BIDIR,0.604,0.002,0.0,0.0,10,10,UAV-UAV,UP,60000
0,UAV_08,UAV_20,BIDIR,0.612,0.002,0.0,0.0,10,10,UAV-UAV,UP,60000
0,UAV_08,UAV_10,BIDIR,0.625,0.002,0.0,0.0,10,10,UAV-UAV,UP,60000
0,UAV_08,UAV_21,BIDIR,0.665,0.002,0.0,0.0,10,10,UAV-UAV,UP,60000
0,UAV_08,UAV_18,BIDIR,0.752,0.003,0.0,0.0,10,10,UAV-UAV,UP,60000
0,UAV_08,UAV_22,BIDIR,0.804,0.003,0.0,0.0,10,10,UAV-UAV,UP,60000
0,UAV_08,UAV_12,BIDIR,0.867,0.003,0.0,0.0,10,10,UAV-UAV,UP,60000
0,UAV_08,UAV_30,BIDIR,1.007,0.003,0.0,0.0,10,10,UAV-UAV,UP,60000
0,UAV_08,UAV_13,BIDIR,1.071,0.004,0.0,0.0,10,10,UAV-UAV,UP,60000
0,UAV_08,UAV_23,BIDIR,1.118,0.004,0.0,0.0,10,10,UAV-UAV,UP,60000
0,UAV_08,UAV_17,BIDIR,1.158,0.004,0.0,0.0,10,10,UAV-UAV,UP,60000
0,UAV_08,UAV_38,BIDIR,1.364,0.005,0.0,0.0,10,10,UAV-UAV,UP,60000
0,UAV_08,UAV_34,BIDIR,1.446,0.005,0.0,0.0,10,10,UAV-UAV,UP,60000
0,UAV_09,UAV_15,BIDIR,0.331,0.001,0.0,0.0,10,10,UAV-UAV,UP,60000
0,UAV_09,UAV_11,BIDIR,0.533,0.002,0.0,0.0,10,10,UAV-UAV,UP,60000
0,UAV_09,UAV_26,BIDIR,0.768,0.003,0.0,0.0,10,10,UAV-UAV,UP,60000
0,UAV_09,UAV_32,BIDIR,1.013,0.003,0.0,0.0,10,10,UAV-UAV,UP,60000
0,UAV_09,UAV_16,BIDIR,1.056,0.004,0.0,0.0,10,10,UAV-UAV,UP,60000
0,UAV_09,UAV_36,BIDIR,1.098,0.004,0.0,0.0,10,10,UAV-UAV,UP,60000
0,UAV_09,UAV_25,BIDIR,1.185,0.004,0.0,0.0,10,10,UAV-UAV,UP,60000
0,UAV_09,UAV_14,BIDIR,1.36,0.005,0.0,0.0,10,10,UAV-UAV,UP,60000
0,UAV_09,UAV_27,BIDIR,1.364,0.005,0.0,0.0,10,10,UAV-UAV,UP,60000
0,UAV_09,UAV_43,BIDIR,1.365,0.005,0.0,0.0,10,10,UAV-UAV,UP,60000
0,UAV_09,UAV_46,BIDIR,1.476,0.005,0.0,0.0,10,10,UAV-UAV,UP,60000
0,UAV_09,UAV_04,BIDIR,1.548,0.005,0.001,0.0,10,10,UAV-UAV,UP,60000
0,UAV_10,UAV_13,BIDIR,0.461,0.002,0.0,0.0,10,10,UAV-UAV,UP,60000
0,UAV_10,UAV_29,BIDIR,0.914,0.003,0.0,0.0,10,10,UAV-UAV,UP,60000
0,UAV_10,UAV_34,BIDIR,0.976,0.003,0.0,0.0,10,10,UAV-UAV,UP,60000
0,UAV_10,UAV_20,BIDIR,0.997,0.003,0.0,0.0,10,10,UAV-UAV,UP,60000
0,UAV_10,UAV_19,BIDIR,1.081,0.004,0.0,0.0,10,10,UAV-UAV,UP,60000
0,UAV_10,UAV_21,BIDIR,1.088,0.004,0.0,0.0,10,10,UAV-UAV,UP,60000
0,UAV_10,UAV_38,BIDIR,1.125,0.004,0.0,0.0,10,10,UAV-UAV,UP,60000
0,UAV_10,UAV_22,BIDIR,1.342,0.004,0.0,0.0,10,10,UAV-UAV,UP,60000
0,UAV_10,UAV_18,BIDIR,1.352,0.005,0.0,0.0,10,10,UAV-UAV,UP,60000
0,UAV_10,UAV_50,BIDIR,1.415,0.005,0.0,0.0,10,10,UAV-UAV,UP,60000
0,UAV_10,UAV_30,BIDIR,1.425,0.005,0.0,0.0,10,10,UAV-UAV,UP,60000
0,UAV_11,UAV_15,BIDIR,0.562,0.002,0.0,0.0,10,10,UAV-UAV,UP,60000
0,UAV_11,UAV_27,BIDIR,0.844,0.003,0.0,0.0,10,10,UAV-UAV,UP,60000
0,UAV_11,UAV_14,BIDIR,0.905,0.003,0.0,0.0,10,10,UAV-UAV,UP,60000
0,UAV_11,UAV_26,BIDIR,0.942,0.003,0.0,0.0,10,10,UAV-UAV,UP,60000
0,UAV_11,UAV_32,BIDIR,0.949,0.003,0.0,0.0,10,10,UAV-UAV,UP,60000
0,UAV_11,UAV_40,BIDIR,1.129,0.004,0.0,0.0,10,10,UAV-UAV,UP,60000
0,UAV_11,UAV_43,BIDIR,1.218,0.004,0.0,0.0,10,10,UAV-UAV,UP,60000
0,UAV_11,UAV_46,BIDIR,1.275,0.004,0.0,0.0,10,10,UAV-UAV,UP,60000
0,UAV_11,UAV_36,BIDIR,1.31,0.004,0.0,0.0,10,10,UAV-UAV,UP,60000
0,UAV_11,UAV_49,BIDIR,1.439,0.005,0.0,0.0,10,10,UAV-UAV,UP,60000
0,UAV_11,UAV_16,BIDIR,1.585,0.005,0.001,0.0,10,10,UAV-UAV,UP,60000
0,UAV_12,UAV_17,BIDIR,0.296,0.001,0.0,0.0,10,10,UAV-UAV,UP,60000
0,UAV_12,UAV_23,BIDIR,0.514,0.002,0.0,0.0,10,10,UAV-UAV,UP,60000
0,UAV_12,UAV_18,BIDIR,0.538,0.002,0.0,0.0,10,10,UAV-UAV,UP,60000
0,UAV_12,UAV_24,BIDIR,0.735,0.002,0.0,0.0,10,10,UAV-UAV,UP,60000
0,UAV_12,UAV_22,BIDIR,0.789,0.003,0.0,0.0,10,10,UAV-UAV,UP,60000
0,UAV_12,UAV_35,BIDIR,0.889,0.003,0.0,0.0,10,10,UAV-UAV,UP,60000
0,UAV_12,UAV_19,BIDIR,0.895,0.003,0.0,0.0,10,10,UAV-UAV,UP,60000
0,UAV_12,UAV_21,BIDIR,1.005,0.003,0.0,0.0,10,10,UAV-UAV,UP,60000
0,UAV_12,UAV_16,BIDIR,1.043,0.003,0.0,0.0,10,10,UAV-UAV,UP,60000
0,UAV_12,UAV_20,BIDIR,1.047,0.003,0.0,0.0,10,10,UAV-UAV,UP,60000
0,UAV_12,UAV_42,BIDIR,1.092,0.004,0.0,0.0,10,10,UAV-UAV,UP,60000
0,UAV_12,UAV_30,BIDIR,1.159,0.004,0.0,0.0,10,10,UAV-UAV,UP,60000
0,UAV_12,UAV_45,BIDIR,1.185,0.004,0.0,0.0,10,10,UAV-UAV,UP,60000
0,UAV_12,UAV_31,BIDIR,1.185,0.004,0.0,0.0,10,10,UAV-UAV,UP,60000
0,UAV_13,UAV_29,BIDIR,0.657,0.002,0.0,0.0,10,10,UAV-UAV,UP,60000
0,UAV_13,UAV_34,BIDIR,0.939,0.003,0.0,0.0,10,10,UAV-UAV,UP,60000
0,UAV_13,UAV_41,BIDIR,1.045,0.003,0.0,0.0,10,10,UAV-UAV,UP,60000
0,UAV_13,UAV_47,BIDIR,1.218,0.004,0.0,0.0,10,10,UAV-UAV,UP,60000
0,UAV_13,UAV_44,BIDIR,1.278,0.004,0.0,0.0,10,10,UAV-UAV,UP,60000
0,UAV_13,UAV_38,BIDIR,1.295,0.004,0.0,0.0,10,10,UAV-UAV,UP,60000
0,UAV_13,UAV_50,BIDIR,1.438,0.005,0.0,0.0,10,10,UAV-UAV,UP,60000
0,UAV_13,UAV_20,BIDIR,1.445,0.005,0.0,0.0,10,10,UAV-UAV,UP,60000
0,UAV_13,UAV_28,BIDIR,1.519,0.005,0.001,0.0,10,10,UAV-UAV,UP,60000
0,UAV_13,UAV_19,BIDIR,1.539,0.005,0.001,0.0,10,10,UAV-UAV,UP,60000
0,UAV_14,UAV_27,BIDIR,0.818,0.003,0.0,0.0,10,10,UAV-UAV,UP,60000
0,UAV_14,UAV_33,BIDIR,0.901,0.003,0.0,0.0,10,10,UAV-UAV,UP,60000
0,UAV_14,UAV_28,BIDIR,0.977,0.003,0.0,0.0,10,10,UAV-UAV,UP,60000
0,UAV_14,UAV_37,BIDIR,0.999,0.003,0.0,0.0,10,10,UAV-UAV,UP,60000
0,UAV_14,UAV_40,BIDIR,1.335,0.004,0.0,0.0,10,10,UAV-UAV,UP,60000
0,UAV_14,UAV_49,BIDIR,1.399,0.005,0.0,0.0,10,10,UAV-UAV,UP,60000
0,UAV_14,UAV_15,BIDIR,1.466,0.005,0.0,0.0,10,10,UAV-UAV,UP,60000
0,UAV_14,UAV_13,BIDIR,1.697,0.006,0.001,0.0,10,10,UAV-UAV,UP,60000
0,UAV_14,UAV_32,BIDIR,1.732,0.006,0.001,0.0,10,10,UAV-UAV,UP,60000
0,UAV_14,UAV_04,BIDIR,1.793,0.006,0.001,0.0,10,10,UAV-UAV,UP,60000
0,UAV_15,UAV_26,BIDIR,0.453,0.002,0.0,0.0,10,10,UAV-UAV,UP,60000
0,UAV_15,UAV_32,BIDIR,0.689,0.002,0.0,0.0,10,10,UAV-UAV,UP,60000
0,UAV_15,UAV_36,BIDIR,0.807,0.003,0.0,0.0,10,10,UAV-UAV,UP,60000
0,UAV_15,UAV_43,BIDIR,1.047,0.003,0.0,0.0,10,10,UAV-UAV,UP,60000
0,UAV_15,UAV_46,BIDIR,1.169,0.004,0.0,0.0,10,10,UAV-UAV,UP,60000
0,UAV_15,UAV_16,BIDIR,1.215,0.004,0.0,0.0,10,10,UAV-UAV,UP,60000
0,UAV_15,UAV_25,BIDIR,1.23,0.004,0.0,0.0,10,10,UAV-UAV,UP,60000
0,UAV_15,UAV_27,BIDIR,1.273,0.004,0.0,0.0,10,10,UAV-UAV,UP,60000
0,UAV_15,UAV_40,BIDIR,1.37,0.005,0.0,0.0,10,10,UAV-UAV,UP,60000
0,UAV_15,UAV_03,BIDIR,1.694,0.006,0.001,0.0,10,10,UAV-UAV,UP,60000
0,UAV_15,UAV_49,BIDIR,1.754,0.006,0.001,0.0,10,10,UAV-UAV,UP,60000
0,UAV_16,UAV_25,BIDIR,0.429,0.001,0.0,0.0,10,10,UAV-UAV,UP,60000
0,UAV_16,UAV_31,BIDIR,0.671,0.002,0.0,0.0,10,10,UAV-UAV,UP,60000
0,UAV_16,UAV_24,BIDIR,0.773,0.003,0.0,0.0,10,10,UAV-UAV,UP,60000
0,UAV_16,UAV_17,BIDIR,0.954,0.003,0.0,0.0,10,10,UAV-UAV,UP,60000
0,UAV_16,UAV_39,BIDIR,0.957,0.003,0.0,0.0,10,10,UAV-UAV,UP,60000
0,UAV_16,UAV_26,BIDIR,1.383,0.005,0.0,0.0,10,10,UAV-UAV,UP,60000
0,UAV_16,UAV_23,BIDIR,1.411,0.005,0.0,0.0,10,10,UAV-UAV,UP,60000
0,UAV_16,UAV_36,BIDIR,1.487,0.005,0.0,0.0,10,10,UAV-UAV,UP,60000
0,UAV_16,UAV_48,BIDIR,1.499,0.005,0.0,0.0,10,10,UAV-UAV,UP,60000
0,UAV_16,UAV_35,BIDIR,1.501,0.005,0.001,0.0,10,10,UAV-UAV,UP,60000
0,UAV_16,UAV_04,BIDIR,1.561,0.005,0.001,0.0,10,10,UAV-UAV,UP,60000
0,UAV_16,UAV_18,BIDIR,1.578,0.005,0.001,0.0,10,10,UAV-UAV,UP,60000
0,UAV_17,UAV_23,BIDIR,0.457,0.002,0.0,0.0,10,10,UAV-UAV,UP,60000
0,UAV_17,UAV_24,BIDIR,0.46,0.002,0.0,0.0,10,10,UAV-UAV,UP,60000
0,UAV_17,UAV_35,BIDIR,0.677,0.002,0.0,0.0,10,10,UAV-UAV,UP,60000
0,UAV_17,UAV_18,BIDIR,0.689,0.002,0.0,0.0,10,10,UAV-UAV,UP,60000
0,UAV_17,UAV_42,BIDIR,0.892,0.003,0.0,0.0,10,10,UAV-UAV,UP,60000
0,UAV_17,UAV_22,BIDIR,0.93,0.003,0.0,0.0,10,10,UAV-UAV,UP,60000
0,UAV_17,UAV_31,BIDIR,0.942,0.003,0.0,0.0,10,10,UAV-UAV,UP,60000
0,UAV_17,UAV_45,BIDIR,1.025,0.003,0.0,0.0,10,10,UAV-UAV,UP,60000
0,UAV_17,UAV_48,BIDIR,1.028,0.003,0.0,0.0,10,10,UAV-UAV,UP,60000
0,UAV_17,UAV_39,BIDIR,1.039,0.003,0.0,0.0,10,10,UAV-UAV,UP,60000
0,UAV_17,UAV_19,BIDIR,1.1,0.004,0.0,0.0,10,10,UAV-UAV,UP,60000
0,UAV_17,UAV_21,BIDIR,1.205,0.004,0.0,0.0,10,10,UAV-UAV,UP,60000
0,UAV_17,UAV_20,BIDIR,1.263,0.004,0.0,0.0,10,10,UAV-UAV,UP,60000
0,UAV_17,UAV_30,BIDIR,1.29,0.004,0.0,0.0,10,10,UAV-UAV,UP,60000
0,UAV_17,UAV_25,BIDIR,1.327,0.004,0.0,0.0,10,10,UAV-UAV,UP,60000
0,UAV_18,UAV_22,BIDIR,0.251,0.001,0.0,0.0,10,10,UAV-UAV,UP,60000
0,UAV_18,UAV_23,BIDIR,0.41,0.001,0.0,0.0,10,10,UAV-UAV,UP,60000
0,UAV_18,UAV_19,BIDIR,0.426,0.001,0.0,0.0,10,10,UAV-UAV,UP,60000
0,UAV_18,UAV_21,BIDIR,0.524,0.002,0.0,0.0,10,10,UAV-UAV,UP,60000
0,UAV_18,UAV_20,BIDIR,0.595,0.002,0.0,0.0,10,10,UAV-UAV,UP,60000
0,UAV_18,UAV_30,BIDIR,0.622,0.002,0.0,0.0,10,10,UAV-UAV,UP,60000
0,UAV_18,UAV_35,BIDIR,0.875,0.003,0.0,0.0,10,10,UAV-UAV,UP,60000
0,UAV_18,UAV_45,BIDIR,0.999,0.003,0.0,0.0,10,10,UAV-UAV,UP,60000
0,UAV_18,UAV_42,BIDIR,1.005,0.003,0.0,0.0,10,10,UAV-UAV,UP,60000
0,UAV_18,UAV_24,BIDIR,1.132,0.004,0.0,0.0,10,10,UAV-UAV,UP,60000
0,UAV_18,UAV_48,BIDIR,1.458,0.005,0.0,0.0,10,10,UAV-UAV,UP,60000
0,UAV_19,UAV_21,BIDIR,0.111,0.0,0.0,0.0,10,10,UAV-UAV,UP,60000
0,UAV_19,UAV_20,BIDIR,0.169,0.001,0.0,0.0,10,10,UAV-UAV,UP,60000
0,UAV_19,UAV_22,BIDIR,0.281,0.001,0.0,0.0,10,10,UAV-UAV,UP,60000
0,UAV_19,UAV_30,BIDIR,0.407,0.001,0.0,0.0,10,10,UAV-UAV,UP,60000
0,UAV_19,UAV_23,BIDIR,0.824,0.003,0.0,0.0,10,10,UAV-UAV,UP,60000
0,UAV_19,UAV_35,BIDIR,1.263,0.004,0.0,0.0,10,10,UAV-UAV,UP,60000
0,UAV_19,UAV_38,BIDIR,1.275,0.004,0.0,0.0,10,10,UAV-UAV,UP,60000
0,UAV_19,UAV_45,BIDIR,1.304,0.004,0.0,0.0,10,10,UAV-UAV,UP,60000
0,UAV_19,UAV_42,BIDIR,1.358,0.005,0.0,0.0,10,10,UAV-UAV,UP,60000
0,UAV_19,UAV_24,BIDIR,1.551,0.005,0.001,0.0,10,10,UAV-UAV,UP,60000
0,UAV_20,UAV_21,BIDIR,0.1,0.0,0.0,0.0,10,10,UAV-UAV,UP,60000
0,UAV_20,UAV_30,BIDIR,0.43,0.001,0.0,0.0,10,10,UAV-UAV,UP,60000
0,UAV_20,UAV_22,BIDIR,0.434,0.001,0.0,0.0,10,10,UAV-UAV,UP,60000
0,UAV_20,UAV_23,BIDIR,0.991,0.003,0.0,0.0,10,10,UAV-UAV,UP,60000
0,UAV_20,UAV_38,BIDIR,1.106,0.004,0.0,0.0,10,10,UAV-UAV,UP,60000
0,UAV_20,UAV_34,BIDIR,1.419,0.005,0.0,0.0,10,10,UAV-UAV,UP,60000
0,UAV_20,UAV_35,BIDIR,1.425,0.005,0.0,0.0,10,10,UAV-UAV,UP,60000
0,UAV_20,UAV_45,BIDIR,1.447,0.005,0.0,0.0,10,10,UAV-UAV,UP,60000
0,UAV_20,UAV_42,BIDIR,1.512,0.005,0.001,0.0,10,10,UAV-UAV,UP,60000
0,UAV_20,UAV_01,BIDIR,1.541,0.005,0.001,0.0,10,10,UAV-UAV,UP,60000
0,UAV_21,UAV_22,BIDIR,0.341,0.001,0.0,0.0,10,10,UAV-UAV,UP,60000
0,UAV_21,UAV_30,BIDIR,0.349,0.001,0.0,0.0,10,10,UAV-UAV,UP,60000
0,UAV_21,UAV_23,BIDIR,0.91,0.003,0.0,0.0,10,10,UAV-UAV,UP,60000
0,UAV_21,UAV_38,BIDIR,1.184,0.004,0.0,0.0,10,10,UAV-UAV,UP,60000
0,UAV_21,UAV_35,BIDIR,1.335,0.004,0.0,0.0,10,10,UAV-UAV,UP,60000
0,UAV_21,UAV_45,BIDIR,1.348,0.004,0.0,0.0,10,10,UAV-UAV,UP,60000
0,UAV_21,UAV_42,BIDIR,1.417,0.005,0.0,0.0,10,10,UAV-UAV,UP,60000
0,UAV_21,UAV_34,BIDIR,1.513,0.005,0.001,0.0,10,10,UAV-UAV,UP,60000
0,UAV_21,UAV_13,BIDIR,1.539,0.005,0.001,0.0,10,10,UAV-UAV,UP,60000
0,UAV_21,UAV_01,BIDIR,1.581,0.005,0.001,0.0,10,10,UAV-UAV,UP,60000
0,UAV_22,UAV_30,BIDIR,0.371,0.001,0.0,0.0,10,10,UAV-UAV,UP,60000
0,UAV_22,UAV_23,BIDIR,0.58,0.002,0.0,0.0,10,10,UAV-UAV,UP,60000
0,UAV_22,UAV_35,BIDIR,0.994,0.003,0.0,0.0,10,10,UAV-UAV,UP,60000
0,UAV_22,UAV_45,BIDIR,1.024,0.003,0.0,0.0,10,10,UAV-UAV,UP,60000
0,UAV_22,UAV_42,BIDIR,1.079,0.004,0.0,0.0,10,10,UAV-UAV,UP,60000
0,UAV_22,UAV_24,BIDIR,1.359,0.005,0.0,0.0,10,10,UAV-UAV,UP,60000
0,UAV_22,UAV_38,BIDIR,1.52,0.005,0.001,0.0,10,10,UAV-UAV,UP,60000
0,UAV_22,UAV_48,BIDIR,1.601,0.005,0.001,0.0,10,10,UAV-UAV,UP,60000
0,UAV_22,UAV_01,BIDIR,1.62,0.005,0.001,0.0,10,10,UAV-UAV,UP,60000
0,UAV_23,UAV_35,BIDIR,0.476,0.002,0.0,0.0,10,10,UAV-UAV,UP,60000
0,UAV_23,UAV_42,BIDIR,0.636,0.002,0.0,0.0,10,10,UAV-UAV,UP,60000
0,UAV_23,UAV_45,BIDIR,0.688,0.002,0.0,0.0,10,10,UAV-UAV,UP,60000
0,UAV_23,UAV_24,BIDIR,0.812,0.003,0.0,0.0,10,10,UAV-UAV,UP,60000
0,UAV_23,UAV_30,BIDIR,0.898,0.003,0.0,0.0,10,10,UAV-UAV,UP,60000
0,UAV_23,UAV_48,BIDIR,1.047,0.003,0.0,0.0,10,10,UAV-UAV,UP,60000
0,UAV_23,UAV_31,BIDIR,1.312,0.004,0.0,0.0,10,10,UAV-UAV,UP,60000
0,UAV_23,UAV_39,BIDIR,1.332,0.004,0.0,0.0,10,10,UAV-UAV,UP,60000
0,UAV_23,UAV_01,BIDIR,1.658,0.006,0.001,0.0,10,10,UAV-UAV,UP,60000
0,UAV_24,UAV_31,BIDIR,0.501,0.002,0.0,0.0,10,10,UAV-UAV,UP,60000
0,UAV_24,UAV_39,BIDIR,0.581,0.002,0.0,0.0,10,10,UAV-UAV,UP,60000
0,UAV_24,UAV_35,BIDIR,0.749,0.002,0.0,0.0,10,10,UAV-UAV,UP,60000
0,UAV_24,UAV_48,BIDIR,0.774,0.003,0.0,0.0,10,10,UAV-UAV,UP,60000
0,UAV_24,UAV_42,BIDIR,0.944,0.003,0.0,0.0,10,10,UAV-UAV,UP,60000
0,UAV_24,UAV_25,BIDIR,1.035,0.003,0.0,0.0,10,10,UAV-UAV,UP,60000
0,UAV_24,UAV_45,BIDIR,1.135,0.004,0.0,0.0,10,10,UAV-UAV,UP,60000
0,UAV_24,UAV_04,BIDIR,1.592,0.005,0.001,0.0,10,10,UAV-UAV,UP,60000
0,UAV_24,UAV_08,BIDIR,1.601,0.005,0.001,0.0,10,10,UAV-UAV,UP,60000
0,UAV_24,UAV_02,BIDIR,1.65,0.006,0.001,0.0,10,10,UAV-UAV,UP,60000
0,UAV_24,UAV_21,BIDIR,1.654,0.006,0.001,0.0,10,10,UAV-UAV,UP,60000
0,UAV_24,UAV_01,BIDIR,1.695,0.006,0.001,0.0,10,10,UAV-UAV,UP,60000
0,UAV_25,UAV_31,BIDIR,0.704,0.002,0.0,0.0,10,10,UAV-UAV,UP,60000
0,UAV_25,UAV_39,BIDIR,0.968,0.003,0.0,0.0,10,10,UAV-UAV,UP,60000
0,UAV_25,UAV_36,BIDIR,1.249,0.004,0.0,0.0,10,10,UAV-UAV,UP,60000
0,UAV_25,UAV_26,BIDIR,1.25,0.004,0.0,0.0,10,10,UAV-UAV,UP,60000
0,UAV_25,UAV_12,BIDIR,1.455,0.005,0.0,0.0,10,10,UAV-UAV,UP,60000
0,UAV_25,UAV_48,BIDIR,1.64,0.005,0.001,0.0,10,10,UAV-UAV,UP,60000
0,UAV_25,UAV_32,BIDIR,1.683,0.006,0.001,0.0,10,10,UAV-UAV,UP,60000
0,UAV_25,UAV_11,BIDIR,1.709,0.006,0.001,0.0,10,10,UAV-UAV,UP,60000
0,UAV_25,UAV_01,BIDIR,1.732,0.006,0.001,0.0,10,10,UAV-UAV,UP,60000
0,UAV_25,UAV_23,BIDIR,1.775,0.006,0.001,0.0,10,10,UAV-UAV,UP,60000
0,UAV_25,UAV_35,BIDIR,1.784,0.006,0.001,0.0,10,10,UAV-UAV,UP,60000
0,UAV_25,UAV_42,BIDIR,1.973,0.007,0.001,0.0,10,10,UAV-UAV,UP,60000
0,UAV_26,UAV_36,BIDIR,0.368,0.001,0.0,0.0,10,10,UAV-UAV,UP,60000
0,UAV_26,UAV_32,BIDIR,0.433,0.001,0.0,0.0,10,10,UAV-UAV,UP,60000
0,UAV_26,UAV_43,BIDIR,0.777,0.003,0.0,0.0,10,10,UAV-UAV,UP,60000
0,UAV_26,UAV_46,BIDIR,0.933,0.003,0.0,0.0,10,10,UAV-UAV,UP,60000
0,UAV_26,UAV_40,BIDIR,1.386,0.005,0.0,0.0,10,10,UAV-UAV,UP,60000
0,UAV_26,UAV_27,BIDIR,1.456,0.005,0.0,0.0,10,10,UAV-UAV,UP,60000
0,UAV_26,UAV_01,BIDIR,1.768,0.006,0.001,0.0,10,10,UAV-UAV,UP,60000
0,UAV_26,UAV_49,BIDIR,1.797,0.006,0.001,0.0,10,10,UAV-UAV,UP,60000
0,UAV_26,UAV_14,BIDIR,1.831,0.006,0.001,0.0,10,10,UAV-UAV,UP,60000
0,UAV_26,UAV_05,BIDIR,1.893,0.006,0.001,0.0,10,10,UAV-UAV,UP,60000
0,UAV_26,UAV_31,BIDIR,1.942,0.006,0.001,0.0,10,10,UAV-UAV,UP,60000
0,UAV_27,UAV_40,BIDIR,0.518,0.002,0.0,0.0,10,10,UAV-UAV,UP,60000
0,UAV_27,UAV_49,BIDIR,0.648,0.002,0.0,0.0,10,10,UAV-UAV,UP,60000
0,UAV_27,UAV_46,BIDIR,1.155,0.004,0.0,0.0,10,10,UAV-UAV,UP,60000
0,UAV_27,UAV_32,BIDIR,1.186,0.004,0.0,0.0,10,10,UAV-UAV,UP,60000
0,UAV_27,UAV_43,BIDIR,1.214,0.004,0.0,0.0,10,10,UAV-UAV,UP,60000
0,UAV_27,UAV_33,BIDIR,1.408,0.005,0.0,0.0,10,10,UAV-UAV,UP,60000
0,UAV_27,UAV_37,BIDIR,1.448,0.005,0.0,0.0,10,10,UAV-UAV,UP,60000
0,UAV_27,UAV_02,BIDIR,1.59,0.005,0.001,0.0,10,10,UAV-UAV,UP,60000
0,UAV_27,UAV_07,BIDIR,1.638,0.005,0.001,0.0,10,10,UAV-UAV,UP,60000
0,UAV_27,UAV_28,BIDIR,1.655,0.006,0.001,0.0,10,10,UAV-UAV,UP,60000
0,UAV_27,UAV_36,BIDIR,1.767,0.006,0.001,0.0,10,10,UAV-UAV,UP,60000
0,UAV_27,UAV_01,BIDIR,1.803,0.006,0.001,0.0,10,10,UAV-UAV,UP,60000
0,UAV_28,UAV_33,BIDIR,0.402,0.001,0.0,0.0,10,10,UAV-UAV,UP,60000
0,UAV_28,UAV_37,BIDIR,0.494,0.002,0.0,0.0,10,10,UAV-UAV,UP,60000
0,UAV_28,UAV_44,BIDIR,1.255,0.004,0.0,0.0,10,10,UAV-UAV,UP,60000
0,UAV_28,UAV_41,BIDIR,1.636,0.005,0.001,0.0,10,10,UAV-UAV,UP,60000
0,UAV_28,UAV_47,BIDIR,1.68,0.006,0.001,0.0,10,10,UAV-UAV,UP,60000
0,UAV_28,UAV_01,BIDIR,1.837,0.006,0.001,0.0,10,10,UAV-UAV,UP,60000
0,UAV_28,UAV_29,BIDIR,1.845,0.006,0.001,0.0,10,10,UAV-UAV,UP,60000
0,UAV_28,UAV_11,BIDIR,1.871,0.006,0.001,0.0,10,10,UAV-UAV,UP,60000
0,UAV_28,UAV_10,BIDIR,1.904,0.006,0.001,0.0,10,10,UAV-UAV,UP,60000
0,UAV_28,UAV_02,BIDIR,1.944,0.006,0.001,0.0,10,10,UAV-UAV,UP,60000
0,UAV_28,UAV_49,BIDIR,2.056,0.007,0.001,0.0,10,10,UAV-UAV,UP,60000
0,UAV_29,UAV_34,BIDIR,0.472,0.002,0.0,0.0,10,10,UAV-UAV,UP,60000
0,UAV_29,UAV_41,BIDIR,0.607,0.002,0.0,0.0,10,10,UAV-UAV,UP,60000
0,UAV_29,UAV_47,BIDIR,0.774,0.003,0.0,0.0,10,10,UAV-UAV,UP,60000
0,UAV_29,UAV_50,BIDIR,0.935,0.003,0.0,0.0,10,10,UAV-UAV,UP,60000
0,UAV_29,UAV_38,BIDIR,1.007,0.003,0.0,0.0,10,10,UAV-UAV,UP,60000
0,UAV_29,UAV_44,BIDIR,1.073,0.004,0.0,0.0,10,10,UAV-UAV,UP,60000
0,UAV_29,UAV_08,BIDIR,1.508,0.005,0.001,0.0,10,10,UAV-UAV,UP,60000
0,UAV_29,UAV_04,BIDIR,1.562,0.005,0.001,0.0,10,10,UAV-UAV,UP,60000
0,UAV_29,UAV_20,BIDIR,1.661,0.006,0.001,0.0,10,10,UAV-UAV,UP,60000
0,UAV_29,UAV_21,BIDIR,1.76,0.006,0.001,0.0,10,10,UAV-UAV,UP,60000
0,UAV_29,UAV_19,BIDIR,1.8,0.006,0.001,0.0,10,10,UAV-UAV,UP,60000
0,UAV_29,UAV_01,BIDIR,1.871,0.006,0.001,0.0,10,10,UAV-UAV,UP,60000
0,UAV_30,UAV_45,BIDIR,1.151,0.004,0.0,0.0,10,10,UAV-UAV,UP,60000
0,UAV_30,UAV_35,BIDIR,1.234,0.004,0.0,0.0,10,10,UAV-UAV,UP,60000
0,UAV_30,UAV_42,BIDIR,1.264,0.004,0.0,0.0,10,10,UAV-UAV,UP,60000
0,UAV_30,UAV_38,BIDIR,1.311,0.004,0.0,0.0,10,10,UAV-UAV,UP,60000
0,UAV_30,UAV_24,BIDIR,1.703,0.006,0.001,0.0,10,10,UAV-UAV,UP,60000
0,UAV_30,UAV_34,BIDIR,1.727,0.006,0.001,0.0,10,10,UAV-UAV,UP,60000
0,UAV_30,UAV_50,BIDIR,1.787,0.006,0.001,0.0,10,10,UAV-UAV,UP,60000
0,UAV_30,UAV_48,BIDIR,1.846,0.006,0.001,0.0,10,10,UAV-UAV,UP,60000
0,UAV_31,UAV_39,BIDIR,0.288,0.001,0.0,0.0,10,10,UAV-UAV,UP,60000
0,UAV_31,UAV_48,BIDIR,0.939,0.003,0.0,0.0,10,10,UAV-UAV,UP,60000
0,UAV_31,UAV_35,BIDIR,1.177,0.004,0.0,0.0,10,10,UAV-UAV,UP,60000
0,UAV_31,UAV_42,BIDIR,1.339,0.004,0.0,0.0,10,10,UAV-UAV,UP,60000
0,UAV_31,UAV_45,BIDIR,1.544,0.005,0.001,0.0,10,10,UAV-UAV,UP,60000
0,UAV_31,UAV_18,BIDIR,1.627,0.005,0.001,0.0,10,10,UAV-UAV,UP,60000
0,UAV_31,UAV_09,BIDIR,1.724,0.006,0.001,0.0,10,10,UAV-UAV,UP,60000
0,UAV_31,UAV_02,BIDIR,1.802,0.006,0.001,0.0,10,10,UAV-UAV,UP,60000
0,UAV_31,UAV_15,BIDIR,1.854,0.006,0.001,0.0,10,10,UAV-UAV,UP,60000
0,UAV_31,UAV_22,BIDIR,1.858,0.006,0.001,0.0,10,10,UAV-UAV,UP,60000
0,UAV_31,UAV_01,BIDIR,1.936,0.006,0.001,0.0,10,10,UAV-UAV,UP,60000
0,UAV_32,UAV_43,BIDIR,0.365,0.001,0.0,0.0,10,10,UAV-UAV,UP,60000
0,UAV_32,UAV_46,BIDIR,0.508,0.002,0.0,0.0,10,10,UAV-UAV,UP,60000
0,UAV_32,UAV_36,BIDIR,0.613,0.002,0.0,0.0,10,10,UAV-UAV,UP,60000
0,UAV_32,UAV_40,BIDIR,1.004,0.003,0.0,0.0,10,10,UAV-UAV,UP,60000
0,UAV_32,UAV_49,BIDIR,1.416,0.005,0.0,0.0,10,10,UAV-UAV,UP,60000
0,UAV_32,UAV_02,BIDIR,1.625,0.005,0.001,0.0,10,10,UAV-UAV,UP,60000
0,UAV_32,UAV_06,BIDIR,1.63,0.005,0.001,0.0,10,10,UAV-UAV,UP,60000
0,UAV_32,UAV_16,BIDIR,1.799,0.006,0.001,0.0,10,10,UAV-UAV,UP,60000
0,UAV_32,UAV_05,BIDIR,1.939,0.006,0.001,0.0,10,10,UAV-UAV,UP,60000
0,UAV_32,UAV_01,BIDIR,1.968,0.007,0.001,0.0,10,10,UAV-UAV,UP,60000
0,UAV_32,UAV_03,BIDIR,2.277,0.008,0.001,0.0,10,10,UAV-UAV,UP,60000
0,UAV_33,UAV_37,BIDIR,0.124,0.0,0.0,0.0,10,10,UAV-UAV,UP,60000
0,UAV_33,UAV_44,BIDIR,1.631,0.005,0.001,0.0,10,10,UAV-UAV,UP,60000
0,UAV_33,UAV_03,BIDIR,1.671,0.006,0.001,0.0,10,10,UAV-UAV,UP,60000
0,UAV_33,UAV_49,BIDIR,1.722,0.006,0.001,0.0,10,10,UAV-UAV,UP,60000
0,UAV_33,UAV_11,BIDIR,1.797,0.006,0.001,0.0,10,10,UAV-UAV,UP,60000
0,UAV_33,UAV_40,BIDIR,1.866,0.006,0.001,0.0,10,10,UAV-UAV,UP,60000
0,UAV_33,UAV_13,BIDIR,1.877,0.006,0.001,0.0,10,10,UAV-UAV,UP,60000
0,UAV_33,UAV_01,BIDIR,2.0,0.007,0.001,0.0,10,10,UAV-UAV,UP,60000
0,UAV_33,UAV_41,BIDIR,2.034,0.007,0.001,0.0,10,10,UAV-UAV,UP,60000
0,UAV_33,UAV_02,BIDIR,2.04,0.007,0.001,0.0,10,10,UAV-UAV,UP,60000
0,UAV_33,UAV_47,BIDIR,2.071,0.007,0.001,0.0,10,10,UAV-UAV,UP,60000
0,UAV_33,UAV_10,BIDIR,2.231,0.007,0.001,0.0,10,10,UAV-UAV,UP,60000
0,UAV_34,UAV_50,BIDIR,0.502,0.002,0.0,0.0,10,10,UAV-UAV,UP,60000
0,UAV_34,UAV_38,BIDIR,0.553,0.002,0.0,0.0,10,10,UAV-UAV,UP,60000
0,UAV_34,UAV_41,BIDIR,1.005,0.003,0.0,0.0,10,10,UAV-UAV,UP,60000
0,UAV_34,UAV_47,BIDIR,1.145,0.004,0.0,0.0,10,10,UAV-UAV,UP,60000
0,UAV_34,UAV_44,BIDIR,1.517,0.005,0.001,0.0,10,10,UAV-UAV,UP,60000
0,UAV_34,UAV_19,BIDIR,1.577,0.005,0.001,0.0,10,10,UAV-UAV,UP,60000
0,UAV_34,UAV_04,BIDIR,1.595,0.005,0.001,0.0,10,10,UAV-UAV,UP,60000
0,UAV_34,UAV_03,BIDIR,1.683,0.006,0.001,0.0,10,10,UAV-UAV,UP,60000
0,UAV_34,UAV_07,BIDIR,1.792,0.006,0.001,0.0,10,10,UAV-UAV,UP,60000
0,UAV_34,UAV_22,BIDIR,1.852,0.006,0.001,0.0,10,10,UAV-UAV,UP,60000
0,UAV_34,UAV_18,BIDIR,1.98,0.007,0.001,0.0,10,10,UAV-UAV,UP,60000
0,UAV_34,UAV_01,BIDIR,2.031,0.007,0.001,0.0,10,10,UAV-UAV,UP,60000
0,UAV_35,UAV_42,BIDIR,0.217,0.001,0.0,0.0,10,10,UAV-UAV,UP,60000
0,UAV_35,UAV_45,BIDIR,0.386,0.001,0.0,0.0,10,10,UAV-UAV,UP,60000
0,UAV_35,UAV_48,BIDIR,0.613,0.002,0.0,0.0,10,10,UAV-UAV,UP,60000
0,UAV_35,UAV_39,BIDIR,1.095,0.004,0.0,0.0,10,10,UAV-UAV,UP,60000
0,UAV_35,UAV_08,BIDIR,1.593,0.005,0.001,0.0,10,10,UAV-UAV,UP,60000
0,UAV_35,UAV_04,BIDIR,1.73,0.006,0.001,0.0,10,10,UAV-UAV,UP,60000
0,UAV_36,UAV_43,BIDIR,0.844,0.003,0.0,0.0,10,10,UAV-UAV,UP,60000
0,UAV_36,UAV_46,BIDIR,1.011,0.003,0.0,0.0,10,10,UAV-UAV,UP,60000
0,UAV_36,UAV_40,BIDIR,1.617,0.005,0.001,0.0,10,10,UAV-UAV,UP,60000
0,UAV_36,UAV_02,BIDIR,1.74,0.006,0.001,0.0,10,10,UAV-UAV,UP,60000
0,UAV_36,UAV_31,BIDIR,1.952,0.007,0.001,0.0,10,10,UAV-UAV,UP,60000
0,UAV_36,UAV_06,BIDIR,1.976,0.007,0.001,0.0,10,10,UAV-UAV,UP,60000
0,UAV_36,UAV_49,BIDIR,2.028,0.007,0.001,0.0,10,10,UAV-UAV,UP,60000
0,UAV_36,UAV_01,BIDIR,2.092,0.007,0.001,0.0,10,10,UAV-UAV,UP,60000
0,UAV_36,UAV_14,BIDIR,2.194,0.007,0.001,0.0,10,10,UAV-UAV,UP,60000
0,UAV_36,UAV_39,BIDIR,2.205,0.007,0.001,0.0,10,10,UAV-UAV,UP,60000
0,UAV_37,UAV_44,BIDIR,1.685,0.006,0.001,0.0,10,10,UAV-UAV,UP,60000
0,UAV_37,UAV_49,BIDIR,1.716,0.006,0.001,0.0,10,10,UAV-UAV,UP,60000
0,UAV_37,UAV_03,BIDIR,1.796,0.006,0.001,0.0,10,10,UAV-UAV,UP,60000
0,UAV_37,UAV_11,BIDIR,1.884,0.006,0.001,0.0,10,10,UAV-UAV,UP,60000
0,UAV_37,UAV_40,BIDIR,1.887,0.006,0.001,0.0,10,10,UAV-UAV,UP,60000
0,UAV_37,UAV_13,BIDIR,1.992,0.007,0.001,0.0,10,10,UAV-UAV,UP,60000
0,UAV_37,UAV_41,BIDIR,2.109,0.007,0.001,0.0,10,10,UAV-UAV,UP,60000
0,UAV_37,UAV_01,BIDIR,2.121,0.007,0.001,0.0,10,10,UAV-UAV,UP,60000
0,UAV_37,UAV_47,BIDIR,2.137,0.007,0.001,0.0,10,10,UAV-UAV,UP,60000
0,UAV_37,UAV_02,BIDIR,2.155,0.007,0.001,0.0,10,10,UAV-UAV,UP,60000
0,UAV_37,UAV_29,BIDIR,2.339,0.008,0.001,0.0,10,10,UAV-UAV,UP,60000
0,UAV_38,UAV_50,BIDIR,0.481,0.002,0.0,0.0,10,10,UAV-UAV,UP,60000
0,UAV_38,UAV_41,BIDIR,1.557,0.005,0.001,0.0,10,10,UAV-UAV,UP,60000
0,UAV_38,UAV_04,BIDIR,1.607,0.005,0.001,0.0,10,10,UAV-UAV,UP,60000
0,UAV_38,UAV_47,BIDIR,1.693,0.006,0.001,0.0,10,10,UAV-UAV,UP,60000
0,UAV_38,UAV_18,BIDIR,1.7,0.006,0.001,0.0,10,10,UAV-UAV,UP,60000
0,UAV_38,UAV_03,BIDIR,1.911,0.006,0.001,0.0,10,10,UAV-UAV,UP,60000
0,UAV_38,UAV_44,BIDIR,2.068,0.007,0.001,0.0,10,10,UAV-UAV,UP,60000
0,UAV_38,UAV_23,BIDIR,2.094,0.007,0.001,0.0,10,10,UAV-UAV,UP,60000
0,UAV_38,UAV_12,BIDIR,2.11,0.007,0.001,0.0,10,10,UAV-UAV,UP,60000
0,UAV_39,UAV_48,BIDIR,0.724,0.002,0.0,0.0,10,10,UAV-UAV,UP,60000
0,UAV_39,UAV_42,BIDIR,1.221,0.004,0.0,0.0,10,10,UAV-UAV,UP,60000
0,UAV_39,UAV_12,BIDIR,1.315,0.004,0.0,0.0,10,10,UAV-UAV,UP,60000
0,UAV_39,UAV_45,BIDIR,1.429,0.005,0.0,0.0,10,10,UAV-UAV,UP,60000
0,UAV_39,UAV_18,BIDIR,1.691,0.006,0.001,0.0,10,10,UAV-UAV,UP,60000
0,UAV_39,UAV_22,BIDIR,1.905,0.006,0.001,0.0,10,10,UAV-UAV,UP,60000
0,UAV_39,UAV_09,BIDIR,2.011,0.007,0.001,0.0,10,10,UAV-UAV,UP,60000
0,UAV_39,UAV_02,BIDIR,2.067,0.007,0.001,0.0,10,10,UAV-UAV,UP,60000
0,UAV_39,UAV_19,BIDIR,2.116,0.007,0.001,0.0,10,10,UAV-UAV,UP,60000
0,UAV_39,UAV_15,BIDIR,2.141,0.007,0.001,0.0,10,10,UAV-UAV,UP,60000
0,UAV_39,UAV_04,BIDIR,2.153,0.007,0.001,0.0,10,10,UAV-UAV,UP,60000
0,UAV_39,UAV_01,BIDIR,2.179,0.007,0.001,0.0,10,10,UAV-UAV,UP,60000
0,UAV_40,UAV_49,BIDIR,0.413,0.001,0.0,0.0,10,10,UAV-UAV,UP,60000
0,UAV_40,UAV_46,BIDIR,0.768,0.003,0.0,0.0,10,10,UAV-UAV,UP,60000
0,UAV_40,UAV_43,BIDIR,0.88,0.003,0.0,0.0,10,10,UAV-UAV,UP,60000
0,UAV_40,UAV_09,BIDIR,1.567,0.005,0.001,0.0,10,10,UAV-UAV,UP,60000
0,UAV_40,UAV_05,BIDIR,1.838,0.006,0.001,0.0,10,10,UAV-UAV,UP,60000
0,UAV_40,UAV_02,BIDIR,1.947,0.006,0.001,0.0,10,10,UAV-UAV,UP,60000
0,UAV_40,UAV_07,BIDIR,2.143,0.007,0.001,0.0,10,10,UAV-UAV,UP,60000
0,UAV_40,UAV_28,BIDIR,2.147,0.007,0.001,0.0,10,10,UAV-UAV,UP,60000
0,UAV_40,UAV_01,BIDIR,2.208,0.007,0.001,0.0,10,10,UAV-UAV,UP,60000
0,UAV_41,UAV_47,BIDIR,0.177,0.001,0.0,0.0,10,10,UAV-UAV,UP,60000
0,UAV_41,UAV_44,BIDIR,0.54,0.002,0.0,0.0,10,10,UAV-UAV,UP,60000
0,UAV_41,UAV_50,BIDIR,1.345,0.004,0.0,0.0,10,10,UAV-UAV,UP,60000
0,UAV_41,UAV_10,BIDIR,1.434,0.005,0.0,0.0,10,10,UAV-UAV,UP,60000
0,UAV_41,UAV_03,BIDIR,1.755,0.006,0.001,0.0,10,10,UAV-UAV,UP,60000
0,UAV_41,UAV_05,BIDIR,1.97,0.007,0.001,0.0,10,10,UAV-UAV,UP,60000
0,UAV_41,UAV_04,BIDIR,2.052,0.007,0.001,0.0,10,10,UAV-UAV,UP,60000
0,UAV_41,UAV_08,BIDIR,2.055,0.007,0.001,0.0,10,10,UAV-UAV,UP,60000
0,UAV_41,UAV_01,BIDIR,2.236,0.007,0.001,0.0,10,10,UAV-UAV,UP,60000
0,UAV_41,UAV_20,BIDIR,2.262,0.008,0.001,0.0,10,10,UAV-UAV,UP,60000
0,UAV_42,UAV_45,BIDIR,0.209,0.001,0.0,0.0,10,10,UAV-UAV,UP,60000
0,UAV_42,UAV_48,BIDIR,0.623,0.002,0.0,0.0,10,10,UAV-UAV,UP,60000
0,UAV_42,UAV_16,BIDIR,1.707,0.006,0.001,0.0,10,10,UAV-UAV,UP,60000
0,UAV_42,UAV_08,BIDIR,1.746,0.006,0.001,0.0,10,10,UAV-UAV,UP,60000
0,UAV_42,UAV_04,BIDIR,1.906,0.006,0.001,0.0,10,10,UAV-UAV,UP,60000
0,UAV_43,UAV_46,BIDIR,0.167,0.001,0.0,0.0,10,10,UAV-UAV,UP,60000
0,UAV_43,UAV_49,BIDIR,1.265,0.004,0.0,0.0,10,10,UAV-UAV,UP,60000
0,UAV_43,UAV_06,BIDIR,1.872,0.006,0.001,0.0,10,10,UAV-UAV,UP,60000
0,UAV_43,UAV_14,BIDIR,1.889,0.006,0.001,0.0,10,10,UAV-UAV,UP,60000
0,UAV_43,UAV_02,BIDIR,1.956,0.007,0.001,0.0,10,10,UAV-UAV,UP,60000
0,UAV_43,UAV_25,BIDIR,2.017,0.007,0.001,0.0,10,10,UAV-UAV,UP,60000
0,UAV_43,UAV_16,BIDIR,2.156,0.007,0.001,0.0,10,10,UAV-UAV,UP,60000
0,UAV_43,UAV_05,BIDIR,2.188,0.007,0.001,0.0,10,10,UAV-UAV,UP,60000
0,UAV_43,UAV_01,BIDIR,2.291,0.008,0.001,0.0,10,10,UAV-UAV,UP,60000
0,UAV_43,UAV_07,BIDIR,2.544,0.008,0.001,0.0,10,10,UAV-UAV,UP,60000
0,UAV_44,UAV_47,BIDIR,0.487,0.002,0.0,0.0,10,10,UAV-UAV,UP,60000
0,UAV_44,UAV_10,BIDIR,1.728,0.006,0.001,0.0,10,10,UAV-UAV,UP,60000
0,UAV_44,UAV_03,BIDIR,1.819,0.006,0.001,0.0,10,10,UAV-UAV,UP,60000
0,UAV_44,UAV_50,BIDIR,1.884,0.006,0.001,0.0,10,10,UAV-UAV,UP,60000
0,UAV_44,UAV_05,BIDIR,1.894,0.006,0.001,0.0,10,10,UAV-UAV,UP,60000
0,UAV_44,UAV_14,BIDIR,2.075,0.007,0.001,0.0,10,10,UAV-UAV,UP,60000
0,UAV_44,UAV_06,BIDIR,2.17,0.007,0.001,0.0,10,10,UAV-UAV,UP,60000
0,UAV_44,UAV_04,BIDIR,2.275,0.008,0.001,0.0,10,10,UAV-UAV,UP,60000
0,UAV_44,UAV_01,BIDIR,2.318,0.008,0.001,0.0,10,10,UAV-UAV,UP,60000
0,UAV_45,UAV_48,BIDIR,0.813,0.003,0.0,0.0,10,10,UAV-UAV,UP,60000
0,UAV_45,UAV_08,BIDIR,1.751,0.006,0.001,0.0,10,10,UAV-UAV,UP,60000
0,UAV_45,UAV_16,BIDIR,1.887,0.006,0.001,0.0,10,10,UAV-UAV,UP,60000
0,UAV_45,UAV_04,BIDIR,1.942,0.006,0.001,0.0,10,10,UAV-UAV,UP,60000
0,UAV_45,UAV_25,BIDIR,2.168,0.007,0.001,0.0,10,10,UAV-UAV,UP,60000
0,UAV_46,UAV_49,BIDIR,1.133,0.004,0.0,0.0,10,10,UAV-UAV,UP,60000
0,UAV_46,UAV_14,BIDIR,1.877,0.006,0.001,0.0,10,10,UAV-UAV,UP,60000
0,UAV_46,UAV_06,BIDIR,1.903,0.006,0.001,0.0,10,10,UAV-UAV,UP,60000
0,UAV_46,UAV_02,BIDIR,2.044,0.007,0.001,0.0,10,10,UAV-UAV,UP,60000
0,UAV_46,UAV_25,BIDIR,2.178,0.007,0.001,0.0,10,10,UAV-UAV,UP,60000
0,UAV_46,UAV_05,BIDIR,2.22,0.007,0.001,0.0,10,10,UAV-UAV,UP,60000
0,UAV_46,UAV_16,BIDIR,2.306,0.008,0.001,0.0,10,10,UAV-UAV,UP,60000
0,UAV_46,UAV_01,BIDIR,2.372,0.008,0.001,0.0,10,10,UAV-UAV,UP,60000
0,UAV_46,UAV_33,BIDIR,2.564,0.009,0.001,0.0,10,10,UAV-UAV,UP,60000
0,UAV_47,UAV_50,BIDIR,1.445,0.005,0.0,0.0,10,10,UAV-UAV,UP,60000
0,UAV_47,UAV_10,BIDIR,1.61,0.005,0.001,0.0,10,10,UAV-UAV,UP,60000
0,UAV_47,UAV_07,BIDIR,1.74,0.006,0.001,0.0,10,10,UAV-UAV,UP,60000
0,UAV_47,UAV_03,BIDIR,1.912,0.006,0.001,0.0,10,10,UAV-UAV,UP,60000
0,UAV_47,UAV_05,BIDIR,2.104,0.007,0.001,0.0,10,10,UAV-UAV,UP,60000
0,UAV_47,UAV_04,BIDIR,2.227,0.007,0.001,0.0,10,10,UAV-UAV,UP,60000
0,UAV_47,UAV_08,BIDIR,2.231,0.007,0.001,0.0,10,10,UAV-UAV,UP,60000
0,UAV_47,UAV_01,BIDIR,2.398,0.008,0.001,0.0,10,10,UAV-UAV,UP,60000
0,UAV_47,UAV_14,BIDIR,2.398,0.008,0.001,0.0,10,10,UAV-UAV,UP,60000
0,UAV_48,UAV_12,BIDIR,1.314,0.004,0.0,0.0,10,10,UAV-UAV,UP,60000
0,UAV_48,UAV_19,BIDIR,1.864,0.006,0.001,0.0,10,10,UAV-UAV,UP,60000
0,UAV_48,UAV_21,BIDIR,1.941,0.006,0.001,0.0,10,10,UAV-UAV,UP,60000
0,UAV_48,UAV_20,BIDIR,2.029,0.007,0.001,0.0,10,10,UAV-UAV,UP,60000
0,UAV_48,UAV_08,BIDIR,2.126,0.007,0.001,0.0,10,10,UAV-UAV,UP,60000
0,UAV_48,UAV_04,BIDIR,2.208,0.007,0.001,0.0,10,10,UAV-UAV,UP,60000
0,UAV_49,UAV_06,BIDIR,1.717,0.006,0.001,0.0,10,10,UAV-UAV,UP,60000
0,UAV_49,UAV_09,BIDIR,1.921,0.006,0.001,0.0,10,10,UAV-UAV,UP,60000
0,UAV_49,UAV_05,BIDIR,1.981,0.007,0.001,0.0,10,10,UAV-UAV,UP,60000
0,UAV_49,UAV_02,BIDIR,2.226,0.007,0.001,0.0,10,10,UAV-UAV,UP,60000
0,UAV_49,UAV_07,BIDIR,2.243,0.007,0.001,0.0,10,10,UAV-UAV,UP,60000
0,UAV_49,UAV_01,BIDIR,2.449,0.008,0.001,0.0,10,10,UAV-UAV,UP,60000
0,UAV_50,UAV_20,BIDIR,1.583,0.005,0.001,0.0,10,10,UAV-UAV,UP,60000
0,UAV_50,UAV_21,BIDIR,1.664,0.006,0.001,0.0,10,10,UAV-UAV,UP,60000
0,UAV_50,UAV_19,BIDIR,1.751,0.006,0.001,0.0,10,10,UAV-UAV,UP,60000
0,UAV_50,UAV_08,BIDIR,1.778,0.006,0.001,0.0,10,10,UAV-UAV,UP,60000
0,UAV_50,UAV_04,BIDIR,1.984,0.007,0.001,0.0,10,10,UAV-UAV,UP,60000
0,UAV_50,UAV_22,BIDIR,2.001,0.007,0.001,0.0,10,10,UAV-UAV,UP,60000
0,UAV_50,UAV_03,BIDIR,2.161,0.007,0.001,0.0,10,10,UAV-UAV,UP,60000
0,UAV_50,UAV_18,BIDIR,2.176,0.007,0.001,0.0,10,10,UAV-UAV,UP,60000
0,UAV_50,UAV_07,BIDIR,2.292,0.008,0.001,0.0,10,10,UAV-UAV,UP,60000
0,UAV_50,UAV_01,BIDIR,2.475,0.008,0.001,0.0,10,10,UAV-UAV,UP,60000
100,SAT_63188,SAT_63578,BIDIR,212.378,0.708,0.071,0.0,100,11,SAT-SAT,UP,60000
100,SAT_63188,SAT_56547,BIDIR,229.229,0.764,0.076,0.0,100,12,SAT-SAT,UP,60000
100,SAT_63188,SAT_56555,BIDIR,236.833,0.789,0.079,0.0,100,13,SAT-SAT,UP,60000
100,SAT_63188,SAT_60444,BIDIR,238.283,0.794,0.079,0.0,100,13,SAT-SAT,UP,60000
100,SAT_63188,SAT_57924,BIDIR,269.648,0.899,0.09,0.0,100,14,SAT-SAT,UP,60000
100,SAT_63188,SAT_47739,BIDIR,348.34,1.161,0.116,0.0,100,19,SAT-SAT,UP,60000
100,SAT_63188,SAT_67334,BIDIR,359.76,1.199,0.12,0.0,100,19,SAT-SAT,UP,60000
100,SAT_63188,SAT_56770,BIDIR,365.532,1.218,0.122,0.0,100,20,SAT-SAT,UP,60000
100,SAT_63188,SAT_57919,BIDIR,378.227,1.261,0.126,0.0,100,21,SAT-SAT,UP,60000
100,SAT_63188,SAT_49451,BIDIR,385.965,1.287,0.129,0.0,100,21,SAT-SAT,UP,60000
100,SAT_63188,SAT_56544,BIDIR,388.535,1.295,0.13,0.0,100,21,SAT-SAT,UP,60000
100,SAT_63188,UAV_50,BIDIR,408.977,1.363,0.136,0.0,20,10,SAT-UAV,UP,60000
100,SAT_63188,UAV_38,BIDIR,409.131,1.364,0.136,0.0,20,10,SAT-UAV,UP,60000
100,SAT_63188,UAV_34,BIDIR,409.213,1.364,0.136,0.0,20,10,SAT-UAV,UP,60000
100,SAT_63188,UAV_47,BIDIR,409.298,1.364,0.136,0.0,20,10,SAT-UAV,UP,60000
100,SAT_63188,UAV_41,BIDIR,409.337,1.364,0.136,0.0,20,10,SAT-UAV,UP,60000
100,SAT_63188,UAV_29,BIDIR,409.359,1.365,0.136,0.0,20,10,SAT-UAV,UP,60000
100,SAT_63188,UAV_30,BIDIR,409.473,1.365,0.136,0.0,20,10,SAT-UAV,UP,60000
100,SAT_63188,UAV_44,BIDIR,409.5,1.365,0.136,0.0,20,10,SAT-UAV,UP,60000
100,SAT_63578,SAT_56555,BIDIR,64.028,0.213,0.021,0.0,100,10,SAT-SAT,UP,60000
100,SAT_63578,SAT_56547,BIDIR,133.967,0.447,0.045,0.0,100,10,SAT-SAT,UP,60000
100,SAT_63578,SAT_57919,BIDIR,223.741,0.746,0.075,0.0,100,12,SAT-SAT,UP,60000
100,SAT_63578,SAT_51809,BIDIR,247.521,0.825,0.083,0.0,100,13,SAT-SAT,UP,60000
100,SAT_63578,SAT_56544,BIDIR,250.484,0.835,0.083,0.0,100,13,SAT-SAT,UP,60000
100,SAT_63578,SAT_56770,BIDIR,253.277,0.844,0.084,0.0,100,14,SAT-SAT,UP,60000
100,SAT_63578,SAT_57924,BIDIR,292.735,0.976,0.098,0.0,100,16,SAT-SAT,UP,60000
100,SAT_63578,SAT_67311,BIDIR,297.788,0.993,0.099,0.0,100,16,SAT-SAT,UP,60000
100,SAT_63578,SAT_60444,BIDIR,369.975,1.233,0.123,0.0,100,20,SAT-SAT,UP,60000
100,SAT_63578,SAT_67334,BIDIR,372.65,1.242,0.124,0.0,100,20,SAT-SAT,UP,60000
100,SAT_63578,SAT_57663,BIDIR,414.421,1.381,0.138,0.0,100,23,SAT-SAT,UP,60000
100,SAT_63578,SAT_47739,BIDIR,489.693,1.632,0.163,0.0,100,27,SAT-SAT,UP,60000
100,SAT_63578,UAV_47,BIDIR,506.693,1.689,0.169,0.0,20,10,SAT-UAV,UP,60000
100,SAT_63578,UAV_44,BIDIR,506.698,1.689,0.169,0.0,20,10,SAT-UAV,UP,60000
100,SAT_63578,UAV_41,BIDIR,506.747,1.689,0.169,0.0,20,10,SAT-UAV,UP,60000
100,SAT_63578,UAV_50,BIDIR,506.904,1.69,0.169,0.0,20,10,SAT-UAV,UP,60000
100,SAT_63578,UAV_29,BIDIR,506.909,1.69,0.169,0.0,20,10,SAT-UAV,UP,60000
100,SAT_63578,UAV_28,BIDIR,506.929,1.69,0.169,0.0,20,10,SAT-UAV,UP,60000
100,SAT_57919,SAT_67311,BIDIR,108.616,0.362,0.036,0.0,100,10,SAT-SAT,UP,60000
100,SAT_57919,SAT_56770,BIDIR,139.662,0.466,0.047,0.0,100,10,SAT-SAT,UP,60000
100,SAT_57919,SAT_56547,BIDIR,224.197,0.747,0.075,0.0,100,12,SAT-SAT,UP,60000
100,SAT_57919,SAT_51809,BIDIR,230.611,0.769,0.077,0.0,100,12,SAT-SAT,UP,60000
100,SAT_57919,SAT_56555,BIDIR,252.687,0.842,0.084,0.0,100,14,SAT-SAT,UP,60000
100,SAT_57919,SAT_57663,BIDIR,258.563,0.862,0.086,0.0,100,14,SAT-SAT,UP,60000
100,SAT_57919,SAT_57924,BIDIR,346.858,1.156,0.116,0.0,100,19,SAT-SAT,UP,60000
100,SAT_57919,SAT_59757,BIDIR,365.38,1.218,0.122,0.0,100,20,SAT-SAT,UP,60000
100,SAT_57919,SAT_55452,BIDIR,390.584,1.302,0.13,0.0,100,21,SAT-SAT,UP,60000
100,SAT_57919,SAT_56544,BIDIR,418.143,1.394,0.139,0.0,100,23,SAT-SAT,UP,60000
100,SAT_57919,SAT_64921,BIDIR,445.236,1.484,0.148,0.0,100,24,SAT-SAT,UP,60000
100,SAT_57919,SAT_60444,BIDIR,485.426,1.618,0.162,0.0,100,26,SAT-SAT,UP,60000
100,SAT_57919,SAT_59944,BIDIR,533.564,1.779,0.178,0.0,100,29,SAT-SAT,UP,60000
100,SAT_57919,SAT_59801,BIDIR,535.315,1.784,0.178,0.0,100,29,SAT-SAT,UP,60000
100,SAT_57919,UAV_49,BIDIR,535.415,1.785,0.178,0.0,20,10,SAT-UAV,UP,60000
100,SAT_57919,UAV_40,BIDIR,535.488,1.785,0.178,0.0,20,10,SAT-UAV,UP,60000
100,SAT_57919,UAV_46,BIDIR,535.5,1.785,0.178,0.0,20,10,SAT-UAV,UP,60000
100,SAT_67311,SAT_57663,BIDIR,153.177,0.511,0.051,0.0,100,10,SAT-SAT,UP,60000
100,SAT_67311,SAT_51809,BIDIR,214.035,0.713,0.071,0.0,100,11,SAT-SAT,UP,60000
100,SAT_67311,SAT_56770,BIDIR,240.75,0.802,0.08,0.0,100,13,SAT-SAT,UP,60000
100,SAT_67311,SAT_55452,BIDIR,292.542,0.975,0.098,0.0,100,16,SAT-SAT,UP,60000
100,SAT_67311,SAT_59757,BIDIR,313.027,1.043,0.104,0.0,100,17,SAT-SAT,UP,60000
100,SAT_67311,SAT_56547,BIDIR,327.585,1.092,0.109,0.0,100,18,SAT-SAT,UP,60000
100,SAT_67311,SAT_56555,BIDIR,333.544,1.112,0.111,0.0,100,18,SAT-SAT,UP,60000
100,SAT_67311,SAT_64921,BIDIR,409.598,1.365,0.137,0.0,100,22,SAT-SAT,UP,60000
100,SAT_67311,SAT_59801,BIDIR,431.184,1.437,0.144,0.0,100,23,SAT-SAT,UP,60000
100,SAT_67311,SAT_56544,BIDIR,452.506,1.508,0.151,0.0,100,25,SAT-SAT,UP,60000
100,SAT_67311,SAT_57924,BIDIR,453.796,1.513,0.151,0.0,100,25,SAT-SAT,UP,60000
100,SAT_67311,SAT_63188,BIDIR,456.126,1.52,0.152,0.0,100,25,SAT-SAT,UP,60000
100,SAT_67311,SAT_62448,BIDIR,487.602,1.625,0.163,0.0,100,27,SAT-SAT,UP,60000
100,SAT_67311,UAV_49,BIDIR,543.743,1.812,0.181,0.0,20,10,SAT-UAV,UP,60000
100,SAT_67311,UAV_40,BIDIR,543.866,1.813,0.181,0.0,20,10,SAT-UAV,UP,60000
100,SAT_67311,UAV_46,BIDIR,543.897,1.813,0.181,0.0,20,10,SAT-UAV,UP,60000
100,SAT_67311,UAV_43,BIDIR,543.964,1.813,0.181,0.0,20,10,SAT-UAV,UP,60000
100,SAT_56547,SAT_56555,BIDIR,122.391,0.408,0.041,0.0,100,10,SAT-SAT,UP,60000
100,SAT_56547,SAT_57924,BIDIR,169.471,0.565,0.056,0.0,100,10,SAT-SAT,UP,60000
100,SAT_56547,SAT_56770,BIDIR,172.351,0.575,0.057,0.0,100,10,SAT-SAT,UP,60000
100,SAT_56547,SAT_60444,BIDIR,288.941,0.963,0.096,0.0,100,16,SAT-SAT,UP,60000
100,SAT_56547,SAT_51809,BIDIR,334.306,1.114,0.111,0.0,100,18,SAT-SAT,UP,60000
100,SAT_56547,SAT_56544,BIDIR,356.813,1.189,0.119,0.0,100,19,SAT-SAT,UP,60000
100,SAT_56547,SAT_49451,BIDIR,420.21,1.401,0.14,0.0,100,23,SAT-SAT,UP,60000
100,SAT_56547,SAT_67334,BIDIR,440.998,1.47,0.147,0.0,100,24,SAT-SAT,UP,60000
100,SAT_56547,SAT_64905,BIDIR,444.817,1.483,0.148,0.0,100,24,SAT-SAT,UP,60000
100,SAT_56547,SAT_47739,BIDIR,465.221,1.551,0.155,0.0,100,25,SAT-SAT,UP,60000
100,SAT_56547,SAT_57663,BIDIR,468.412,1.561,0.156,0.0,100,26,SAT-SAT,UP,60000
100,SAT_56547,UAV_50,BIDIR,552.659,1.842,0.184,0.0,20,10,SAT-UAV,UP,60000
100,SAT_56547,UAV_38,BIDIR,552.712,1.842,0.184,0.0,20,10,SAT-UAV,UP,60000
100,SAT_56547,UAV_47,BIDIR,552.722,1.842,0.184,0.0,20,10,SAT-UAV,UP,60000
100,SAT_56547,UAV_34,BIDIR,552.723,1.842,0.184,0.0,20,10,SAT-UAV,UP,60000
100,SAT_59757,SAT_64921,BIDIR,166.375,0.555,0.055,0.0,100,10,SAT-SAT,UP,60000
100,SAT_59757,SAT_57663,BIDIR,340.849,1.136,0.114,0.0,100,18,SAT-SAT,UP,60000
100,SAT_59757,SAT_66326,BIDIR,391.922,1.306,0.131,0.0,100,21,SAT-SAT,UP,60000
100,SAT_59757,SAT_55452,BIDIR,399.329,1.331,0.133,0.0,100,22,SAT-SAT,UP,60000
100,SAT_59757,SAT_59801,BIDIR,408.15,1.36,0.136,0.0,100,22,SAT-SAT,UP,60000
100,SAT_59757,SAT_56770,BIDIR,421.97,1.407,0.141,0.0,100,23,SAT-SAT,UP,60000
100,SAT_59757,SAT_59944,BIDIR,482.329,1.608,0.161,0.0,100,26,SAT-SAT,UP,60000
100,SAT_59757,SAT_51809,BIDIR,521.825,1.739,0.174,0.0,100,28,SAT-SAT,UP,60000
100,SAT_59757,SAT_56547,BIDIR,556.602,1.855,0.186,0.0,100,30,SAT-SAT,UP,60000
100,SAT_59757,UAV_46,BIDIR,556.698,1.856,0.186,0.0,20,10,SAT-UAV,UP,60000
100,SAT_59757,UAV_43,BIDIR,556.741,1.856,0.186,0.0,20,10,SAT-UAV,UP,60000
100,SAT_59757,UAV_36,BIDIR,556.925,1.856,0.186,0.0,20,10,SAT-UAV,UP,60000
100,SAT_59757,UAV_32,BIDIR,556.978,1.857,0.186,0.0,20,10,SAT-UAV,UP,60000
100,SAT_59757,UAV_49,BIDIR,557.025,1.857,0.186,0.0,20,10,SAT-UAV,UP,60000
100,SAT_59757,UAV_40,BIDIR,557.03,1.857,0.186,0.0,20,10,SAT-UAV,UP,60000
100,SAT_59757,UAV_26,BIDIR,557.148,1.857,0.186,0.0,20,10,SAT-UAV,UP,60000
100,SAT_59757,UAV_27,BIDIR,557.435,1.858,0.186,0.0,20,10,SAT-UAV,UP,60000
100,SAT_56555,SAT_56544,BIDIR,234.535,0.782,0.078,0.0,100,13,SAT-SAT,UP,60000
100,SAT_56555,SAT_56770,BIDIR,260.672,0.869,0.087,0.0,100,14,SAT-SAT,UP,60000
100,SAT_56555,SAT_51809,BIDIR,264.242,0.881,0.088,0.0,100,14,SAT-SAT,UP,60000
100,SAT_56555,SAT_57924,BIDIR,280.887,0.936,0.094,0.0,100,15,SAT-SAT,UP,60000
100,SAT_56555,SAT_67334,BIDIR,351.816,1.173,0.117,0.0,100,19,SAT-SAT,UP,60000
100,SAT_56555,SAT_60444,BIDIR,362.232,1.207,0.121,0.0,100,20,SAT-SAT,UP,60000
100,SAT_56555,SAT_57663,BIDIR,449.254,1.498,0.15,0.0,100,24,SAT-SAT,UP,60000
100,SAT_56555,SAT_47739,BIDIR,468.841,1.563,0.156,0.0,100,26,SAT-SAT,UP,60000
100,SAT_56555,SAT_54088,BIDIR,489.196,1.631,0.163,0.0,100,27,SAT-SAT,UP,60000
100,SAT_56555,SAT_49451,BIDIR,495.366,1.651,0.165,0.0,100,27,SAT-SAT,UP,60000
100,SAT_56555,SAT_67514,BIDIR,524.143,1.747,0.175,0.0,100,29,SAT-SAT,UP,60000
100,SAT_56555,SAT_55372,BIDIR,542.733,1.809,0.181,0.0,100,30,SAT-SAT,UP,60000
100,SAT_56555,SAT_65756,BIDIR,549.499,1.832,0.183,0.0,100,30,SAT-SAT,UP,60000
100,SAT_56555,SAT_49453,BIDIR,557.759,1.859,0.186,0.0,100,30,SAT-SAT,UP,60000
100,SAT_60444,SAT_49451,BIDIR,152.933,0.51,0.051,0.0,100,10,SAT-SAT,UP,60000
100,SAT_60444,SAT_57924,BIDIR,174.71,0.582,0.058,0.0,100,10,SAT-SAT,UP,60000
100,SAT_60444,SAT_60936,BIDIR,271.589,0.905,0.091,0.0,100,15,SAT-SAT,UP,60000
100,SAT_60444,SAT_47739,BIDIR,280.543,0.935,0.094,0.0,100,15,SAT-SAT,UP,60000
100,SAT_60444,SAT_64905,BIDIR,300.796,1.003,0.1,0.0,100,16,SAT-SAT,UP,60000
100,SAT_60444,SAT_63284,BIDIR,383.9,1.28,0.128,0.0,100,21,SAT-SAT,UP,60000
100,SAT_60444,SAT_56770,BIDIR,399.819,1.333,0.133,0.0,100,22,SAT-SAT,UP,60000
100,SAT_60444,SAT_67500,BIDIR,458.688,1.529,0.153,0.0,100,25,SAT-SAT,UP,60000
100,SAT_60444,SAT_67334,BIDIR,485.388,1.618,0.162,0.0,100,26,SAT-SAT,UP,60000
100,SAT_60444,SAT_63699,BIDIR,513.906,1.713,0.171,0.0,100,28,SAT-SAT,UP,60000
100,SAT_60444,SAT_55372,BIDIR,548.017,1.827,0.183,0.0,100,30,SAT-SAT,UP,60000
100,SAT_60444,SAT_59944,BIDIR,551.805,1.839,0.184,0.0,100,30,SAT-SAT,UP,60000
100,SAT_60444,SAT_56544,BIDIR,554.877,1.85,0.185,0.0,100,30,SAT-SAT,UP,60000
100,SAT_60444,UAV_45,BIDIR,569.486,1.898,0.19,0.0,20,10,SAT-UAV,UP,60000
100,SAT_56770,SAT_57924,BIDIR,237.969,0.793,0.079,0.0,100,13,SAT-SAT,UP,60000
100,SAT_56770,SAT_51809,BIDIR,342.386,1.141,0.114,0.0,100,19,SAT-SAT,UP,60000
100,SAT_56770,SAT_57663,BIDIR,389.321,1.298,0.13,0.0,100,21,SAT-SAT,UP,60000
100,SAT_56770,SAT_64905,BIDIR,436.123,1.454,0.145,0.0,100,24,SAT-SAT,UP,60000
100,SAT_56770,SAT_59944,BIDIR,445.059,1.484,0.148,0.0,100,24,SAT-SAT,UP,60000
100,SAT_56770,SAT_64921,BIDIR,464.876,1.55,0.155,0.0,100,25,SAT-SAT,UP,60000
100,SAT_56770,SAT_56544,BIDIR,473.905,1.58,0.158,0.0,100,26,SAT-SAT,UP,60000
100,SAT_56770,SAT_55452,BIDIR,503.844,1.679,0.168,0.0,100,27,SAT-SAT,UP,60000
100,SAT_56770,SAT_49451,BIDIR,517.063,1.724,0.172,0.0,100,28,SAT-SAT,UP,60000
100,SAT_56770,SAT_54003,BIDIR,568.235,1.894,0.189,0.0,100,31,SAT-SAT,UP,60000
100,SAT_56770,UAV_36,BIDIR,581.664,1.939,0.194,0.0,20,10,SAT-UAV,UP,60000
100,SAT_57924,SAT_49451,BIDIR,279.531,0.932,0.093,0.0,100,15,SAT-SAT,UP,60000
100,SAT_57924,SAT_64905,BIDIR,292.737,0.976,0.098,0.0,100,16,SAT-SAT,UP,60000
100,SAT_57924,SAT_47739,BIDIR,420.881,1.403,0.14,0.0,100,23,SAT-SAT,UP,60000
100,SAT_57924,SAT_60936,BIDIR,436.684,1.456,0.146,0.0,100,24,SAT-SAT,UP,60000
100,SAT_57924,SAT_59944,BIDIR,462.263,1.541,0.154,0.0,100,25,SAT-SAT,UP,60000
100,SAT_57924,SAT_51809,BIDIR,500.436,1.668,0.167,0.0,100,27,SAT-SAT,UP,60000
100,SAT_57924,SAT_56544,BIDIR,508.34,1.694,0.169,0.0,100,28,SAT-SAT,UP,60000
100,SAT_57924,SAT_67334,BIDIR,526.072,1.754,0.175,0.0,100,29,SAT-SAT,UP,60000
100,SAT_57924,SAT_63284,BIDIR,541.456,1.805,0.18,0.0,100,30,SAT-SAT,UP,60000
100,SAT_57924,SAT_54003,BIDIR,568.952,1.897,0.19,0.0,100,31,SAT-SAT,UP,60000
100,SAT_57924,SAT_63699,BIDIR,581.302,1.938,0.194,0.0,100,32,SAT-SAT,UP,60000
100,SAT_57663,SAT_55452,BIDIR,160.873,0.536,0.054,0.0,100,10,SAT-SAT,UP,60000
100,SAT_57663,SAT_51809,BIDIR,238.705,0.796,0.08,0.0,100,13,SAT-SAT,UP,60000
100,SAT_57663,SAT_59801,BIDIR,300.838,1.003,0.1,0.0,100,16,SAT-SAT,UP,60000
100,SAT_57663,SAT_62448,BIDIR,374.487,1.248,0.125,0.0,100,20,SAT-SAT,UP,60000
100,SAT_57663,SAT_64921,BIDIR,441.864,1.473,0.147,0.0,100,24,SAT-SAT,UP,60000
100,SAT_57663,SAT_59533,BIDIR,444.103,1.48,0.148,0.0,100,24,SAT-SAT,UP,60000
100,SAT_57663,SAT_56544,BIDIR,504.628,1.682,0.168,0.0,100,28,SAT-SAT,UP,60000
100,SAT_57663,SAT_65752,BIDIR,548.035,1.827,0.183,0.0,100,30,SAT-SAT,UP,60000
100,SAT_57663,SAT_67514,BIDIR,565.951,1.887,0.189,0.0,100,31,SAT-SAT,UP,60000
100,SAT_57663,SAT_63188,BIDIR,582.117,1.94,0.194,0.0,100,32,SAT-SAT,UP,60000
100,SAT_57663,SAT_57924,BIDIR,604.767,2.016,0.202,0.0,100,33,SAT-SAT,UP,60000
100,SAT_57663,UAV_49,BIDIR,616.161,2.054,0.205,0.0,20,10,SAT-UAV,UP,60000
100,SAT_51809,SAT_56544,BIDIR,271.456,0.905,0.09,0.0,100,15,SAT-SAT,UP,60000
100,SAT_51809,SAT_55452,BIDIR,355.308,1.184,0.118,0.0,100,19,SAT-SAT,UP,60000
100,SAT_51809,SAT_62448,BIDIR,368.854,1.23,0.123,0.0,100,20,SAT-SAT,UP,60000
100,SAT_51809,SAT_67514,BIDIR,400.249,1.334,0.133,0.0,100,22,SAT-SAT,UP,60000
100,SAT_51809,SAT_65752,BIDIR,410.281,1.368,0.137,0.0,100,22,SAT-SAT,UP,60000
100,SAT_51809,SAT_59533,BIDIR,436.69,1.456,0.146,0.0,100,24,SAT-SAT,UP,60000
100,SAT_51809,SAT_63188,BIDIR,449.371,1.498,0.15,0.0,100,24,SAT-SAT,UP,60000
100,SAT_51809,SAT_67334,BIDIR,519.382,1.731,0.173,0.0,100,28,SAT-SAT,UP,60000
100,SAT_51809,SAT_59801,BIDIR,524.709,1.749,0.175,0.0,100,29,SAT-SAT,UP,60000
100,SAT_51809,SAT_62528,BIDIR,525.615,1.752,0.175,0.0,100,29,SAT-SAT,UP,60000
100,SAT_64905,SAT_59944,BIDIR,301.083,1.004,0.1,0.0,100,16,SAT-SAT,UP,60000
100,SAT_64905,SAT_49451,BIDIR,308.65,1.029,0.103,0.0,100,17,SAT-SAT,UP,60000
100,SAT_64905,SAT_63699,BIDIR,331.927,1.106,0.111,0.0,100,18,SAT-SAT,UP,60000
100,SAT_64905,SAT_54003,BIDIR,368.268,1.228,0.123,0.0,100,20,SAT-SAT,UP,60000
100,SAT_64905,SAT_60936,BIDIR,389.385,1.298,0.13,0.0,100,21,SAT-SAT,UP,60000
100,SAT_64905,SAT_57477,BIDIR,403.424,1.345,0.134,0.0,100,22,SAT-SAT,UP,60000
100,SAT_64905,SAT_66406,BIDIR,409.221,1.364,0.136,0.0,100,22,SAT-SAT,UP,60000
100,SAT_64905,SAT_63188,BIDIR,463.435,1.545,0.154,0.0,100,25,SAT-SAT,UP,60000
100,SAT_64905,SAT_57919,BIDIR,548.414,1.828,0.183,0.0,100,30,SAT-SAT,UP,60000
100,SAT_64905,SAT_63578,BIDIR,553.932,1.846,0.185,0.0,100,30,SAT-SAT,UP,60000
100,SAT_64905,SAT_56555,BIDIR,559.816,1.866,0.187,0.0,100,31,SAT-SAT,UP,60000
100,SAT_64905,SAT_47739,BIDIR,564.405,1.881,0.188,0.0,100,31,SAT-SAT,UP,60000
100,SAT_64905,SAT_63284,BIDIR,615.656,2.052,0.205,0.0,100,34,SAT-SAT,UP,60000
100,SAT_64905,UAV_48,BIDIR,626.645,2.089,0.209,0.0,20,10,SAT-UAV,UP,60000
100,SAT_64905,UAV_45,BIDIR,626.744,2.089,0.209,0.0,20,10,SAT-UAV,UP,60000
100,SAT_60936,SAT_49451,BIDIR,212.538,0.708,0.071,0.0,100,11,SAT-SAT,UP,60000
100,SAT_60936,SAT_63284,BIDIR,284.893,0.95,0.095,0.0,100,15,SAT-SAT,UP,60000
100,SAT_60936,SAT_47739,BIDIR,311.44,1.038,0.104,0.0,100,17,SAT-SAT,UP,60000
100,SAT_60936,SAT_63699,BIDIR,406.791,1.356,0.136,0.0,100,22,SAT-SAT,UP,60000
100,SAT_60936,SAT_63188,BIDIR,434.229,1.447,0.145,0.0,100,24,SAT-SAT,UP,60000
100,SAT_60936,SAT_67500,BIDIR,458.147,1.527,0.153,0.0,100,25,SAT-SAT,UP,60000
100,SAT_60936,SAT_56547,BIDIR,556.72,1.856,0.186,0.0,100,30,SAT-SAT,UP,60000
100,SAT_60936,SAT_56555,BIDIR,617.634,2.059,0.206,0.0,100,34,SAT-SAT,UP,60000
100,SAT_60936,SAT_63578,BIDIR,618.816,2.063,0.206,0.0,100,34,SAT-SAT,UP,60000
100,SAT_60936,SAT_55372,BIDIR,619.288,2.064,0.206,0.0,100,34,SAT-SAT,UP,60000
100,SAT_60936,SAT_67334,BIDIR,634.875,2.116,0.212,0.0,100,35,SAT-SAT,UP,60000
100,SAT_60936,UAV_45,BIDIR,654.06,2.18,0.218,0.0,20,10,SAT-UAV,UP,60000
100,SAT_60936,UAV_42,BIDIR,654.2,2.181,0.218,0.0,20,10,SAT-UAV,UP,60000
100,SAT_60936,UAV_30,BIDIR,654.23,2.181,0.218,0.0,20,10,SAT-UAV,UP,60000
100,SAT_60936,UAV_35,BIDIR,654.382,2.181,0.218,0.0,20,10,SAT-UAV,UP,60000
100,SAT_60936,UAV_48,BIDIR,654.416,2.181,0.218,0.0,20,10,SAT-UAV,UP,60000
100,SAT_56544,SAT_67334,BIDIR,270.148,0.9,0.09,0.0,100,15,SAT-SAT,UP,60000
100,SAT_56544,SAT_67514,BIDIR,313.186,1.044,0.104,0.0,100,17,SAT-SAT,UP,60000
100,SAT_56544,SAT_59074,BIDIR,336.648,1.122,0.112,0.0,100,18,SAT-SAT,UP,60000
100,SAT_56544,SAT_65752,BIDIR,371.259,1.238,0.124,0.0,100,20,SAT-SAT,UP,60000
100,SAT_56544,SAT_54088,BIDIR,387.086,1.29,0.129,0.0,100,21,SAT-SAT,UP,60000
100,SAT_56544,SAT_62528,BIDIR,404.153,1.347,0.135,0.0,100,22,SAT-SAT,UP,60000
100,SAT_56544,SAT_65756,BIDIR,455.429,1.518,0.152,0.0,100,25,SAT-SAT,UP,60000
100,SAT_56544,SAT_66405,BIDIR,459.732,1.532,0.153,0.0,100,25,SAT-SAT,UP,60000
100,SAT_56544,SAT_49453,BIDIR,485.74,1.619,0.162,0.0,100,26,SAT-SAT,UP,60000
100,SAT_56544,SAT_55372,BIDIR,495.729,1.652,0.165,0.0,100,27,SAT-SAT,UP,60000
100,SAT_59944,SAT_54003,BIDIR,141.867,0.473,0.047,0.0,100,10,SAT-SAT,UP,60000
100,SAT_59944,SAT_57477,BIDIR,389.111,1.297,0.13,0.0,100,21,SAT-SAT,UP,60000
100,SAT_59944,SAT_66406,BIDIR,399.78,1.333,0.133,0.0,100,22,SAT-SAT,UP,60000
100,SAT_59944,SAT_66326,BIDIR,421.452,1.405,0.14,0.0,100,23,SAT-SAT,UP,60000
100,SAT_59944,SAT_64921,BIDIR,441.376,1.471,0.147,0.0,100,24,SAT-SAT,UP,60000
100,SAT_59944,SAT_63699,BIDIR,544.223,1.814,0.181,0.0,100,30,SAT-SAT,UP,60000
100,SAT_59944,SAT_56547,BIDIR,552.978,1.843,0.184,0.0,100,30,SAT-SAT,UP,60000
100,SAT_59944,SAT_67311,BIDIR,587.343,1.958,0.196,0.0,100,32,SAT-SAT,UP,60000
100,SAT_59944,SAT_49451,BIDIR,597.344,1.991,0.199,0.0,100,33,SAT-SAT,UP,60000
100,SAT_59944,SAT_63188,BIDIR,631.551,2.105,0.211,0.0,100,35,SAT-SAT,UP,60000
100,SAT_59944,SAT_63578,BIDIR,650.123,2.167,0.217,0.0,100,36,SAT-SAT,UP,60000
100,SAT_59944,SAT_56555,BIDIR,668.768,2.229,0.223,0.0,100,37,SAT-SAT,UP,60000
100,SAT_59944,UAV_39,BIDIR,674.484,2.248,0.225,0.0,20,10,SAT-UAV,UP,60000
100,SAT_67334,SAT_54088,BIDIR,151.735,0.506,0.051,0.0,100,10,SAT-SAT,UP,60000
100,SAT_67334,SAT_65756,BIDIR,201.373,0.671,0.067,0.0,100,11,SAT-SAT,UP,60000
100,SAT_67334,SAT_49453,BIDIR,231.571,0.772,0.077,0.0,100,12,SAT-SAT,UP,60000
100,SAT_67334,SAT_55372,BIDIR,242.365,0.808,0.081,0.0,100,13,SAT-SAT,UP,60000
100,SAT_67334,SAT_66405,BIDIR,256.387,0.855,0.085,0.0,100,14,SAT-SAT,UP,60000
100,SAT_67334,SAT_67500,BIDIR,345.821,1.153,0.115,0.0,100,19,SAT-SAT,UP,60000
100,SAT_67334,SAT_59074,BIDIR,351.97,1.173,0.117,0.0,100,19,SAT-SAT,UP,60000
100,SAT_67334,SAT_47739,BIDIR,359.888,1.2,0.12,0.0,100,19,SAT-SAT,UP,60000
100,SAT_67334,SAT_67514,BIDIR,498.067,1.66,0.166,0.0,100,27,SAT-SAT,UP,60000
100,SAT_67334,SAT_63284,BIDIR,517.04,1.723,0.172,0.0,100,28,SAT-SAT,UP,60000
100,SAT_67334,SAT_62528,BIDIR,539.806,1.799,0.18,0.0,100,29,SAT-SAT,UP,60000
100,SAT_47739,SAT_63284,BIDIR,174.098,0.58,0.058,0.0,100,10,SAT-SAT,UP,60000
100,SAT_47739,SAT_67500,BIDIR,180.281,0.601,0.06,0.0,100,10,SAT-SAT,UP,60000
100,SAT_47739,SAT_49451,BIDIR,289.09,0.964,0.096,0.0,100,16,SAT-SAT,UP,60000
100,SAT_47739,SAT_55372,BIDIR,311.146,1.037,0.104,0.0,100,17,SAT-SAT,UP,60000
100,SAT_47739,SAT_49453,BIDIR,360.449,1.201,0.12,0.0,100,20,SAT-SAT,UP,60000
100,SAT_47739,SAT_65756,BIDIR,396.651,1.322,0.132,0.0,100,22,SAT-SAT,UP,60000
100,SAT_47739,SAT_54088,BIDIR,397.662,1.326,0.133,0.0,100,22,SAT-SAT,UP,60000
100,SAT_47739,SAT_66405,BIDIR,519.454,1.732,0.173,0.0,100,28,SAT-SAT,UP,60000
100,SAT_47739,SAT_56544,BIDIR,557.8,1.859,0.186,0.0,100,30,SAT-SAT,UP,60000
100,SAT_47739,SAT_56770,BIDIR,622.98,2.077,0.208,0.0,100,34,SAT-SAT,UP,60000
100,SAT_49451,SAT_63284,BIDIR,322.686,1.076,0.108,0.0,100,17,SAT-SAT,UP,60000
100,SAT_49451,SAT_63699,BIDIR,422.356,1.408,0.141,0.0,100,23,SAT-SAT,UP,60000
100,SAT_49451,SAT_67500,BIDIR,461.456,1.538,0.154,0.0,100,25,SAT-SAT,UP,60000
100,SAT_49451,SAT_63578,BIDIR,512.609,1.709,0.171,0.0,100,28,SAT-SAT,UP,60000
100,SAT_49451,SAT_67334,BIDIR,577.919,1.926,0.193,0.0,100,32,SAT-SAT,UP,60000
100,SAT_49451,SAT_55372,BIDIR,580.312,1.934,0.193,0.0,100,32,SAT-SAT,UP,60000
100,SAT_49451,SAT_57919,BIDIR,620.052,2.067,0.207,0.0,100,34,SAT-SAT,UP,60000
100,SAT_49451,SAT_49453,BIDIR,632.3,2.108,0.211,0.0,100,35,SAT-SAT,UP,60000
100,SAT_49451,SAT_54088,BIDIR,650.593,2.169,0.217,0.0,100,36,SAT-SAT,UP,60000
100,SAT_64921,SAT_66326,BIDIR,256.568,0.855,0.086,0.0,100,14,SAT-SAT,UP,60000
100,SAT_64921,SAT_55452,BIDIR,459.195,1.531,0.153,0.0,100,25,SAT-SAT,UP,60000
100,SAT_64921,SAT_59801,BIDIR,459.269,1.531,0.153,0.0,100,25,SAT-SAT,UP,60000
100,SAT_64921,SAT_54003,BIDIR,529.064,1.764,0.176,0.0,100,29,SAT-SAT,UP,60000
100,SAT_64921,SAT_51809,BIDIR,618.637,2.062,0.206,0.0,100,34,SAT-SAT,UP,60000
100,SAT_64921,SAT_56547,BIDIR,625.245,2.084,0.208,0.0,100,34,SAT-SAT,UP,60000
100,SAT_64921,SAT_57924,BIDIR,656.344,2.188,0.219,0.0,100,36,SAT-SAT,UP,60000
100,SAT_64921,SAT_63578,BIDIR,658.915,2.196,0.22,0.0,100,36,SAT-SAT,UP,60000
100,SAT_64921,SAT_64905,BIDIR,673.999,2.247,0.225,0.0,100,37,SAT-SAT,UP,60000
100,SAT_64921,SAT_56555,BIDIR,691.723,2.306,0.231,0.0,100,38,SAT-SAT,UP,60000
100,SAT_64921,UAV_46,BIDIR,701.141,2.337,0.234,0.0,20,10,SAT-UAV,UP,60000
100,SAT_64921,UAV_43,BIDIR,701.161,2.337,0.234,0.0,20,10,SAT-UAV,UP,60000
100,SAT_64921,UAV_36,BIDIR,701.236,2.337,0.234,0.0,20,10,SAT-UAV,UP,60000
100,SAT_55452,SAT_59801,BIDIR,185.226,0.617,0.062,0.0,100,10,SAT-SAT,UP,60000
100,SAT_55452,SAT_62448,BIDIR,382.627,1.275,0.128,0.0,100,21,SAT-SAT,UP,60000
100,SAT_55452,SAT_59533,BIDIR,439.064,1.464,0.146,0.0,100,24,SAT-SAT,UP,60000
100,SAT_55452,SAT_63578,BIDIR,559.101,1.864,0.186,0.0,100,31,SAT-SAT,UP,60000
100,SAT_55452,SAT_56555,BIDIR,585.046,1.95,0.195,0.0,100,32,SAT-SAT,UP,60000
100,SAT_55452,SAT_56547,BIDIR,602.373,2.008,0.201,0.0,100,33,SAT-SAT,UP,60000
100,SAT_55452,SAT_65752,BIDIR,609.823,2.033,0.203,0.0,100,33,SAT-SAT,UP,60000
100,SAT_55452,SAT_56544,BIDIR,622.746,2.076,0.208,0.0,100,34,SAT-SAT,UP,60000
100,SAT_55452,SAT_67514,BIDIR,641.742,2.139,0.214,0.0,100,35,SAT-SAT,UP,60000
100,SAT_55452,SAT_66326,BIDIR,708.902,2.363,0.236,0.0,100,39,SAT-SAT,UP,60000
100,SAT_55452,SAT_57924,BIDIR,733.628,2.445,0.245,0.0,100,40,SAT-SAT,UP,60000
100,SAT_55452,SAT_63188,BIDIR,737.518,2.458,0.246,0.0,100,40,SAT-SAT,UP,60000
100,SAT_67514,SAT_65752,BIDIR,76.895,0.256,0.026,0.0,100,10,SAT-SAT,UP,60000
100,SAT_67514,SAT_62528,BIDIR,126.926,0.423,0.042,0.0,100,10,SAT-SAT,UP,60000
100,SAT_67514,SAT_59074,BIDIR,271.761,0.906,0.091,0.0,100,15,SAT-SAT,UP,60000
100,SAT_67514,SAT_62448,BIDIR,341.463,1.138,0.114,0.0,100,18,SAT-SAT,UP,60000
100,SAT_67514,SAT_59533,BIDIR,353.599,1.179,0.118,0.0,100,19,SAT-SAT,UP,60000
100,SAT_67514,SAT_63578,BIDIR,518.339,1.728,0.173,0.0,100,28,SAT-SAT,UP,60000
100,SAT_67514,SAT_66405,BIDIR,562.025,1.873,0.187,0.0,100,31,SAT-SAT,UP,60000
100,SAT_67514,SAT_54088,BIDIR,571.661,1.906,0.191,0.0,100,31,SAT-SAT,UP,60000
100,SAT_67514,SAT_67311,BIDIR,597.683,1.992,0.199,0.0,100,33,SAT-SAT,UP,60000
100,SAT_67514,SAT_57919,BIDIR,618.245,2.061,0.206,0.0,100,34,SAT-SAT,UP,60000
100,SAT_67514,SAT_65756,BIDIR,621.967,2.073,0.207,0.0,100,34,SAT-SAT,UP,60000
100,SAT_67514,SAT_56547,BIDIR,641.544,2.138,0.214,0.0,100,35,SAT-SAT,UP,60000
100,SAT_67514,SAT_63188,BIDIR,652.104,2.174,0.217,0.0,100,36,SAT-SAT,UP,60000
100,SAT_54003,SAT_57477,BIDIR,302.516,1.008,0.101,0.0,100,16,SAT-SAT,UP,60000
100,SAT_54003,SAT_66406,BIDIR,315.417,1.051,0.105,0.0,100,17,SAT-SAT,UP,60000
100,SAT_54003,SAT_66326,BIDIR,442.904,1.476,0.148,0.0,100,24,SAT-SAT,UP,60000
100,SAT_54003,SAT_63699,BIDIR,531.508,1.772,0.177,0.0,100,29,SAT-SAT,UP,60000
100,SAT_54003,SAT_59757,BIDIR,597.991,1.993,0.199,0.0,100,33,SAT-SAT,UP,60000
100,SAT_54003,SAT_60444,BIDIR,649.441,2.165,0.216,0.0,100,36,SAT-SAT,UP,60000
100,SAT_54003,SAT_57919,BIDIR,664.996,2.217,0.222,0.0,100,36,SAT-SAT,UP,60000
100,SAT_54003,SAT_49451,BIDIR,667.272,2.224,0.222,0.0,100,37,SAT-SAT,UP,60000
100,SAT_54003,SAT_56547,BIDIR,675.488,2.252,0.225,0.0,100,37,SAT-SAT,UP,60000
100,SAT_54003,SAT_67311,BIDIR,718.929,2.396,0.24,0.0,100,39,SAT-SAT,UP,60000
100,SAT_54003,SAT_60936,BIDIR,749.265,2.498,0.25,0.0,100,41,SAT-SAT,UP,60000
100,SAT_54003,SAT_63188,BIDIR,757.968,2.527,0.253,0.0,100,42,SAT-SAT,UP,60000
100,SAT_54003,SAT_63578,BIDIR,781.006,2.603,0.26,0.0,100,43,SAT-SAT,UP,60000
100,SAT_54003,SAT_56555,BIDIR,794.501,2.648,0.265,0.0,100,44,SAT-SAT,UP,60000
100,SAT_62448,SAT_59533,BIDIR,72.769,0.243,0.024,0.0,100,10,SAT-SAT,UP,60000
100,SAT_62448,SAT_65752,BIDIR,280.191,0.934,0.093,0.0,100,15,SAT-SAT,UP,60000
100,SAT_62448,SAT_62528,BIDIR,433.871,1.446,0.145,0.0,100,24,SAT-SAT,UP,60000
100,SAT_62448,SAT_59801,BIDIR,473.873,1.58,0.158,0.0,100,26,SAT-SAT,UP,60000
100,SAT_62448,SAT_56544,BIDIR,507.597,1.692,0.169,0.0,100,28,SAT-SAT,UP,60000
100,SAT_62448,SAT_57919,BIDIR,562.842,1.876,0.188,0.0,100,31,SAT-SAT,UP,60000
100,SAT_62448,SAT_63578,BIDIR,592.938,1.976,0.198,0.0,100,32,SAT-SAT,UP,60000
100,SAT_62448,SAT_59074,BIDIR,610.846,2.036,0.204,0.0,100,33,SAT-SAT,UP,60000
100,SAT_62448,SAT_56555,BIDIR,616.082,2.054,0.205,0.0,100,34,SAT-SAT,UP,60000
100,SAT_62448,SAT_56770,BIDIR,693.855,2.313,0.231,0.0,100,38,SAT-SAT,UP,60000
100,SAT_62448,SAT_59757,BIDIR,696.398,2.321,0.232,0.0,100,38,SAT-SAT,UP,60000
100,SAT_62448,SAT_56547,BIDIR,698.863,2.33,0.233,0.0,100,38,SAT-SAT,UP,60000
100,SAT_62448,SAT_67334,BIDIR,755.852,2.52,0.252,0.0,100,41,SAT-SAT,UP,60000
100,SAT_62448,SAT_63188,BIDIR,763.892,2.546,0.255,0.0,100,42,SAT-SAT,UP,60000
100,SAT_67500,SAT_55372,BIDIR,189.607,0.632,0.063,0.0,100,10,SAT-SAT,UP,60000
100,SAT_67500,SAT_63284,BIDIR,223.463,0.745,0.074,0.0,100,12,SAT-SAT,UP,60000
100,SAT_67500,SAT_49453,BIDIR,236.383,0.788,0.079,0.0,100,13,SAT-SAT,UP,60000
100,SAT_67500,SAT_65756,BIDIR,285.265,0.951,0.095,0.0,100,15,SAT-SAT,UP,60000
100,SAT_67500,SAT_54088,BIDIR,314.032,1.047,0.105,0.0,100,17,SAT-SAT,UP,60000
100,SAT_67500,SAT_66405,BIDIR,410.165,1.367,0.137,0.0,100,22,SAT-SAT,UP,60000
100,SAT_67500,SAT_63188,BIDIR,479.651,1.599,0.16,0.0,100,26,SAT-SAT,UP,60000
100,SAT_67500,SAT_56555,BIDIR,576.462,1.922,0.192,0.0,100,32,SAT-SAT,UP,60000
100,SAT_67500,SAT_57924,BIDIR,586.93,1.956,0.196,0.0,100,32,SAT-SAT,UP,60000
100,SAT_67500,SAT_56544,BIDIR,597.72,1.992,0.199,0.0,100,33,SAT-SAT,UP,60000
100,SAT_67500,SAT_63578,BIDIR,600.666,2.002,0.2,0.0,100,33,SAT-SAT,UP,60000
100,SAT_67500,SAT_56547,BIDIR,602.836,2.009,0.201,0.0,100,33,SAT-SAT,UP,60000
100,SAT_67500,SAT_59074,BIDIR,662.161,2.207,0.221,0.0,100,36,SAT-SAT,UP,60000
100,SAT_67500,SAT_64905,BIDIR,744.485,2.482,0.248,0.0,100,41,SAT-SAT,UP,60000
100,SAT_63284,SAT_55372,BIDIR,402.498,1.342,0.134,0.0,100,22,SAT-SAT,UP,60000
100,SAT_63284,SAT_49453,BIDIR,455.37,1.518,0.152,0.0,100,25,SAT-SAT,UP,60000
100,SAT_63284,SAT_63188,BIDIR,502.599,1.675,0.168,0.0,100,27,SAT-SAT,UP,60000
100,SAT_63284,SAT_65756,BIDIR,504.086,1.68,0.168,0.0,100,28,SAT-SAT,UP,60000
100,SAT_63284,SAT_54088,BIDIR,522.175,1.741,0.174,0.0,100,29,SAT-SAT,UP,60000
100,SAT_63284,SAT_56547,BIDIR,618.616,2.062,0.206,0.0,100,34,SAT-SAT,UP,60000
100,SAT_63284,SAT_66405,BIDIR,629.993,2.1,0.21,0.0,100,34,SAT-SAT,UP,60000
100,SAT_63284,SAT_56555,BIDIR,636.462,2.122,0.212,0.0,100,35,SAT-SAT,UP,60000
100,SAT_63284,SAT_63699,BIDIR,641.02,2.137,0.214,0.0,100,35,SAT-SAT,UP,60000
100,SAT_63284,SAT_63578,BIDIR,657.293,2.191,0.219,0.0,100,36,SAT-SAT,UP,60000
100,SAT_63284,SAT_56544,BIDIR,729.912,2.433,0.243,0.0,100,40,SAT-SAT,UP,60000
100,SAT_65752,SAT_62528,BIDIR,156.031,0.52,0.052,0.0,100,10,SAT-SAT,UP,60000
100,SAT_65752,SAT_59533,BIDIR,283.562,0.945,0.095,0.0,100,15,SAT-SAT,UP,60000
100,SAT_65752,SAT_59074,BIDIR,343.135,1.144,0.114,0.0,100,19,SAT-SAT,UP,60000
100,SAT_65752,SAT_63578,BIDIR,557.68,1.859,0.186,0.0,100,30,SAT-SAT,UP,60000
100,SAT_65752,SAT_56555,BIDIR,567.741,1.892,0.189,0.0,100,31,SAT-SAT,UP,60000
100,SAT_65752,SAT_67334,BIDIR,570.5,1.902,0.19,0.0,100,31,SAT-SAT,UP,60000
100,SAT_65752,SAT_67311,BIDIR,599.258,1.998,0.2,0.0,100,33,SAT-SAT,UP,60000
100,SAT_65752,SAT_57919,BIDIR,632.775,2.109,0.211,0.0,100,35,SAT-SAT,UP,60000
100,SAT_65752,SAT_66405,BIDIR,637.398,2.125,0.212,0.0,100,35,SAT-SAT,UP,60000
100,SAT_65752,SAT_54088,BIDIR,648.084,2.16,0.216,0.0,100,36,SAT-SAT,UP,60000
100,SAT_65752,SAT_56547,BIDIR,680.807,2.269,0.227,0.0,100,37,SAT-SAT,UP,60000
100,SAT_65752,SAT_65756,BIDIR,697.821,2.326,0.233,0.0,100,38,SAT-SAT,UP,60000
100,SAT_65752,SAT_63188,BIDIR,699.876,2.333,0.233,0.0,100,38,SAT-SAT,UP,60000
100,SAT_59801,SAT_59533,BIDIR,516.639,1.722,0.172,0.0,100,28,SAT-SAT,UP,60000
100,SAT_59801,SAT_56770,BIDIR,645.56,2.152,0.215,0.0,100,35,SAT-SAT,UP,60000
100,SAT_59801,SAT_66326,BIDIR,685.647,2.285,0.229,0.0,100,38,SAT-SAT,UP,60000
100,SAT_59801,SAT_63578,BIDIR,714.373,2.381,0.238,0.0,100,39,SAT-SAT,UP,60000
100,SAT_59801,SAT_65752,BIDIR,733.532,2.445,0.245,0.0,100,40,SAT-SAT,UP,60000
100,SAT_59801,SAT_56555,BIDIR,748.259,2.494,0.249,0.0,100,41,SAT-SAT,UP,60000
100,SAT_59801,SAT_56547,BIDIR,756.839,2.523,0.252,0.0,100,42,SAT-SAT,UP,60000
100,SAT_59801,SAT_67514,BIDIR,775.993,2.587,0.259,0.0,100,43,SAT-SAT,UP,60000
100,SAT_59801,SAT_56544,BIDIR,789.102,2.63,0.263,0.0,100,43,SAT-SAT,UP,60000
100,SAT_59801,UAV_49,BIDIR,819.794,2.733,0.273,0.0,20,10,SAT-UAV,UP,60000
100,SAT_59801,UAV_46,BIDIR,819.973,2.733,0.273,0.0,20,10,SAT-UAV,UP,60000
100,SAT_65756,SAT_49453,BIDIR,88.046,0.293,0.029,0.0,100,10,SAT-SAT,UP,60000
100,SAT_65756,SAT_54088,BIDIR,91.772,0.306,0.031,0.0,100,10,SAT-SAT,UP,60000
100,SAT_65756,SAT_66405,BIDIR,126.071,0.42,0.042,0.0,100,10,SAT-SAT,UP,60000
100,SAT_65756,SAT_55372,BIDIR,140.91,0.47,0.047,0.0,100,10,SAT-SAT,UP,60000
100,SAT_65756,SAT_59074,BIDIR,398.332,1.328,0.133,0.0,100,22,SAT-SAT,UP,60000
100,SAT_65756,SAT_63188,BIDIR,521.67,1.739,0.174,0.0,100,28,SAT-SAT,UP,60000
100,SAT_65756,SAT_63578,BIDIR,571.214,1.904,0.19,0.0,100,31,SAT-SAT,UP,60000
100,SAT_65756,SAT_60444,BIDIR,610.972,2.037,0.204,0.0,100,33,SAT-SAT,UP,60000
100,SAT_65756,SAT_62528,BIDIR,626.195,2.087,0.209,0.0,100,34,SAT-SAT,UP,60000
100,SAT_65756,SAT_56547,BIDIR,628.918,2.096,0.21,0.0,100,34,SAT-SAT,UP,60000
100,SAT_65756,SAT_49451,BIDIR,669.657,2.232,0.223,0.0,100,37,SAT-SAT,UP,60000
100,SAT_65756,SAT_57924,BIDIR,687.627,2.292,0.229,0.0,100,38,SAT-SAT,UP,60000
100,SAT_54088,SAT_49453,BIDIR,108.191,0.361,0.036,0.0,100,10,SAT-SAT,UP,60000
100,SAT_54088,SAT_55372,BIDIR,145.581,0.485,0.049,0.0,100,10,SAT-SAT,UP,60000
100,SAT_54088,SAT_66405,BIDIR,151.854,0.506,0.051,0.0,100,10,SAT-SAT,UP,60000
100,SAT_54088,SAT_59074,BIDIR,363.049,1.21,0.121,0.0,100,20,SAT-SAT,UP,60000
100,SAT_54088,SAT_63188,BIDIR,497.673,1.659,0.166,0.0,100,27,SAT-SAT,UP,60000
100,SAT_54088,SAT_63578,BIDIR,517.609,1.725,0.173,0.0,100,28,SAT-SAT,UP,60000
100,SAT_54088,SAT_56547,BIDIR,573.961,1.913,0.191,0.0,100,31,SAT-SAT,UP,60000
100,SAT_54088,SAT_62528,BIDIR,583.98,1.947,0.195,0.0,100,32,SAT-SAT,UP,60000
100,SAT_54088,SAT_60444,BIDIR,586.438,1.955,0.195,0.0,100,32,SAT-SAT,UP,60000
100,SAT_54088,SAT_57924,BIDIR,642.883,2.143,0.214,0.0,100,35,SAT-SAT,UP,60000
100,SAT_66326,SAT_56770,BIDIR,648.441,2.161,0.216,0.0,100,36,SAT-SAT,UP,60000
100,SAT_66326,SAT_67311,BIDIR,652.029,2.173,0.217,0.0,100,36,SAT-SAT,UP,60000
100,SAT_66326,SAT_57919,BIDIR,666.752,2.223,0.222,0.0,100,37,SAT-SAT,UP,60000
100,SAT_66326,SAT_57663,BIDIR,698.003,2.327,0.233,0.0,100,38,SAT-SAT,UP,60000
100,SAT_66326,SAT_64905,BIDIR,715.411,2.385,0.238,0.0,100,39,SAT-SAT,UP,60000
100,SAT_66326,SAT_57477,BIDIR,720.712,2.402,0.24,0.0,100,40,SAT-SAT,UP,60000
100,SAT_66326,SAT_66406,BIDIR,730.865,2.436,0.244,0.0,100,40,SAT-SAT,UP,60000
100,SAT_66326,SAT_57924,BIDIR,791.584,2.639,0.264,0.0,100,43,SAT-SAT,UP,60000
100,SAT_66326,SAT_56547,BIDIR,807.901,2.693,0.269,0.0,100,44,SAT-SAT,UP,60000
100,SAT_66326,UAV_36,BIDIR,847.103,2.824,0.282,0.0,20,10,SAT-UAV,UP,60000
100,SAT_66326,UAV_43,BIDIR,847.224,2.824,0.282,0.0,20,10,SAT-UAV,UP,60000
100,SAT_66326,UAV_46,BIDIR,847.242,2.824,0.282,0.0,20,10,SAT-UAV,UP,60000
100,SAT_66326,UAV_32,BIDIR,847.382,2.825,0.282,0.0,20,10,SAT-UAV,UP,60000
100,SAT_59074,SAT_62528,BIDIR,234.329,0.781,0.078,0.0,100,13,SAT-SAT,UP,60000
100,SAT_59074,SAT_66405,BIDIR,309.887,1.033,0.103,0.0,100,17,SAT-SAT,UP,60000
100,SAT_59074,SAT_49453,BIDIR,461.709,1.539,0.154,0.0,100,25,SAT-SAT,UP,60000
100,SAT_59074,SAT_55372,BIDIR,508.137,1.694,0.169,0.0,100,28,SAT-SAT,UP,60000
100,SAT_59074,SAT_56555,BIDIR,559.339,1.864,0.186,0.0,100,31,SAT-SAT,UP,60000
100,SAT_59074,SAT_51809,BIDIR,562.437,1.875,0.187,0.0,100,31,SAT-SAT,UP,60000
100,SAT_59074,SAT_63578,BIDIR,567.966,1.893,0.189,0.0,100,31,SAT-SAT,UP,60000
100,SAT_59074,SAT_59533,BIDIR,625.061,2.084,0.208,0.0,100,34,SAT-SAT,UP,60000
100,SAT_59074,SAT_63188,BIDIR,636.263,2.121,0.212,0.0,100,35,SAT-SAT,UP,60000
100,SAT_59074,SAT_56547,BIDIR,679.268,2.264,0.226,0.0,100,37,SAT-SAT,UP,60000
100,SAT_59074,SAT_47739,BIDIR,710.028,2.367,0.237,0.0,100,39,SAT-SAT,UP,60000
100,SAT_63699,SAT_66406,BIDIR,332.262,1.108,0.111,0.0,100,18,SAT-SAT,UP,60000
100,SAT_63699,SAT_57477,BIDIR,336.143,1.12,0.112,0.0,100,18,SAT-SAT,UP,60000
100,SAT_63699,SAT_47739,BIDIR,680.038,2.267,0.227,0.0,100,37,SAT-SAT,UP,60000
100,SAT_63699,SAT_63188,BIDIR,718.782,2.396,0.24,0.0,100,39,SAT-SAT,UP,60000
100,SAT_63699,SAT_56547,BIDIR,745.998,2.487,0.249,0.0,100,41,SAT-SAT,UP,60000
100,SAT_63699,SAT_56770,BIDIR,762.39,2.541,0.254,0.0,100,42,SAT-SAT,UP,60000
100,SAT_63699,SAT_67500,BIDIR,838.21,2.794,0.279,0.0,100,46,SAT-SAT,UP,60000
100,SAT_63699,SAT_56555,BIDIR,851.095,2.837,0.284,0.0,100,47,SAT-SAT,UP,60000
100,SAT_63699,SAT_63578,BIDIR,851.83,2.839,0.284,0.0,100,47,SAT-SAT,UP,60000
100,SAT_63699,UAV_48,BIDIR,859.226,2.864,0.286,0.0,20,10,SAT-UAV,UP,60000
100,SAT_63699,UAV_45,BIDIR,859.236,2.864,0.286,0.0,20,10,SAT-UAV,UP,60000
100,SAT_55372,SAT_49453,BIDIR,61.09,0.204,0.02,0.0,100,10,SAT-SAT,UP,60000
100,SAT_55372,SAT_66405,BIDIR,253.367,0.845,0.084,0.0,100,14,SAT-SAT,UP,60000
100,SAT_55372,SAT_63188,BIDIR,515.098,1.717,0.172,0.0,100,28,SAT-SAT,UP,60000
100,SAT_55372,SAT_63578,BIDIR,574.651,1.916,0.192,0.0,100,31,SAT-SAT,UP,60000
100,SAT_55372,SAT_56547,BIDIR,602.635,2.009,0.201,0.0,100,33,SAT-SAT,UP,60000
100,SAT_55372,SAT_57924,BIDIR,633.272,2.111,0.211,0.0,100,35,SAT-SAT,UP,60000
100,SAT_55372,SAT_67514,BIDIR,711.78,2.373,0.237,0.0,100,39,SAT-SAT,UP,60000
100,SAT_59533,SAT_62528,BIDIR,428.29,1.428,0.143,0.0,100,23,SAT-SAT,UP,60000
100,SAT_59533,SAT_56544,BIDIR,556.443,1.855,0.185,0.0,100,30,SAT-SAT,UP,60000
100,SAT_59533,SAT_67311,BIDIR,559.987,1.867,0.187,0.0,100,31,SAT-SAT,UP,60000
100,SAT_59533,SAT_57919,BIDIR,634.909,2.116,0.212,0.0,100,35,SAT-SAT,UP,60000
100,SAT_59533,SAT_63578,BIDIR,659.037,2.197,0.22,0.0,100,36,SAT-SAT,UP,60000
100,SAT_59533,SAT_56555,BIDIR,680.281,2.268,0.227,0.0,100,37,SAT-SAT,UP,60000
100,SAT_59533,SAT_59757,BIDIR,762.983,2.543,0.254,0.0,100,42,SAT-SAT,UP,60000
100,SAT_59533,SAT_56770,BIDIR,764.961,2.55,0.255,0.0,100,42,SAT-SAT,UP,60000
100,SAT_59533,SAT_56547,BIDIR,766.766,2.556,0.256,0.0,100,42,SAT-SAT,UP,60000
100,SAT_59533,SAT_67334,BIDIR,799.99,2.667,0.267,0.0,100,44,SAT-SAT,UP,60000
100,SAT_59533,SAT_63188,BIDIR,828.152,2.761,0.276,0.0,100,46,SAT-SAT,UP,60000
100,SAT_49453,SAT_66405,BIDIR,193.597,0.645,0.065,0.0,100,10,SAT-SAT,UP,60000
100,SAT_49453,SAT_63188,BIDIR,535.564,1.785,0.179,0.0,100,29,SAT-SAT,UP,60000
100,SAT_49453,SAT_63578,BIDIR,587.01,1.957,0.196,0.0,100,32,SAT-SAT,UP,60000
100,SAT_49453,SAT_60444,BIDIR,590.681,1.969,0.197,0.0,100,32,SAT-SAT,UP,60000
100,SAT_49453,SAT_56547,BIDIR,627.464,2.092,0.209,0.0,100,34,SAT-SAT,UP,60000
100,SAT_49453,SAT_60936,BIDIR,665.989,2.22,0.222,0.0,100,36,SAT-SAT,UP,60000
100,SAT_49453,SAT_57924,BIDIR,670.964,2.237,0.224,0.0,100,37,SAT-SAT,UP,60000
100,SAT_49453,SAT_67514,BIDIR,678.703,2.262,0.226,0.0,100,37,SAT-SAT,UP,60000
100,SAT_66405,SAT_62528,BIDIR,543.861,1.813,0.181,0.0,100,30,SAT-SAT,UP,60000
100,SAT_66405,SAT_63188,BIDIR,600.457,2.002,0.2,0.0,100,33,SAT-SAT,UP,60000
100,SAT_66405,SAT_56555,BIDIR,601.91,2.006,0.201,0.0,100,33,SAT-SAT,UP,60000
100,SAT_66405,SAT_63578,BIDIR,621.159,2.071,0.207,0.0,100,34,SAT-SAT,UP,60000
100,SAT_66405,SAT_56547,BIDIR,696.689,2.322,0.232,0.0,100,38,SAT-SAT,UP,60000
100,SAT_66405,SAT_60444,BIDIR,716.634,2.389,0.239,0.0,100,39,SAT-SAT,UP,60000
100,SAT_66405,SAT_51809,BIDIR,727.122,2.424,0.242,0.0,100,40,SAT-SAT,UP,60000
100,SAT_62528,SAT_63578,BIDIR,626.926,2.09,0.209,0.0,100,34,SAT-SAT,UP,60000
100,SAT_62528,SAT_56555,BIDIR,629.059,2.097,0.21,0.0,100,34,SAT-SAT,UP,60000
100,SAT_62528,SAT_49453,BIDIR,687.723,2.292,0.229,0.0,100,38,SAT-SAT,UP,60000
100,SAT_62528,SAT_57663,BIDIR,691.061,2.304,0.23,0.0,100,38,SAT-SAT,UP,60000
100,SAT_62528,SAT_67311,BIDIR,724.138,2.414,0.241,0.0,100,40,SAT-SAT,UP,60000
100,SAT_62528,SAT_55372,BIDIR,729.098,2.43,0.243,0.0,100,40,SAT-SAT,UP,60000
100,SAT_62528,SAT_57919,BIDIR,741.885,2.473,0.247,0.0,100,41,SAT-SAT,UP,60000
100,SAT_62528,SAT_63188,BIDIR,743.28,2.478,0.248,0.0,100,41,SAT-SAT,UP,60000
100,SAT_57477,SAT_66406,BIDIR,15.824,0.053,0.005,0.0,100,10,SAT-SAT,UP,60000
100,SAT_57477,SAT_49451,BIDIR,657.366,2.191,0.219,0.0,100,36,SAT-SAT,UP,60000
100,SAT_57477,SAT_60936,BIDIR,682.405,2.275,0.227,0.0,100,37,SAT-SAT,UP,60000
100,SAT_57477,SAT_57924,BIDIR,686.46,2.288,0.229,0.0,100,38,SAT-SAT,UP,60000
100,SAT_57477,SAT_60444,BIDIR,695.582,2.319,0.232,0.0,100,38,SAT-SAT,UP,60000
100,SAT_57477,SAT_56770,BIDIR,776.529,2.588,0.259,0.0,100,43,SAT-SAT,UP,60000
100,SAT_57477,SAT_64921,BIDIR,817.51,2.725,0.273,0.0,100,45,SAT-SAT,UP,60000
100,SAT_57477,SAT_56547,BIDIR,832.345,2.774,0.277,0.0,100,46,SAT-SAT,UP,60000
100,SAT_57477,SAT_63188,BIDIR,857.039,2.857,0.286,0.0,100,47,SAT-SAT,UP,60000
100,SAT_57477,SAT_59757,BIDIR,860.313,2.868,0.287,0.0,100,47,SAT-SAT,UP,60000
100,SAT_57477,SAT_57919,BIDIR,885.084,2.95,0.295,0.0,100,49,SAT-SAT,UP,60000
100,SAT_57477,UAV_48,BIDIR,907.703,3.026,0.303,0.0,20,10,SAT-UAV,UP,60000
100,SAT_57477,UAV_39,BIDIR,907.894,3.026,0.303,0.0,20,10,SAT-UAV,UP,60000
100,SAT_57477,UAV_42,BIDIR,907.998,3.027,0.303,0.0,20,10,SAT-UAV,UP,60000
100,SAT_66406,SAT_49451,BIDIR,660.75,2.202,0.22,0.0,100,36,SAT-SAT,UP,60000
100,SAT_66406,SAT_60936,BIDIR,680.924,2.27,0.227,0.0,100,37,SAT-SAT,UP,60000
100,SAT_66406,SAT_57924,BIDIR,694.171,2.314,0.231,0.0,100,38,SAT-SAT,UP,60000
100,SAT_66406,SAT_60444,BIDIR,699.856,2.333,0.233,0.0,100,38,SAT-SAT,UP,60000
100,SAT_66406,SAT_56770,BIDIR,786.512,2.622,0.262,0.0,100,43,SAT-SAT,UP,60000
100,SAT_66406,SAT_64921,BIDIR,827.902,2.76,0.276,0.0,100,45,SAT-SAT,UP,60000
100,SAT_66406,SAT_56547,BIDIR,840.426,2.801,0.28,0.0,100,46,SAT-SAT,UP,60000
100,SAT_66406,SAT_63188,BIDIR,861.202,2.871,0.287,0.0,100,47,SAT-SAT,UP,60000
100,SAT_66406,SAT_59757,BIDIR,868.866,2.896,0.29,0.0,100,48,SAT-SAT,UP,60000
100,SAT_66406,SAT_57919,BIDIR,894.357,2.981,0.298,0.0,100,49,SAT-SAT,UP,60000
100,SAT_66406,UAV_48,BIDIR,908.231,3.027,0.303,0.0,20,10,SAT-UAV,UP,60000
100,SAT_66406,UAV_39,BIDIR,908.429,3.028,0.303,0.0,20,10,SAT-UAV,UP,60000
100,SAT_66406,UAV_42,BIDIR,908.524,3.028,0.303,0.0,20,10,SAT-UAV,UP,60000
100,UAV_01,UAV_02,BIDIR,0.353,0.001,0.0,0.0,10,10,UAV-UAV,UP,60000
100,UAV_01,UAV_03,BIDIR,0.5,0.002,0.0,0.0,10,10,UAV-UAV,UP,60000
100,UAV_01,UAV_04,BIDIR,0.612,0.002,0.0,0.0,10,10,UAV-UAV,UP,60000
100,UAV_01,UAV_05,BIDIR,0.707,0.002,0.0,0.0,10,10,UAV-UAV,UP,60000
100,UAV_01,UAV_06,BIDIR,0.79,0.003,0.0,0.0,10,10,UAV-UAV,UP,60000
100,UAV_01,UAV_07,BIDIR,0.866,0.003,0.0,0.0,10,10,UAV-UAV,UP,60000
100,UAV_01,UAV_08,BIDIR,0.935,0.003,0.0,0.0,10,10,UAV-UAV,UP,60000
100,UAV_01,UAV_09,BIDIR,1.0,0.003,0.0,0.0,10,10,UAV-UAV,UP,60000
100,UAV_01,UAV_10,BIDIR,1.061,0.004,0.0,0.0,10,10,UAV-UAV,UP,60000
100,UAV_01,UAV_11,BIDIR,1.118,0.004,0.0,0.0,10,10,UAV-UAV,UP,60000
100,UAV_01,UAV_12,BIDIR,1.173,0.004,0.0,0.0,10,10,UAV-UAV,UP,60000
100,UAV_01,UAV_13,BIDIR,1.225,0.004,0.0,0.0,10,10,UAV-UAV,UP,60000
100,UAV_01,UAV_14,BIDIR,1.275,0.004,0.0,0.0,10,10,UAV-UAV,UP,60000
100,UAV_01,UAV_15,BIDIR,1.323,0.004,0.0,0.0,10,10,UAV-UAV,UP,60000
100,UAV_01,UAV_16,BIDIR,1.369,0.005,0.0,0.0,10,10,UAV-UAV,UP,60000
100,UAV_01,UAV_17,BIDIR,1.414,0.005,0.0,0.0,10,10,UAV-UAV,UP,60000
100,UAV_01,UAV_18,BIDIR,1.458,0.005,0.0,0.0,10,10,UAV-UAV,UP,60000
100,UAV_01,UAV_19,BIDIR,1.5,0.005,0.0,0.0,10,10,UAV-UAV,UP,60000
100,UAV_02,UAV_09,BIDIR,0.647,0.002,0.0,0.0,10,10,UAV-UAV,UP,60000
100,UAV_02,UAV_06,BIDIR,0.721,0.002,0.0,0.0,10,10,UAV-UAV,UP,60000
100,UAV_02,UAV_05,BIDIR,0.787,0.003,0.0,0.0,10,10,UAV-UAV,UP,60000
100,UAV_02,UAV_03,BIDIR,0.789,0.003,0.0,0.0,10,10,UAV-UAV,UP,60000
100,UAV_02,UAV_11,BIDIR,0.824,0.003,0.0,0.0,10,10,UAV-UAV,UP,60000
100,UAV_02,UAV_04,BIDIR,0.928,0.003,0.0,0.0,10,10,UAV-UAV,UP,60000
100,UAV_02,UAV_15,BIDIR,0.97,0.003,0.0,0.0,10,10,UAV-UAV,UP,60000
100,UAV_02,UAV_07,BIDIR,1.058,0.004,0.0,0.0,10,10,UAV-UAV,UP,60000
100,UAV_02,UAV_16,BIDIR,1.174,0.004,0.0,0.0,10,10,UAV-UAV,UP,60000
100,UAV_02,UAV_14,BIDIR,1.214,0.004,0.0,0.0,10,10,UAV-UAV,UP,60000
100,UAV_02,UAV_08,BIDIR,1.24,0.004,0.0,0.0,10,10,UAV-UAV,UP,60000
100,UAV_02,UAV_12,BIDIR,1.269,0.004,0.0,0.0,10,10,UAV-UAV,UP,60000
100,UAV_02,UAV_10,BIDIR,1.414,0.005,0.0,0.0,10,10,UAV-UAV,UP,60000
100,UAV_02,UAV_26,BIDIR,1.414,0.005,0.0,0.0,10,10,UAV-UAV,UP,60000
100,UAV_02,UAV_17,BIDIR,1.458,0.005,0.0,0.0,10,10,UAV-UAV,UP,60000
100,UAV_02,UAV_25,BIDIR,1.486,0.005,0.0,0.0,10,10,UAV-UAV,UP,60000
100,UAV_02,UAV_13,BIDIR,1.557,0.005,0.001,0.0,10,10,UAV-UAV,UP,60000
100,UAV_03,UAV_07,BIDIR,0.439,0.001,0.0,0.0,10,10,UAV-UAV,UP,60000
100,UAV_03,UAV_05,BIDIR,0.503,0.002,0.0,0.0,10,10,UAV-UAV,UP,60000
100,UAV_03,UAV_04,BIDIR,0.71,0.002,0.0,0.0,10,10,UAV-UAV,UP,60000
100,UAV_03,UAV_06,BIDIR,0.769,0.003,0.0,0.0,10,10,UAV-UAV,UP,60000
100,UAV_03,UAV_10,BIDIR,0.788,0.003,0.0,0.0,10,10,UAV-UAV,UP,60000
100,UAV_03,UAV_13,BIDIR,0.789,0.003,0.0,0.0,10,10,UAV-UAV,UP,60000
100,UAV_03,UAV_08,BIDIR,0.985,0.003,0.0,0.0,10,10,UAV-UAV,UP,60000
100,UAV_03,UAV_14,BIDIR,1.134,0.004,0.0,0.0,10,10,UAV-UAV,UP,60000
100,UAV_03,UAV_11,BIDIR,1.347,0.004,0.0,0.0,10,10,UAV-UAV,UP,60000
100,UAV_03,UAV_09,BIDIR,1.398,0.005,0.0,0.0,10,10,UAV-UAV,UP,60000
100,UAV_03,UAV_28,BIDIR,1.439,0.005,0.0,0.0,10,10,UAV-UAV,UP,60000
100,UAV_03,UAV_29,BIDIR,1.446,0.005,0.0,0.0,10,10,UAV-UAV,UP,60000
100,UAV_03,UAV_12,BIDIR,1.529,0.005,0.001,0.0,10,10,UAV-UAV,UP,60000
100,UAV_03,UAV_20,BIDIR,1.576,0.005,0.001,0.0,10,10,UAV-UAV,UP,60000
100,UAV_03,UAV_19,BIDIR,1.588,0.005,0.001,0.0,10,10,UAV-UAV,UP,60000
100,UAV_03,UAV_21,BIDIR,1.642,0.005,0.001,0.0,10,10,UAV-UAV,UP,60000
100,UAV_04,UAV_08,BIDIR,0.324,0.001,0.0,0.0,10,10,UAV-UAV,UP,60000
100,UAV_04,UAV_10,BIDIR,0.65,0.002,0.0,0.0,10,10,UAV-UAV,UP,60000
100,UAV_04,UAV_12,BIDIR,0.897,0.003,0.0,0.0,10,10,UAV-UAV,UP,60000
100,UAV_04,UAV_19,BIDIR,0.911,0.003,0.0,0.0,10,10,UAV-UAV,UP,60000
100,UAV_04,UAV_20,BIDIR,0.934,0.003,0.0,0.0,10,10,UAV-UAV,UP,60000
100,UAV_04,UAV_18,BIDIR,0.966,0.003,0.0,0.0,10,10,UAV-UAV,UP,60000
100,UAV_04,UAV_21,BIDIR,0.982,0.003,0.0,0.0,10,10,UAV-UAV,UP,60000
100,UAV_04,UAV_13,BIDIR,1.015,0.003,0.0,0.0,10,10,UAV-UAV,UP,60000
100,UAV_04,UAV_22,BIDIR,1.074,0.004,0.0,0.0,10,10,UAV-UAV,UP,60000
100,UAV_04,UAV_07,BIDIR,1.143,0.004,0.0,0.0,10,10,UAV-UAV,UP,60000
100,UAV_04,UAV_05,BIDIR,1.166,0.004,0.0,0.0,10,10,UAV-UAV,UP,60000
100,UAV_04,UAV_17,BIDIR,1.19,0.004,0.0,0.0,10,10,UAV-UAV,UP,60000
100,UAV_04,UAV_23,BIDIR,1.27,0.004,0.0,0.0,10,10,UAV-UAV,UP,60000
100,UAV_04,UAV_30,BIDIR,1.317,0.004,0.0,0.0,10,10,UAV-UAV,UP,60000
100,UAV_04,UAV_06,BIDIR,1.348,0.004,0.0,0.0,10,10,UAV-UAV,UP,60000
100,UAV_05,UAV_06,BIDIR,0.317,0.001,0.0,0.0,10,10,UAV-UAV,UP,60000
100,UAV_05,UAV_07,BIDIR,0.364,0.001,0.0,0.0,10,10,UAV-UAV,UP,60000
100,UAV_05,UAV_14,BIDIR,0.634,0.002,0.0,0.0,10,10,UAV-UAV,UP,60000
100,UAV_05,UAV_11,BIDIR,0.991,0.003,0.0,0.0,10,10,UAV-UAV,UP,60000
100,UAV_05,UAV_28,BIDIR,1.16,0.004,0.0,0.0,10,10,UAV-UAV,UP,60000
100,UAV_05,UAV_13,BIDIR,1.167,0.004,0.0,0.0,10,10,UAV-UAV,UP,60000
100,UAV_05,UAV_09,BIDIR,1.219,0.004,0.0,0.0,10,10,UAV-UAV,UP,60000
100,UAV_05,UAV_10,BIDIR,1.276,0.004,0.0,0.0,10,10,UAV-UAV,UP,60000
100,UAV_05,UAV_33,BIDIR,1.294,0.004,0.0,0.0,10,10,UAV-UAV,UP,60000
100,UAV_05,UAV_27,BIDIR,1.351,0.005,0.0,0.0,10,10,UAV-UAV,UP,60000
100,UAV_05,UAV_37,BIDIR,1.415,0.005,0.0,0.0,10,10,UAV-UAV,UP,60000
100,UAV_05,UAV_15,BIDIR,1.454,0.005,0.0,0.0,10,10,UAV-UAV,UP,60000
100,UAV_05,UAV_08,BIDIR,1.466,0.005,0.0,0.0,10,10,UAV-UAV,UP,60000
100,UAV_05,UAV_29,BIDIR,1.794,0.006,0.001,0.0,10,10,UAV-UAV,UP,60000
100,UAV_06,UAV_14,BIDIR,0.497,0.002,0.0,0.0,10,10,UAV-UAV,UP,60000
100,UAV_06,UAV_07,BIDIR,0.674,0.002,0.0,0.0,10,10,UAV-UAV,UP,60000
100,UAV_06,UAV_11,BIDIR,0.686,0.002,0.0,0.0,10,10,UAV-UAV,UP,60000
100,UAV_06,UAV_09,BIDIR,0.989,0.003,0.0,0.0,10,10,UAV-UAV,UP,60000
100,UAV_06,UAV_27,BIDIR,1.074,0.004,0.0,0.0,10,10,UAV-UAV,UP,60000
100,UAV_06,UAV_15,BIDIR,1.183,0.004,0.0,0.0,10,10,UAV-UAV,UP,60000
100,UAV_06,UAV_28,BIDIR,1.293,0.004,0.0,0.0,10,10,UAV-UAV,UP,60000
100,UAV_06,UAV_33,BIDIR,1.333,0.004,0.0,0.0,10,10,UAV-UAV,UP,60000
100,UAV_06,UAV_37,BIDIR,1.444,0.005,0.0,0.0,10,10,UAV-UAV,UP,60000
100,UAV_06,UAV_13,BIDIR,1.48,0.005,0.0,0.0,10,10,UAV-UAV,UP,60000
100,UAV_06,UAV_40,BIDIR,1.542,0.005,0.001,0.0,10,10,UAV-UAV,UP,60000
100,UAV_06,UAV_10,BIDIR,1.557,0.005,0.001,0.0,10,10,UAV-UAV,UP,60000
100,UAV_06,UAV_26,BIDIR,1.609,0.005,0.001,0.0,10,10,UAV-UAV,UP,60000
100,UAV_07,UAV_14,BIDIR,0.846,0.003,0.0,0.0,10,10,UAV-UAV,UP,60000
100,UAV_07,UAV_13,BIDIR,0.854,0.003,0.0,0.0,10,10,UAV-UAV,UP,60000
100,UAV_07,UAV_28,BIDIR,1.001,0.003,0.0,0.0,10,10,UAV-UAV,UP,60000
100,UAV_07,UAV_10,BIDIR,1.062,0.004,0.0,0.0,10,10,UAV-UAV,UP,60000
100,UAV_07,UAV_33,BIDIR,1.24,0.004,0.0,0.0,10,10,UAV-UAV,UP,60000
100,UAV_07,UAV_11,BIDIR,1.354,0.005,0.0,0.0,10,10,UAV-UAV,UP,60000
100,UAV_07,UAV_37,BIDIR,1.364,0.005,0.0,0.0,10,10,UAV-UAV,UP,60000
100,UAV_07,UAV_08,BIDIR,1.398,0.005,0.0,0.0,10,10,UAV-UAV,UP,60000
100,UAV_07,UAV_29,BIDIR,1.453,0.005,0.0,0.0,10,10,UAV-UAV,UP,60000
100,UAV_07,UAV_44,BIDIR,1.547,0.005,0.001,0.0,10,10,UAV-UAV,UP,60000
100,UAV_07,UAV_09,BIDIR,1.563,0.005,0.001,0.0,10,10,UAV-UAV,UP,60000
100,UAV_07,UAV_41,BIDIR,1.606,0.005,0.001,0.0,10,10,UAV-UAV,UP,60000
100,UAV_08,UAV_19,BIDIR,0.604,0.002,0.0,0.0,10,10,UAV-UAV,UP,60000
100,UAV_08,UAV_20,BIDIR,0.612,0.002,0.0,0.0,10,10,UAV-UAV,UP,60000
100,UAV_08,UAV_10,BIDIR,0.625,0.002,0.0,0.0,10,10,UAV-UAV,UP,60000
100,UAV_08,UAV_21,BIDIR,0.665,0.002,0.0,0.0,10,10,UAV-UAV,UP,60000
100,UAV_08,UAV_18,BIDIR,0.752,0.003,0.0,0.0,10,10,UAV-UAV,UP,60000
100,UAV_08,UAV_22,BIDIR,0.804,0.003,0.0,0.0,10,10,UAV-UAV,UP,60000
100,UAV_08,UAV_12,BIDIR,0.867,0.003,0.0,0.0,10,10,UAV-UAV,UP,60000
100,UAV_08,UAV_30,BIDIR,1.007,0.003,0.0,0.0,10,10,UAV-UAV,UP,60000
100,UAV_08,UAV_13,BIDIR,1.071,0.004,0.0,0.0,10,10,UAV-UAV,UP,60000
100,UAV_08,UAV_23,BIDIR,1.118,0.004,0.0,0.0,10,10,UAV-UAV,UP,60000
100,UAV_08,UAV_17,BIDIR,1.158,0.004,0.0,0.0,10,10,UAV-UAV,UP,60000
100,UAV_08,UAV_38,BIDIR,1.364,0.005,0.0,0.0,10,10,UAV-UAV,UP,60000
100,UAV_08,UAV_34,BIDIR,1.446,0.005,0.0,0.0,10,10,UAV-UAV,UP,60000
100,UAV_09,UAV_15,BIDIR,0.331,0.001,0.0,0.0,10,10,UAV-UAV,UP,60000
100,UAV_09,UAV_11,BIDIR,0.533,0.002,0.0,0.0,10,10,UAV-UAV,UP,60000
100,UAV_09,UAV_26,BIDIR,0.768,0.003,0.0,0.0,10,10,UAV-UAV,UP,60000
100,UAV_09,UAV_32,BIDIR,1.013,0.003,0.0,0.0,10,10,UAV-UAV,UP,60000
100,UAV_09,UAV_16,BIDIR,1.056,0.004,0.0,0.0,10,10,UAV-UAV,UP,60000
100,UAV_09,UAV_36,BIDIR,1.098,0.004,0.0,0.0,10,10,UAV-UAV,UP,60000
100,UAV_09,UAV_25,BIDIR,1.185,0.004,0.0,0.0,10,10,UAV-UAV,UP,60000
100,UAV_09,UAV_14,BIDIR,1.36,0.005,0.0,0.0,10,10,UAV-UAV,UP,60000
100,UAV_09,UAV_27,BIDIR,1.364,0.005,0.0,0.0,10,10,UAV-UAV,UP,60000
100,UAV_09,UAV_43,BIDIR,1.365,0.005,0.0,0.0,10,10,UAV-UAV,UP,60000
100,UAV_09,UAV_46,BIDIR,1.476,0.005,0.0,0.0,10,10,UAV-UAV,UP,60000
100,UAV_09,UAV_04,BIDIR,1.548,0.005,0.001,0.0,10,10,UAV-UAV,UP,60000
100,UAV_10,UAV_13,BIDIR,0.461,0.002,0.0,0.0,10,10,UAV-UAV,UP,60000
100,UAV_10,UAV_29,BIDIR,0.914,0.003,0.0,0.0,10,10,UAV-UAV,UP,60000
100,UAV_10,UAV_34,BIDIR,0.976,0.003,0.0,0.0,10,10,UAV-UAV,UP,60000
100,UAV_10,UAV_20,BIDIR,0.997,0.003,0.0,0.0,10,10,UAV-UAV,UP,60000
100,UAV_10,UAV_19,BIDIR,1.081,0.004,0.0,0.0,10,10,UAV-UAV,UP,60000
100,UAV_10,UAV_21,BIDIR,1.088,0.004,0.0,0.0,10,10,UAV-UAV,UP,60000
100,UAV_10,UAV_38,BIDIR,1.125,0.004,0.0,0.0,10,10,UAV-UAV,UP,60000
100,UAV_10,UAV_22,BIDIR,1.342,0.004,0.0,0.0,10,10,UAV-UAV,UP,60000
100,UAV_10,UAV_18,BIDIR,1.352,0.005,0.0,0.0,10,10,UAV-UAV,UP,60000
100,UAV_10,UAV_50,BIDIR,1.415,0.005,0.0,0.0,10,10,UAV-UAV,UP,60000
100,UAV_10,UAV_30,BIDIR,1.425,0.005,0.0,0.0,10,10,UAV-UAV,UP,60000
100,UAV_11,UAV_15,BIDIR,0.562,0.002,0.0,0.0,10,10,UAV-UAV,UP,60000
100,UAV_11,UAV_27,BIDIR,0.844,0.003,0.0,0.0,10,10,UAV-UAV,UP,60000
100,UAV_11,UAV_14,BIDIR,0.905,0.003,0.0,0.0,10,10,UAV-UAV,UP,60000
100,UAV_11,UAV_26,BIDIR,0.942,0.003,0.0,0.0,10,10,UAV-UAV,UP,60000
100,UAV_11,UAV_32,BIDIR,0.949,0.003,0.0,0.0,10,10,UAV-UAV,UP,60000
100,UAV_11,UAV_40,BIDIR,1.129,0.004,0.0,0.0,10,10,UAV-UAV,UP,60000
100,UAV_11,UAV_43,BIDIR,1.218,0.004,0.0,0.0,10,10,UAV-UAV,UP,60000
100,UAV_11,UAV_46,BIDIR,1.275,0.004,0.0,0.0,10,10,UAV-UAV,UP,60000
100,UAV_11,UAV_36,BIDIR,1.31,0.004,0.0,0.0,10,10,UAV-UAV,UP,60000
100,UAV_11,UAV_49,BIDIR,1.439,0.005,0.0,0.0,10,10,UAV-UAV,UP,60000
100,UAV_11,UAV_16,BIDIR,1.585,0.005,0.001,0.0,10,10,UAV-UAV,UP,60000
100,UAV_12,UAV_17,BIDIR,0.296,0.001,0.0,0.0,10,10,UAV-UAV,UP,60000
100,UAV_12,UAV_23,BIDIR,0.514,0.002,0.0,0.0,10,10,UAV-UAV,UP,60000
100,UAV_12,UAV_18,BIDIR,0.538,0.002,0.0,0.0,10,10,UAV-UAV,UP,60000
100,UAV_12,UAV_24,BIDIR,0.735,0.002,0.0,0.0,10,10,UAV-UAV,UP,60000
100,UAV_12,UAV_22,BIDIR,0.789,0.003,0.0,0.0,10,10,UAV-UAV,UP,60000
100,UAV_12,UAV_35,BIDIR,0.889,0.003,0.0,0.0,10,10,UAV-UAV,UP,60000
100,UAV_12,UAV_19,BIDIR,0.895,0.003,0.0,0.0,10,10,UAV-UAV,UP,60000
100,UAV_12,UAV_21,BIDIR,1.005,0.003,0.0,0.0,10,10,UAV-UAV,UP,60000
100,UAV_12,UAV_16,BIDIR,1.043,0.003,0.0,0.0,10,10,UAV-UAV,UP,60000
100,UAV_12,UAV_20,BIDIR,1.047,0.003,0.0,0.0,10,10,UAV-UAV,UP,60000
100,UAV_12,UAV_42,BIDIR,1.092,0.004,0.0,0.0,10,10,UAV-UAV,UP,60000
100,UAV_12,UAV_30,BIDIR,1.159,0.004,0.0,0.0,10,10,UAV-UAV,UP,60000
100,UAV_12,UAV_45,BIDIR,1.185,0.004,0.0,0.0,10,10,UAV-UAV,UP,60000
100,UAV_12,UAV_31,BIDIR,1.185,0.004,0.0,0.0,10,10,UAV-UAV,UP,60000
100,UAV_13,UAV_29,BIDIR,0.657,0.002,0.0,0.0,10,10,UAV-UAV,UP,60000
100,UAV_13,UAV_34,BIDIR,0.939,0.003,0.0,0.0,10,10,UAV-UAV,UP,60000
100,UAV_13,UAV_41,BIDIR,1.045,0.003,0.0,0.0,10,10,UAV-UAV,UP,60000
100,UAV_13,UAV_47,BIDIR,1.218,0.004,0.0,0.0,10,10,UAV-UAV,UP,60000
100,UAV_13,UAV_44,BIDIR,1.278,0.004,0.0,0.0,10,10,UAV-UAV,UP,60000
100,UAV_13,UAV_38,BIDIR,1.295,0.004,0.0,0.0,10,10,UAV-UAV,UP,60000
100,UAV_13,UAV_50,BIDIR,1.438,0.005,0.0,0.0,10,10,UAV-UAV,UP,60000
100,UAV_13,UAV_20,BIDIR,1.445,0.005,0.0,0.0,10,10,UAV-UAV,UP,60000
100,UAV_13,UAV_28,BIDIR,1.519,0.005,0.001,0.0,10,10,UAV-UAV,UP,60000
100,UAV_13,UAV_19,BIDIR,1.539,0.005,0.001,0.0,10,10,UAV-UAV,UP,60000
100,UAV_14,UAV_27,BIDIR,0.818,0.003,0.0,0.0,10,10,UAV-UAV,UP,60000
100,UAV_14,UAV_33,BIDIR,0.901,0.003,0.0,0.0,10,10,UAV-UAV,UP,60000
100,UAV_14,UAV_28,BIDIR,0.977,0.003,0.0,0.0,10,10,UAV-UAV,UP,60000
100,UAV_14,UAV_37,BIDIR,0.999,0.003,0.0,0.0,10,10,UAV-UAV,UP,60000
100,UAV_14,UAV_40,BIDIR,1.335,0.004,0.0,0.0,10,10,UAV-UAV,UP,60000
100,UAV_14,UAV_49,BIDIR,1.399,0.005,0.0,0.0,10,10,UAV-UAV,UP,60000
100,UAV_14,UAV_15,BIDIR,1.466,0.005,0.0,0.0,10,10,UAV-UAV,UP,60000
100,UAV_14,UAV_13,BIDIR,1.697,0.006,0.001,0.0,10,10,UAV-UAV,UP,60000
100,UAV_14,UAV_32,BIDIR,1.732,0.006,0.001,0.0,10,10,UAV-UAV,UP,60000
100,UAV_14,UAV_04,BIDIR,1.793,0.006,0.001,0.0,10,10,UAV-UAV,UP,60000
100,UAV_15,UAV_26,BIDIR,0.453,0.002,0.0,0.0,10,10,UAV-UAV,UP,60000
100,UAV_15,UAV_32,BIDIR,0.689,0.002,0.0,0.0,10,10,UAV-UAV,UP,60000
100,UAV_15,UAV_36,BIDIR,0.807,0.003,0.0,0.0,10,10,UAV-UAV,UP,60000
100,UAV_15,UAV_43,BIDIR,1.047,0.003,0.0,0.0,10,10,UAV-UAV,UP,60000
100,UAV_15,UAV_46,BIDIR,1.169,0.004,0.0,0.0,10,10,UAV-UAV,UP,60000
100,UAV_15,UAV_16,BIDIR,1.215,0.004,0.0,0.0,10,10,UAV-UAV,UP,60000
100,UAV_15,UAV_25,BIDIR,1.23,0.004,0.0,0.0,10,10,UAV-UAV,UP,60000
100,UAV_15,UAV_27,BIDIR,1.273,0.004,0.0,0.0,10,10,UAV-UAV,UP,60000
100,UAV_15,UAV_40,BIDIR,1.37,0.005,0.0,0.0,10,10,UAV-UAV,UP,60000
100,UAV_15,UAV_03,BIDIR,1.694,0.006,0.001,0.0,10,10,UAV-UAV,UP,60000
100,UAV_15,UAV_49,BIDIR,1.754,0.006,0.001,0.0,10,10,UAV-UAV,UP,60000
100,UAV_16,UAV_25,BIDIR,0.429,0.001,0.0,0.0,10,10,UAV-UAV,UP,60000
100,UAV_16,UAV_31,BIDIR,0.671,0.002,0.0,0.0,10,10,UAV-UAV,UP,60000
100,UAV_16,UAV_24,BIDIR,0.773,0.003,0.0,0.0,10,10,UAV-UAV,UP,60000
100,UAV_16,UAV_17,BIDIR,0.954,0.003,0.0,0.0,10,10,UAV-UAV,UP,60000
100,UAV_16,UAV_39,BIDIR,0.957,0.003,0.0,0.0,10,10,UAV-UAV,UP,60000
100,UAV_16,UAV_26,BIDIR,1.383,0.005,0.0,0.0,10,10,UAV-UAV,UP,60000
100,UAV_16,UAV_23,BIDIR,1.411,0.005,0.0,0.0,10,10,UAV-UAV,UP,60000
100,UAV_16,UAV_36,BIDIR,1.487,0.005,0.0,0.0,10,10,UAV-UAV,UP,60000
100,UAV_16,UAV_48,BIDIR,1.499,0.005,0.0,0.0,10,10,UAV-UAV,UP,60000
100,UAV_16,UAV_35,BIDIR,1.501,0.005,0.001,0.0,10,10,UAV-UAV,UP,60000
100,UAV_16,UAV_04,BIDIR,1.561,0.005,0.001,0.0,10,10,UAV-UAV,UP,60000
100,UAV_16,UAV_18,BIDIR,1.578,0.005,0.001,0.0,10,10,UAV-UAV,UP,60000
100,UAV_17,UAV_23,BIDIR,0.457,0.002,0.0,0.0,10,10,UAV-UAV,UP,60000
100,UAV_17,UAV_24,BIDIR,0.46,0.002,0.0,0.0,10,10,UAV-UAV,UP,60000
100,UAV_17,UAV_35,BIDIR,0.677,0.002,0.0,0.0,10,10,UAV-UAV,UP,60000
100,UAV_17,UAV_18,BIDIR,0.689,0.002,0.0,0.0,10,10,UAV-UAV,UP,60000
100,UAV_17,UAV_42,BIDIR,0.892,0.003,0.0,0.0,10,10,UAV-UAV,UP,60000
100,UAV_17,UAV_22,BIDIR,0.93,0.003,0.0,0.0,10,10,UAV-UAV,UP,60000
100,UAV_17,UAV_31,BIDIR,0.942,0.003,0.0,0.0,10,10,UAV-UAV,UP,60000
100,UAV_17,UAV_45,BIDIR,1.025,0.003,0.0,0.0,10,10,UAV-UAV,UP,60000
100,UAV_17,UAV_48,BIDIR,1.028,0.003,0.0,0.0,10,10,UAV-UAV,UP,60000
100,UAV_17,UAV_39,BIDIR,1.039,0.003,0.0,0.0,10,10,UAV-UAV,UP,60000
100,UAV_17,UAV_19,BIDIR,1.1,0.004,0.0,0.0,10,10,UAV-UAV,UP,60000
100,UAV_17,UAV_21,BIDIR,1.205,0.004,0.0,0.0,10,10,UAV-UAV,UP,60000
100,UAV_17,UAV_20,BIDIR,1.263,0.004,0.0,0.0,10,10,UAV-UAV,UP,60000
100,UAV_17,UAV_30,BIDIR,1.29,0.004,0.0,0.0,10,10,UAV-UAV,UP,60000
100,UAV_17,UAV_25,BIDIR,1.327,0.004,0.0,0.0,10,10,UAV-UAV,UP,60000
100,UAV_18,UAV_22,BIDIR,0.251,0.001,0.0,0.0,10,10,UAV-UAV,UP,60000
100,UAV_18,UAV_23,BIDIR,0.41,0.001,0.0,0.0,10,10,UAV-UAV,UP,60000
100,UAV_18,UAV_19,BIDIR,0.426,0.001,0.0,0.0,10,10,UAV-UAV,UP,60000
100,UAV_18,UAV_21,BIDIR,0.524,0.002,0.0,0.0,10,10,UAV-UAV,UP,60000
100,UAV_18,UAV_20,BIDIR,0.595,0.002,0.0,0.0,10,10,UAV-UAV,UP,60000
100,UAV_18,UAV_30,BIDIR,0.622,0.002,0.0,0.0,10,10,UAV-UAV,UP,60000
100,UAV_18,UAV_35,BIDIR,0.875,0.003,0.0,0.0,10,10,UAV-UAV,UP,60000
100,UAV_18,UAV_45,BIDIR,0.999,0.003,0.0,0.0,10,10,UAV-UAV,UP,60000
100,UAV_18,UAV_42,BIDIR,1.005,0.003,0.0,0.0,10,10,UAV-UAV,UP,60000
100,UAV_18,UAV_24,BIDIR,1.132,0.004,0.0,0.0,10,10,UAV-UAV,UP,60000
100,UAV_18,UAV_48,BIDIR,1.458,0.005,0.0,0.0,10,10,UAV-UAV,UP,60000
100,UAV_19,UAV_21,BIDIR,0.111,0.0,0.0,0.0,10,10,UAV-UAV,UP,60000
100,UAV_19,UAV_20,BIDIR,0.169,0.001,0.0,0.0,10,10,UAV-UAV,UP,60000
100,UAV_19,UAV_22,BIDIR,0.281,0.001,0.0,0.0,10,10,UAV-UAV,UP,60000
100,UAV_19,UAV_30,BIDIR,0.407,0.001,0.0,0.0,10,10,UAV-UAV,UP,60000
100,UAV_19,UAV_23,BIDIR,0.824,0.003,0.0,0.0,10,10,UAV-UAV,UP,60000
100,UAV_19,UAV_35,BIDIR,1.263,0.004,0.0,0.0,10,10,UAV-UAV,UP,60000
100,UAV_19,UAV_38,BIDIR,1.275,0.004,0.0,0.0,10,10,UAV-UAV,UP,60000
100,UAV_19,UAV_45,BIDIR,1.304,0.004,0.0,0.0,10,10,UAV-UAV,UP,60000
100,UAV_19,UAV_42,BIDIR,1.358,0.005,0.0,0.0,10,10,UAV-UAV,UP,60000
100,UAV_19,UAV_24,BIDIR,1.551,0.005,0.001,0.0,10,10,UAV-UAV,UP,60000
100,UAV_20,UAV_21,BIDIR,0.1,0.0,0.0,0.0,10,10,UAV-UAV,UP,60000
100,UAV_20,UAV_30,BIDIR,0.43,0.001,0.0,0.0,10,10,UAV-UAV,UP,60000
100,UAV_20,UAV_22,BIDIR,0.434,0.001,0.0,0.0,10,10,UAV-UAV,UP,60000
100,UAV_20,UAV_23,BIDIR,0.991,0.003,0.0,0.0,10,10,UAV-UAV,UP,60000
100,UAV_20,UAV_38,BIDIR,1.106,0.004,0.0,0.0,10,10,UAV-UAV,UP,60000
100,UAV_20,UAV_34,BIDIR,1.419,0.005,0.0,0.0,10,10,UAV-UAV,UP,60000
100,UAV_20,UAV_35,BIDIR,1.425,0.005,0.0,0.0,10,10,UAV-UAV,UP,60000
100,UAV_20,UAV_45,BIDIR,1.447,0.005,0.0,0.0,10,10,UAV-UAV,UP,60000
100,UAV_20,UAV_42,BIDIR,1.512,0.005,0.001,0.0,10,10,UAV-UAV,UP,60000
100,UAV_20,UAV_01,BIDIR,1.541,0.005,0.001,0.0,10,10,UAV-UAV,UP,60000
100,UAV_21,UAV_22,BIDIR,0.341,0.001,0.0,0.0,10,10,UAV-UAV,UP,60000
100,UAV_21,UAV_30,BIDIR,0.349,0.001,0.0,0.0,10,10,UAV-UAV,UP,60000
100,UAV_21,UAV_23,BIDIR,0.91,0.003,0.0,0.0,10,10,UAV-UAV,UP,60000
100,UAV_21,UAV_38,BIDIR,1.184,0.004,0.0,0.0,10,10,UAV-UAV,UP,60000
100,UAV_21,UAV_35,BIDIR,1.335,0.004,0.0,0.0,10,10,UAV-UAV,UP,60000
100,UAV_21,UAV_45,BIDIR,1.348,0.004,0.0,0.0,10,10,UAV-UAV,UP,60000
100,UAV_21,UAV_42,BIDIR,1.417,0.005,0.0,0.0,10,10,UAV-UAV,UP,60000
100,UAV_21,UAV_34,BIDIR,1.513,0.005,0.001,0.0,10,10,UAV-UAV,UP,60000
100,UAV_21,UAV_13,BIDIR,1.539,0.005,0.001,0.0,10,10,UAV-UAV,UP,60000
100,UAV_21,UAV_01,BIDIR,1.581,0.005,0.001,0.0,10,10,UAV-UAV,UP,60000
100,UAV_22,UAV_30,BIDIR,0.371,0.001,0.0,0.0,10,10,UAV-UAV,UP,60000
100,UAV_22,UAV_23,BIDIR,0.58,0.002,0.0,0.0,10,10,UAV-UAV,UP,60000
100,UAV_22,UAV_35,BIDIR,0.994,0.003,0.0,0.0,10,10,UAV-UAV,UP,60000
100,UAV_22,UAV_45,BIDIR,1.024,0.003,0.0,0.0,10,10,UAV-UAV,UP,60000
100,UAV_22,UAV_42,BIDIR,1.079,0.004,0.0,0.0,10,10,UAV-UAV,UP,60000
100,UAV_22,UAV_24,BIDIR,1.359,0.005,0.0,0.0,10,10,UAV-UAV,UP,60000
100,UAV_22,UAV_38,BIDIR,1.52,0.005,0.001,0.0,10,10,UAV-UAV,UP,60000
100,UAV_22,UAV_48,BIDIR,1.601,0.005,0.001,0.0,10,10,UAV-UAV,UP,60000
100,UAV_22,UAV_01,BIDIR,1.62,0.005,0.001,0.0,10,10,UAV-UAV,UP,60000
100,UAV_23,UAV_35,BIDIR,0.476,0.002,0.0,0.0,10,10,UAV-UAV,UP,60000
100,UAV_23,UAV_42,BIDIR,0.636,0.002,0.0,0.0,10,10,UAV-UAV,UP,60000
100,UAV_23,UAV_45,BIDIR,0.688,0.002,0.0,0.0,10,10,UAV-UAV,UP,60000
100,UAV_23,UAV_24,BIDIR,0.812,0.003,0.0,0.0,10,10,UAV-UAV,UP,60000
100,UAV_23,UAV_30,BIDIR,0.898,0.003,0.0,0.0,10,10,UAV-UAV,UP,60000
100,UAV_23,UAV_48,BIDIR,1.047,0.003,0.0,0.0,10,10,UAV-UAV,UP,60000
100,UAV_23,UAV_31,BIDIR,1.312,0.004,0.0,0.0,10,10,UAV-UAV,UP,60000
100,UAV_23,UAV_39,BIDIR,1.332,0.004,0.0,0.0,10,10,UAV-UAV,UP,60000
100,UAV_23,UAV_01,BIDIR,1.658,0.006,0.001,0.0,10,10,UAV-UAV,UP,60000
100,UAV_24,UAV_31,BIDIR,0.501,0.002,0.0,0.0,10,10,UAV-UAV,UP,60000
100,UAV_24,UAV_39,BIDIR,0.581,0.002,0.0,0.0,10,10,UAV-UAV,UP,60000
100,UAV_24,UAV_35,BIDIR,0.749,0.002,0.0,0.0,10,10,UAV-UAV,UP,60000
100,UAV_24,UAV_48,BIDIR,0.774,0.003,0.0,0.0,10,10,UAV-UAV,UP,60000
100,UAV_24,UAV_42,BIDIR,0.944,0.003,0.0,0.0,10,10,UAV-UAV,UP,60000
100,UAV_24,UAV_25,BIDIR,1.035,0.003,0.0,0.0,10,10,UAV-UAV,UP,60000
100,UAV_24,UAV_45,BIDIR,1.135,0.004,0.0,0.0,10,10,UAV-UAV,UP,60000
100,UAV_24,UAV_04,BIDIR,1.592,0.005,0.001,0.0,10,10,UAV-UAV,UP,60000
100,UAV_24,UAV_08,BIDIR,1.601,0.005,0.001,0.0,10,10,UAV-UAV,UP,60000
100,UAV_24,UAV_02,BIDIR,1.65,0.006,0.001,0.0,10,10,UAV-UAV,UP,60000
100,UAV_24,UAV_21,BIDIR,1.654,0.006,0.001,0.0,10,10,UAV-UAV,UP,60000
100,UAV_24,UAV_01,BIDIR,1.695,0.006,0.001,0.0,10,10,UAV-UAV,UP,60000
100,UAV_25,UAV_31,BIDIR,0.704,0.002,0.0,0.0,10,10,UAV-UAV,UP,60000
100,UAV_25,UAV_39,BIDIR,0.968,0.003,0.0,0.0,10,10,UAV-UAV,UP,60000
100,UAV_25,UAV_36,BIDIR,1.249,0.004,0.0,0.0,10,10,UAV-UAV,UP,60000
100,UAV_25,UAV_26,BIDIR,1.25,0.004,0.0,0.0,10,10,UAV-UAV,UP,60000
100,UAV_25,UAV_12,BIDIR,1.455,0.005,0.0,0.0,10,10,UAV-UAV,UP,60000
100,UAV_25,UAV_48,BIDIR,1.64,0.005,0.001,0.0,10,10,UAV-UAV,UP,60000
100,UAV_25,UAV_32,BIDIR,1.683,0.006,0.001,0.0,10,10,UAV-UAV,UP,60000
100,UAV_25,UAV_11,BIDIR,1.709,0.006,0.001,0.0,10,10,UAV-UAV,UP,60000
100,UAV_25,UAV_01,BIDIR,1.732,0.006,0.001,0.0,10,10,UAV-UAV,UP,60000
100,UAV_25,UAV_23,BIDIR,1.775,0.006,0.001,0.0,10,10,UAV-UAV,UP,60000
100,UAV_25,UAV_35,BIDIR,1.784,0.006,0.001,0.0,10,10,UAV-UAV,UP,60000
100,UAV_25,UAV_42,BIDIR,1.973,0.007,0.001,0.0,10,10,UAV-UAV,UP,60000
100,UAV_26,UAV_36,BIDIR,0.368,0.001,0.0,0.0,10,10,UAV-UAV,UP,60000
100,UAV_26,UAV_32,BIDIR,0.433,0.001,0.0,0.0,10,10,UAV-UAV,UP,60000
100,UAV_26,UAV_43,BIDIR,0.777,0.003,0.0,0.0,10,10,UAV-UAV,UP,60000
100,UAV_26,UAV_46,BIDIR,0.933,0.003,0.0,0.0,10,10,UAV-UAV,UP,60000
100,UAV_26,UAV_40,BIDIR,1.386,0.005,0.0,0.0,10,10,UAV-UAV,UP,60000
100,UAV_26,UAV_27,BIDIR,1.456,0.005,0.0,0.0,10,10,UAV-UAV,UP,60000
100,UAV_26,UAV_01,BIDIR,1.768,0.006,0.001,0.0,10,10,UAV-UAV,UP,60000
100,UAV_26,UAV_49,BIDIR,1.797,0.006,0.001,0.0,10,10,UAV-UAV,UP,60000
100,UAV_26,UAV_14,BIDIR,1.831,0.006,0.001,0.0,10,10,UAV-UAV,UP,60000
100,UAV_26,UAV_05,BIDIR,1.893,0.006,0.001,0.0,10,10,UAV-UAV,UP,60000
100,UAV_26,UAV_31,BIDIR,1.942,0.006,0.001,0.0,10,10,UAV-UAV,UP,60000
100,UAV_27,UAV_40,BIDIR,0.518,0.002,0.0,0.0,10,10,UAV-UAV,UP,60000
100,UAV_27,UAV_49,BIDIR,0.648,0.002,0.0,0.0,10,10,UAV-UAV,UP,60000
100,UAV_27,UAV_46,BIDIR,1.155,0.004,0.0,0.0,10,10,UAV-UAV,UP,60000
100,UAV_27,UAV_32,BIDIR,1.186,0.004,0.0,0.0,10,10,UAV-UAV,UP,60000
100,UAV_27,UAV_43,BIDIR,1.214,0.004,0.0,0.0,10,10,UAV-UAV,UP,60000
100,UAV_27,UAV_33,BIDIR,1.408,0.005,0.0,0.0,10,10,UAV-UAV,UP,60000
100,UAV_27,UAV_37,BIDIR,1.448,0.005,0.0,0.0,10,10,UAV-UAV,UP,60000
100,UAV_27,UAV_02,BIDIR,1.59,0.005,0.001,0.0,10,10,UAV-UAV,UP,60000
100,UAV_27,UAV_07,BIDIR,1.638,0.005,0.001,0.0,10,10,UAV-UAV,UP,60000
100,UAV_27,UAV_28,BIDIR,1.655,0.006,0.001,0.0,10,10,UAV-UAV,UP,60000
100,UAV_27,UAV_36,BIDIR,1.767,0.006,0.001,0.0,10,10,UAV-UAV,UP,60000
100,UAV_27,UAV_01,BIDIR,1.803,0.006,0.001,0.0,10,10,UAV-UAV,UP,60000
100,UAV_28,UAV_33,BIDIR,0.402,0.001,0.0,0.0,10,10,UAV-UAV,UP,60000
100,UAV_28,UAV_37,BIDIR,0.494,0.002,0.0,0.0,10,10,UAV-UAV,UP,60000
100,UAV_28,UAV_44,BIDIR,1.255,0.004,0.0,0.0,10,10,UAV-UAV,UP,60000
100,UAV_28,UAV_41,BIDIR,1.636,0.005,0.001,0.0,10,10,UAV-UAV,UP,60000
100,UAV_28,UAV_47,BIDIR,1.68,0.006,0.001,0.0,10,10,UAV-UAV,UP,60000
100,UAV_28,UAV_01,BIDIR,1.837,0.006,0.001,0.0,10,10,UAV-UAV,UP,60000
100,UAV_28,UAV_29,BIDIR,1.845,0.006,0.001,0.0,10,10,UAV-UAV,UP,60000
100,UAV_28,UAV_11,BIDIR,1.871,0.006,0.001,0.0,10,10,UAV-UAV,UP,60000
100,UAV_28,UAV_10,BIDIR,1.904,0.006,0.001,0.0,10,10,UAV-UAV,UP,60000
100,UAV_28,UAV_02,BIDIR,1.944,0.006,0.001,0.0,10,10,UAV-UAV,UP,60000
100,UAV_28,UAV_49,BIDIR,2.056,0.007,0.001,0.0,10,10,UAV-UAV,UP,60000
100,UAV_29,UAV_34,BIDIR,0.472,0.002,0.0,0.0,10,10,UAV-UAV,UP,60000
100,UAV_29,UAV_41,BIDIR,0.607,0.002,0.0,0.0,10,10,UAV-UAV,UP,60000
100,UAV_29,UAV_47,BIDIR,0.774,0.003,0.0,0.0,10,10,UAV-UAV,UP,60000
100,UAV_29,UAV_50,BIDIR,0.935,0.003,0.0,0.0,10,10,UAV-UAV,UP,60000
100,UAV_29,UAV_38,BIDIR,1.007,0.003,0.0,0.0,10,10,UAV-UAV,UP,60000
100,UAV_29,UAV_44,BIDIR,1.073,0.004,0.0,0.0,10,10,UAV-UAV,UP,60000
100,UAV_29,UAV_08,BIDIR,1.508,0.005,0.001,0.0,10,10,UAV-UAV,UP,60000
100,UAV_29,UAV_04,BIDIR,1.562,0.005,0.001,0.0,10,10,UAV-UAV,UP,60000
100,UAV_29,UAV_20,BIDIR,1.661,0.006,0.001,0.0,10,10,UAV-UAV,UP,60000
100,UAV_29,UAV_21,BIDIR,1.76,0.006,0.001,0.0,10,10,UAV-UAV,UP,60000
100,UAV_29,UAV_19,BIDIR,1.8,0.006,0.001,0.0,10,10,UAV-UAV,UP,60000
100,UAV_29,UAV_01,BIDIR,1.871,0.006,0.001,0.0,10,10,UAV-UAV,UP,60000
100,UAV_30,UAV_45,BIDIR,1.151,0.004,0.0,0.0,10,10,UAV-UAV,UP,60000
100,UAV_30,UAV_35,BIDIR,1.234,0.004,0.0,0.0,10,10,UAV-UAV,UP,60000
100,UAV_30,UAV_42,BIDIR,1.264,0.004,0.0,0.0,10,10,UAV-UAV,UP,60000
100,UAV_30,UAV_38,BIDIR,1.311,0.004,0.0,0.0,10,10,UAV-UAV,UP,60000
100,UAV_30,UAV_24,BIDIR,1.703,0.006,0.001,0.0,10,10,UAV-UAV,UP,60000
100,UAV_30,UAV_34,BIDIR,1.727,0.006,0.001,0.0,10,10,UAV-UAV,UP,60000
100,UAV_30,UAV_50,BIDIR,1.787,0.006,0.001,0.0,10,10,UAV-UAV,UP,60000
100,UAV_30,UAV_48,BIDIR,1.846,0.006,0.001,0.0,10,10,UAV-UAV,UP,60000
100,UAV_31,UAV_39,BIDIR,0.288,0.001,0.0,0.0,10,10,UAV-UAV,UP,60000
100,UAV_31,UAV_48,BIDIR,0.939,0.003,0.0,0.0,10,10,UAV-UAV,UP,60000
100,UAV_31,UAV_35,BIDIR,1.177,0.004,0.0,0.0,10,10,UAV-UAV,UP,60000
100,UAV_31,UAV_42,BIDIR,1.339,0.004,0.0,0.0,10,10,UAV-UAV,UP,60000
100,UAV_31,UAV_45,BIDIR,1.544,0.005,0.001,0.0,10,10,UAV-UAV,UP,60000
100,UAV_31,UAV_18,BIDIR,1.627,0.005,0.001,0.0,10,10,UAV-UAV,UP,60000
100,UAV_31,UAV_09,BIDIR,1.724,0.006,0.001,0.0,10,10,UAV-UAV,UP,60000
100,UAV_31,UAV_02,BIDIR,1.802,0.006,0.001,0.0,10,10,UAV-UAV,UP,60000
100,UAV_31,UAV_15,BIDIR,1.854,0.006,0.001,0.0,10,10,UAV-UAV,UP,60000
100,UAV_31,UAV_22,BIDIR,1.858,0.006,0.001,0.0,10,10,UAV-UAV,UP,60000
100,UAV_31,UAV_01,BIDIR,1.936,0.006,0.001,0.0,10,10,UAV-UAV,UP,60000
100,UAV_32,UAV_43,BIDIR,0.365,0.001,0.0,0.0,10,10,UAV-UAV,UP,60000
100,UAV_32,UAV_46,BIDIR,0.508,0.002,0.0,0.0,10,10,UAV-UAV,UP,60000
100,UAV_32,UAV_36,BIDIR,0.613,0.002,0.0,0.0,10,10,UAV-UAV,UP,60000
100,UAV_32,UAV_40,BIDIR,1.004,0.003,0.0,0.0,10,10,UAV-UAV,UP,60000
100,UAV_32,UAV_49,BIDIR,1.416,0.005,0.0,0.0,10,10,UAV-UAV,UP,60000
100,UAV_32,UAV_02,BIDIR,1.625,0.005,0.001,0.0,10,10,UAV-UAV,UP,60000
100,UAV_32,UAV_06,BIDIR,1.63,0.005,0.001,0.0,10,10,UAV-UAV,UP,60000
100,UAV_32,UAV_16,BIDIR,1.799,0.006,0.001,0.0,10,10,UAV-UAV,UP,60000
100,UAV_32,UAV_05,BIDIR,1.939,0.006,0.001,0.0,10,10,UAV-UAV,UP,60000
100,UAV_32,UAV_01,BIDIR,1.968,0.007,0.001,0.0,10,10,UAV-UAV,UP,60000
100,UAV_32,UAV_03,BIDIR,2.277,0.008,0.001,0.0,10,10,UAV-UAV,UP,60000
100,UAV_33,UAV_37,BIDIR,0.124,0.0,0.0,0.0,10,10,UAV-UAV,UP,60000
100,UAV_33,UAV_44,BIDIR,1.631,0.005,0.001,0.0,10,10,UAV-UAV,UP,60000
100,UAV_33,UAV_03,BIDIR,1.671,0.006,0.001,0.0,10,10,UAV-UAV,UP,60000
100,UAV_33,UAV_49,BIDIR,1.722,0.006,0.001,0.0,10,10,UAV-UAV,UP,60000
100,UAV_33,UAV_11,BIDIR,1.797,0.006,0.001,0.0,10,10,UAV-UAV,UP,60000
100,UAV_33,UAV_40,BIDIR,1.866,0.006,0.001,0.0,10,10,UAV-UAV,UP,60000
100,UAV_33,UAV_13,BIDIR,1.877,0.006,0.001,0.0,10,10,UAV-UAV,UP,60000
100,UAV_33,UAV_01,BIDIR,2.0,0.007,0.001,0.0,10,10,UAV-UAV,UP,60000
100,UAV_33,UAV_41,BIDIR,2.034,0.007,0.001,0.0,10,10,UAV-UAV,UP,60000
100,UAV_33,UAV_02,BIDIR,2.04,0.007,0.001,0.0,10,10,UAV-UAV,UP,60000
100,UAV_33,UAV_47,BIDIR,2.071,0.007,0.001,0.0,10,10,UAV-UAV,UP,60000
100,UAV_33,UAV_10,BIDIR,2.231,0.007,0.001,0.0,10,10,UAV-UAV,UP,60000
100,UAV_34,UAV_50,BIDIR,0.502,0.002,0.0,0.0,10,10,UAV-UAV,UP,60000
100,UAV_34,UAV_38,BIDIR,0.553,0.002,0.0,0.0,10,10,UAV-UAV,UP,60000
100,UAV_34,UAV_41,BIDIR,1.005,0.003,0.0,0.0,10,10,UAV-UAV,UP,60000
100,UAV_34,UAV_47,BIDIR,1.145,0.004,0.0,0.0,10,10,UAV-UAV,UP,60000
100,UAV_34,UAV_44,BIDIR,1.517,0.005,0.001,0.0,10,10,UAV-UAV,UP,60000
100,UAV_34,UAV_19,BIDIR,1.577,0.005,0.001,0.0,10,10,UAV-UAV,UP,60000
100,UAV_34,UAV_04,BIDIR,1.595,0.005,0.001,0.0,10,10,UAV-UAV,UP,60000
100,UAV_34,UAV_03,BIDIR,1.683,0.006,0.001,0.0,10,10,UAV-UAV,UP,60000
100,UAV_34,UAV_07,BIDIR,1.792,0.006,0.001,0.0,10,10,UAV-UAV,UP,60000
100,UAV_34,UAV_22,BIDIR,1.852,0.006,0.001,0.0,10,10,UAV-UAV,UP,60000
100,UAV_34,UAV_18,BIDIR,1.98,0.007,0.001,0.0,10,10,UAV-UAV,UP,60000
100,UAV_34,UAV_01,BIDIR,2.031,0.007,0.001,0.0,10,10,UAV-UAV,UP,60000
100,UAV_35,UAV_42,BIDIR,0.217,0.001,0.0,0.0,10,10,UAV-UAV,UP,60000
100,UAV_35,UAV_45,BIDIR,0.386,0.001,0.0,0.0,10,10,UAV-UAV,UP,60000
100,UAV_35,UAV_48,BIDIR,0.613,0.002,0.0,0.0,10,10,UAV-UAV,UP,60000
100,UAV_35,UAV_39,BIDIR,1.095,0.004,0.0,0.0,10,10,UAV-UAV,UP,60000
100,UAV_35,UAV_08,BIDIR,1.593,0.005,0.001,0.0,10,10,UAV-UAV,UP,60000
100,UAV_35,UAV_04,BIDIR,1.73,0.006,0.001,0.0,10,10,UAV-UAV,UP,60000
100,UAV_36,UAV_43,BIDIR,0.844,0.003,0.0,0.0,10,10,UAV-UAV,UP,60000
100,UAV_36,UAV_46,BIDIR,1.011,0.003,0.0,0.0,10,10,UAV-UAV,UP,60000
100,UAV_36,UAV_40,BIDIR,1.617,0.005,0.001,0.0,10,10,UAV-UAV,UP,60000
100,UAV_36,UAV_02,BIDIR,1.74,0.006,0.001,0.0,10,10,UAV-UAV,UP,60000
100,UAV_36,UAV_31,BIDIR,1.952,0.007,0.001,0.0,10,10,UAV-UAV,UP,60000
100,UAV_36,UAV_06,BIDIR,1.976,0.007,0.001,0.0,10,10,UAV-UAV,UP,60000
100,UAV_36,UAV_49,BIDIR,2.028,0.007,0.001,0.0,10,10,UAV-UAV,UP,60000
100,UAV_36,UAV_01,BIDIR,2.092,0.007,0.001,0.0,10,10,UAV-UAV,UP,60000
100,UAV_36,UAV_14,BIDIR,2.194,0.007,0.001,0.0,10,10,UAV-UAV,UP,60000
100,UAV_36,UAV_39,BIDIR,2.205,0.007,0.001,0.0,10,10,UAV-UAV,UP,60000
100,UAV_37,UAV_44,BIDIR,1.685,0.006,0.001,0.0,10,10,UAV-UAV,UP,60000
100,UAV_37,UAV_49,BIDIR,1.716,0.006,0.001,0.0,10,10,UAV-UAV,UP,60000
100,UAV_37,UAV_03,BIDIR,1.796,0.006,0.001,0.0,10,10,UAV-UAV,UP,60000
100,UAV_37,UAV_11,BIDIR,1.884,0.006,0.001,0.0,10,10,UAV-UAV,UP,60000
100,UAV_37,UAV_40,BIDIR,1.887,0.006,0.001,0.0,10,10,UAV-UAV,UP,60000
100,UAV_37,UAV_13,BIDIR,1.992,0.007,0.001,0.0,10,10,UAV-UAV,UP,60000
100,UAV_37,UAV_41,BIDIR,2.109,0.007,0.001,0.0,10,10,UAV-UAV,UP,60000
100,UAV_37,UAV_01,BIDIR,2.121,0.007,0.001,0.0,10,10,UAV-UAV,UP,60000
100,UAV_37,UAV_47,BIDIR,2.137,0.007,0.001,0.0,10,10,UAV-UAV,UP,60000
100,UAV_37,UAV_02,BIDIR,2.155,0.007,0.001,0.0,10,10,UAV-UAV,UP,60000
100,UAV_37,UAV_29,BIDIR,2.339,0.008,0.001,0.0,10,10,UAV-UAV,UP,60000
100,UAV_38,UAV_50,BIDIR,0.481,0.002,0.0,0.0,10,10,UAV-UAV,UP,60000
100,UAV_38,UAV_41,BIDIR,1.557,0.005,0.001,0.0,10,10,UAV-UAV,UP,60000
100,UAV_38,UAV_04,BIDIR,1.607,0.005,0.001,0.0,10,10,UAV-UAV,UP,60000
100,UAV_38,UAV_47,BIDIR,1.693,0.006,0.001,0.0,10,10,UAV-UAV,UP,60000
100,UAV_38,UAV_18,BIDIR,1.7,0.006,0.001,0.0,10,10,UAV-UAV,UP,60000
100,UAV_38,UAV_03,BIDIR,1.911,0.006,0.001,0.0,10,10,UAV-UAV,UP,60000
100,UAV_38,UAV_44,BIDIR,2.068,0.007,0.001,0.0,10,10,UAV-UAV,UP,60000
100,UAV_38,UAV_23,BIDIR,2.094,0.007,0.001,0.0,10,10,UAV-UAV,UP,60000
100,UAV_38,UAV_12,BIDIR,2.11,0.007,0.001,0.0,10,10,UAV-UAV,UP,60000
100,UAV_39,UAV_48,BIDIR,0.724,0.002,0.0,0.0,10,10,UAV-UAV,UP,60000
100,UAV_39,UAV_42,BIDIR,1.221,0.004,0.0,0.0,10,10,UAV-UAV,UP,60000
100,UAV_39,UAV_12,BIDIR,1.315,0.004,0.0,0.0,10,10,UAV-UAV,UP,60000
100,UAV_39,UAV_45,BIDIR,1.429,0.005,0.0,0.0,10,10,UAV-UAV,UP,60000
100,UAV_39,UAV_18,BIDIR,1.691,0.006,0.001,0.0,10,10,UAV-UAV,UP,60000
100,UAV_39,UAV_22,BIDIR,1.905,0.006,0.001,0.0,10,10,UAV-UAV,UP,60000
100,UAV_39,UAV_09,BIDIR,2.011,0.007,0.001,0.0,10,10,UAV-UAV,UP,60000
100,UAV_39,UAV_02,BIDIR,2.067,0.007,0.001,0.0,10,10,UAV-UAV,UP,60000
100,UAV_39,UAV_19,BIDIR,2.116,0.007,0.001,0.0,10,10,UAV-UAV,UP,60000
100,UAV_39,UAV_15,BIDIR,2.141,0.007,0.001,0.0,10,10,UAV-UAV,UP,60000
100,UAV_39,UAV_04,BIDIR,2.153,0.007,0.001,0.0,10,10,UAV-UAV,UP,60000
100,UAV_39,UAV_01,BIDIR,2.179,0.007,0.001,0.0,10,10,UAV-UAV,UP,60000
100,UAV_40,UAV_49,BIDIR,0.413,0.001,0.0,0.0,10,10,UAV-UAV,UP,60000
100,UAV_40,UAV_46,BIDIR,0.768,0.003,0.0,0.0,10,10,UAV-UAV,UP,60000
100,UAV_40,UAV_43,BIDIR,0.88,0.003,0.0,0.0,10,10,UAV-UAV,UP,60000
100,UAV_40,UAV_09,BIDIR,1.567,0.005,0.001,0.0,10,10,UAV-UAV,UP,60000
100,UAV_40,UAV_05,BIDIR,1.838,0.006,0.001,0.0,10,10,UAV-UAV,UP,60000
100,UAV_40,UAV_02,BIDIR,1.947,0.006,0.001,0.0,10,10,UAV-UAV,UP,60000
100,UAV_40,UAV_07,BIDIR,2.143,0.007,0.001,0.0,10,10,UAV-UAV,UP,60000
100,UAV_40,UAV_28,BIDIR,2.147,0.007,0.001,0.0,10,10,UAV-UAV,UP,60000
100,UAV_40,UAV_01,BIDIR,2.208,0.007,0.001,0.0,10,10,UAV-UAV,UP,60000
100,UAV_41,UAV_47,BIDIR,0.177,0.001,0.0,0.0,10,10,UAV-UAV,UP,60000
100,UAV_41,UAV_44,BIDIR,0.54,0.002,0.0,0.0,10,10,UAV-UAV,UP,60000
100,UAV_41,UAV_50,BIDIR,1.345,0.004,0.0,0.0,10,10,UAV-UAV,UP,60000
100,UAV_41,UAV_10,BIDIR,1.434,0.005,0.0,0.0,10,10,UAV-UAV,UP,60000
100,UAV_41,UAV_03,BIDIR,1.755,0.006,0.001,0.0,10,10,UAV-UAV,UP,60000
100,UAV_41,UAV_05,BIDIR,1.97,0.007,0.001,0.0,10,10,UAV-UAV,UP,60000
100,UAV_41,UAV_04,BIDIR,2.052,0.007,0.001,0.0,10,10,UAV-UAV,UP,60000
100,UAV_41,UAV_08,BIDIR,2.055,0.007,0.001,0.0,10,10,UAV-UAV,UP,60000
100,UAV_41,UAV_01,BIDIR,2.236,0.007,0.001,0.0,10,10,UAV-UAV,UP,60000
100,UAV_41,UAV_20,BIDIR,2.262,0.008,0.001,0.0,10,10,UAV-UAV,UP,60000
100,UAV_42,UAV_45,BIDIR,0.209,0.001,0.0,0.0,10,10,UAV-UAV,UP,60000
100,UAV_42,UAV_48,BIDIR,0.623,0.002,0.0,0.0,10,10,UAV-UAV,UP,60000
100,UAV_42,UAV_16,BIDIR,1.707,0.006,0.001,0.0,10,10,UAV-UAV,UP,60000
100,UAV_42,UAV_08,BIDIR,1.746,0.006,0.001,0.0,10,10,UAV-UAV,UP,60000
100,UAV_42,UAV_04,BIDIR,1.906,0.006,0.001,0.0,10,10,UAV-UAV,UP,60000
100,UAV_43,UAV_46,BIDIR,0.167,0.001,0.0,0.0,10,10,UAV-UAV,UP,60000
100,UAV_43,UAV_49,BIDIR,1.265,0.004,0.0,0.0,10,10,UAV-UAV,UP,60000
100,UAV_43,UAV_06,BIDIR,1.872,0.006,0.001,0.0,10,10,UAV-UAV,UP,60000
100,UAV_43,UAV_14,BIDIR,1.889,0.006,0.001,0.0,10,10,UAV-UAV,UP,60000
100,UAV_43,UAV_02,BIDIR,1.956,0.007,0.001,0.0,10,10,UAV-UAV,UP,60000
100,UAV_43,UAV_25,BIDIR,2.017,0.007,0.001,0.0,10,10,UAV-UAV,UP,60000
100,UAV_43,UAV_16,BIDIR,2.156,0.007,0.001,0.0,10,10,UAV-UAV,UP,60000
100,UAV_43,UAV_05,BIDIR,2.188,0.007,0.001,0.0,10,10,UAV-UAV,UP,60000
100,UAV_43,UAV_01,BIDIR,2.291,0.008,0.001,0.0,10,10,UAV-UAV,UP,60000
100,UAV_43,UAV_07,BIDIR,2.544,0.008,0.001,0.0,10,10,UAV-UAV,UP,60000
100,UAV_44,UAV_47,BIDIR,0.487,0.002,0.0,0.0,10,10,UAV-UAV,UP,60000
100,UAV_44,UAV_10,BIDIR,1.728,0.006,0.001,0.0,10,10,UAV-UAV,UP,60000
100,UAV_44,UAV_03,BIDIR,1.819,0.006,0.001,0.0,10,10,UAV-UAV,UP,60000
100,UAV_44,UAV_50,BIDIR,1.884,0.006,0.001,0.0,10,10,UAV-UAV,UP,60000
100,UAV_44,UAV_05,BIDIR,1.894,0.006,0.001,0.0,10,10,UAV-UAV,UP,60000
100,UAV_44,UAV_14,BIDIR,2.075,0.007,0.001,0.0,10,10,UAV-UAV,UP,60000
100,UAV_44,UAV_06,BIDIR,2.17,0.007,0.001,0.0,10,10,UAV-UAV,UP,60000
100,UAV_44,UAV_04,BIDIR,2.275,0.008,0.001,0.0,10,10,UAV-UAV,UP,60000
100,UAV_44,UAV_01,BIDIR,2.318,0.008,0.001,0.0,10,10,UAV-UAV,UP,60000
100,UAV_45,UAV_48,BIDIR,0.813,0.003,0.0,0.0,10,10,UAV-UAV,UP,60000
100,UAV_45,UAV_08,BIDIR,1.751,0.006,0.001,0.0,10,10,UAV-UAV,UP,60000
100,UAV_45,UAV_16,BIDIR,1.887,0.006,0.001,0.0,10,10,UAV-UAV,UP,60000
100,UAV_45,UAV_04,BIDIR,1.942,0.006,0.001,0.0,10,10,UAV-UAV,UP,60000
100,UAV_45,UAV_25,BIDIR,2.168,0.007,0.001,0.0,10,10,UAV-UAV,UP,60000
100,UAV_46,UAV_49,BIDIR,1.133,0.004,0.0,0.0,10,10,UAV-UAV,UP,60000
100,UAV_46,UAV_14,BIDIR,1.877,0.006,0.001,0.0,10,10,UAV-UAV,UP,60000
100,UAV_46,UAV_06,BIDIR,1.903,0.006,0.001,0.0,10,10,UAV-UAV,UP,60000
100,UAV_46,UAV_02,BIDIR,2.044,0.007,0.001,0.0,10,10,UAV-UAV,UP,60000
100,UAV_46,UAV_25,BIDIR,2.178,0.007,0.001,0.0,10,10,UAV-UAV,UP,60000
100,UAV_46,UAV_05,BIDIR,2.22,0.007,0.001,0.0,10,10,UAV-UAV,UP,60000
100,UAV_46,UAV_16,BIDIR,2.306,0.008,0.001,0.0,10,10,UAV-UAV,UP,60000
100,UAV_46,UAV_01,BIDIR,2.372,0.008,0.001,0.0,10,10,UAV-UAV,UP,60000
100,UAV_46,UAV_33,BIDIR,2.564,0.009,0.001,0.0,10,10,UAV-UAV,UP,60000
100,UAV_47,UAV_50,BIDIR,1.445,0.005,0.0,0.0,10,10,UAV-UAV,UP,60000
100,UAV_47,UAV_10,BIDIR,1.61,0.005,0.001,0.0,10,10,UAV-UAV,UP,60000
100,UAV_47,UAV_07,BIDIR,1.74,0.006,0.001,0.0,10,10,UAV-UAV,UP,60000
100,UAV_47,UAV_03,BIDIR,1.912,0.006,0.001,0.0,10,10,UAV-UAV,UP,60000
100,UAV_47,UAV_05,BIDIR,2.104,0.007,0.001,0.0,10,10,UAV-UAV,UP,60000
100,UAV_47,UAV_04,BIDIR,2.227,0.007,0.001,0.0,10,10,UAV-UAV,UP,60000
100,UAV_47,UAV_08,BIDIR,2.231,0.007,0.001,0.0,10,10,UAV-UAV,UP,60000
100,UAV_47,UAV_01,BIDIR,2.398,0.008,0.001,0.0,10,10,UAV-UAV,UP,60000
100,UAV_47,UAV_14,BIDIR,2.398,0.008,0.001,0.0,10,10,UAV-UAV,UP,60000
100,UAV_48,UAV_12,BIDIR,1.314,0.004,0.0,0.0,10,10,UAV-UAV,UP,60000
100,UAV_48,UAV_19,BIDIR,1.864,0.006,0.001,0.0,10,10,UAV-UAV,UP,60000
100,UAV_48,UAV_21,BIDIR,1.941,0.006,0.001,0.0,10,10,UAV-UAV,UP,60000
100,UAV_48,UAV_20,BIDIR,2.029,0.007,0.001,0.0,10,10,UAV-UAV,UP,60000
100,UAV_48,UAV_08,BIDIR,2.126,0.007,0.001,0.0,10,10,UAV-UAV,UP,60000
100,UAV_48,UAV_04,BIDIR,2.208,0.007,0.001,0.0,10,10,UAV-UAV,UP,60000
100,UAV_49,UAV_06,BIDIR,1.717,0.006,0.001,0.0,10,10,UAV-UAV,UP,60000
100,UAV_49,UAV_09,BIDIR,1.921,0.006,0.001,0.0,10,10,UAV-UAV,UP,60000
100,UAV_49,UAV_05,BIDIR,1.981,0.007,0.001,0.0,10,10,UAV-UAV,UP,60000
100,UAV_49,UAV_02,BIDIR,2.226,0.007,0.001,0.0,10,10,UAV-UAV,UP,60000
100,UAV_49,UAV_07,BIDIR,2.243,0.007,0.001,0.0,10,10,UAV-UAV,UP,60000
100,UAV_49,UAV_01,BIDIR,2.449,0.008,0.001,0.0,10,10,UAV-UAV,UP,60000
100,UAV_50,UAV_20,BIDIR,1.583,0.005,0.001,0.0,10,10,UAV-UAV,UP,60000
100,UAV_50,UAV_21,BIDIR,1.664,0.006,0.001,0.0,10,10,UAV-UAV,UP,60000
100,UAV_50,UAV_19,BIDIR,1.751,0.006,0.001,0.0,10,10,UAV-UAV,UP,60000
100,UAV_50,UAV_08,BIDIR,1.778,0.006,0.001,0.0,10,10,UAV-UAV,UP,60000
100,UAV_50,UAV_04,BIDIR,1.984,0.007,0.001,0.0,10,10,UAV-UAV,UP,60000
100,UAV_50,UAV_22,BIDIR,2.001,0.007,0.001,0.0,10,10,UAV-UAV,UP,60000
100,UAV_50,UAV_03,BIDIR,2.161,0.007,0.001,0.0,10,10,UAV-UAV,UP,60000
100,UAV_50,UAV_18,BIDIR,2.176,0.007,0.001,0.0,10,10,UAV-UAV,UP,60000
100,UAV_50,UAV_07,BIDIR,2.292,0.008,0.001,0.0,10,10,UAV-UAV,UP,60000
100,UAV_50,UAV_01,BIDIR,2.475,0.008,0.001,0.0,10,10,UAV-UAV,UP,60000
