time_ms,req_id,node_id,content_id,file_size_MB,algo,path,server_node,latency_ms,throughput_mbps,http_code,cache_status,download_time
100,1,GS_01,telemetry_UAV_01,0.1,Optimized,"['GS_01', 'SAT_63188', 'UAV_01']",UAV_01,5.760611118218607,20.0,200,HIT,45.760611118218605
100,2,GS_01,telemetry_UAV_05,0.1,Optimized,"['GS_01', 'SAT_63188', 'UAV_05']",UAV_05,5.229618516709586,20.0,200,HIT,45.229618516709586
100,3,GS_01,low_res_img_UAV_05,5.0,Optimized,"['GS_01', 'SAT_63188', 'UAV_05']",UAV_05,5.711473771926444,20.0,200,HIT,2005.7114737719264
100,4,GS_01,low_res_img_UAV_01,5.0,Optimized,"['GS_01', 'SAT_63188', 'UAV_01']",UAV_01,5.592191011676859,20.0,200,HIT,2005.592191011677
1100,5,GS_01,telemetry_UAV_01,0.1,Optimized,"['GS_01', 'SAT_63188', 'UAV_01']",UAV_01,5.517583773861249,20.0,200,HIT,45.51758377386125
1100,6,GS_01,telemetry_UAV_05,0.1,Optimized,"['GS_01', 'SAT_63188', 'UAV_05']",UAV_05,5.161073047183605,20.0,200,HIT,45.161073047183606
1600,7,UAV_01,status_update_UAV_05,0.2,Optimized,"['UAV_01', 'UAV_05']",UAV_05,0.013951447450034234,10.0,200,HIT,160.01395144745004
2100,8,GS_01,low_res_img_UAV_05,5.0,Optimized,"['GS_01', 'SAT_63188', 'UAV_05']",UAV_05,5.145770226430113,20.0,200,HIT,2005.1457702264302
2100,9,GS_01,telemetry_UAV_05,0.1,Optimized,"['GS_01', 'SAT_63188', 'UAV_05']",UAV_05,5.220414024942704,20.0,200,HIT,45.220414024942706
2100,10,GS_01,telemetry_UAV_01,0.1,Optimized,"['GS_01', 'SAT_63188', 'UAV_01']",UAV_01,5.599438376500249,20.0,200,HIT,45.599438376500245
2100,11,GS_01,low_res_img_UAV_01,5.0,Optimized,"['GS_01', 'SAT_63188', 'UAV_01']",UAV_01,5.169494759843559,20.0,200,HIT,2005.1694947598435
3100,12,GS_01,telemetry_UAV_01,0.1,Optimized,"['GS_01', 'SAT_63188', 'UAV_01']",UAV_01,5.569292024411112,20.0,200,HIT,45.56929202441111
3100,13,GS_01,telemetry_UAV_05,0.1,Optimized,"['GS_01', 'SAT_63188', 'UAV_05']",UAV_05,5.202418278622478,20.0,200,HIT,45.202418278622474
4100,14,GS_01,telemetry_UAV_01,0.1,Optimized,"['GS_01', 'SAT_63188', 'UAV_01']",UAV_01,5.731029516274145,20.0,200,HIT,45.73102951627415
4100,15,GS_01,telemetry_UAV_05,0.1,Optimized,"['GS_01', 'SAT_63188', 'UAV_05']",UAV_05,5.76937910957712,20.0,200,HIT,45.769379109577116
4100,16,GS_01,low_res_img_UAV_05,5.0,Optimized,"['GS_01', 'SAT_63188', 'UAV_05']",UAV_05,5.186159453678249,20.0,200,HIT,2005.1861594536783
4100,17,GS_01,low_res_img_UAV_01,5.0,Optimized,"['GS_01', 'SAT_63188', 'UAV_01']",UAV_01,5.389916898256928,20.0,200,HIT,2005.3899168982568
5100,18,GS_01,telemetry_UAV_01,0.1,Optimized,"['GS_01', 'SAT_63188', 'UAV_01']",UAV_01,5.505997052105544,20.0,200,HIT,45.50599705210554
5100,19,GS_01,telemetry_UAV_05,0.1,Optimized,"['GS_01', 'SAT_63188', 'UAV_05']",UAV_05,5.256935018073117,20.0,200,HIT,45.256935018073115
6100,20,GS_01,telemetry_UAV_05,0.1,Optimized,"['GS_01', 'SAT_63188', 'UAV_05']",UAV_05,5.549118554639991,20.0,200,HIT,45.54911855463999
6100,21,GS_01,low_res_img_UAV_05,5.0,Optimized,"['GS_01', 'SAT_63188', 'UAV_05']",UAV_05,5.783948135282728,20.0,200,HIT,2005.7839481352828
6100,22,GS_01,telemetry_UAV_01,0.1,Optimized,"['GS_01', 'SAT_63188', 'UAV_01']",UAV_01,5.50310739776053,20.0,200,HIT,45.50310739776053
6100,23,GS_01,low_res_img_UAV_01,5.0,Optimized,"['GS_01', 'SAT_63188', 'UAV_01']",UAV_01,5.373152239980426,20.0,200,HIT,2005.3731522399805
7100,24,GS_01,telemetry_UAV_05,0.1,Optimized,"['GS_01', 'SAT_63188', 'UAV_05']",UAV_05,5.6688646671051846,20.0,200,HIT,45.66886466710518
7100,25,GS_01,telemetry_UAV_01,0.1,Optimized,"['GS_01', 'SAT_63188', 'UAV_01']",UAV_01,5.450999332035218,20.0,200,HIT,45.45099933203522
8100,26,GS_01,telemetry_UAV_01,0.1,Optimized,"['GS_01', 'SAT_63188', 'UAV_01']",UAV_01,5.677012702068369,20.0,200,HIT,45.67701270206837
8100,27,GS_01,telemetry_UAV_05,0.1,Optimized,"['GS_01', 'SAT_63188', 'UAV_05']",UAV_05,5.347223641256811,20.0,200,HIT,45.34722364125681
8100,28,GS_01,low_res_img_UAV_05,5.0,Optimized,"['GS_01', 'SAT_63188', 'UAV_05']",UAV_05,5.642493199142692,20.0,200,HIT,2005.6424931991428
8100,29,GS_01,low_res_img_UAV_01,5.0,Optimized,"['GS_01', 'SAT_63188', 'UAV_01']",UAV_01,5.236402784591786,20.0,200,HIT,2005.2364027845917
9100,30,GS_01,telemetry_UAV_01,0.1,Optimized,"['GS_01', 'SAT_63188', 'UAV_01']",UAV_01,5.187350184871003,20.0,200,HIT,45.187350184871
9100,31,GS_01,telemetry_UAV_05,0.1,Optimized,"['GS_01', 'SAT_63188', 'UAV_05']",UAV_05,5.000268968290257,20.0,200,HIT,45.00026896829026
10100,32,UAV_01,fuel_status_UAV_05,0.1,Optimized,"['UAV_01', 'UAV_05']",UAV_05,0.012445068063438662,10.0,200,HIT,80.01244506806344
10100,33,GS_01,telemetry_UAV_05,0.1,Optimized,"['GS_01', 'SAT_63188', 'UAV_05']",UAV_05,6.204450443122134,20.0,200,HIT,46.204450443122134
10100,34,GS_01,low_res_img_UAV_05,5.0,Optimized,"['GS_01', 'SAT_63188', 'UAV_05']",UAV_05,5.839009941481521,20.0,200,HIT,2005.8390099414814
10100,35,GS_01,telemetry_UAV_01,0.1,Optimized,"['GS_01', 'SAT_63188', 'UAV_01']",UAV_01,6.259480469767844,20.0,200,HIT,46.259480469767844
10100,36,GS_01,low_res_img_UAV_01,5.0,Optimized,"['GS_01', 'SAT_63188', 'UAV_01']",UAV_01,5.832981541475632,20.0,200,HIT,2005.8329815414756
11100,37,GS_01,telemetry_UAV_05,0.1,Optimized,"['GS_01', 'SAT_63188', 'UAV_05']",UAV_05,5.918928236771277,20.0,200,HIT,45.91892823677128
11100,38,GS_01,telemetry_UAV_01,0.1,Optimized,"['GS_01', 'SAT_63188', 'UAV_01']",UAV_01,5.508909510278805,20.0,200,HIT,45.508909510278805
12100,39,GS_01,telemetry_UAV_05,0.1,Optimized,"['GS_01', 'SAT_63188', 'UAV_05']",UAV_05,6.278586982885673,20.0,200,HIT,46.27858698288567
12100,40,GS_01,telemetry_UAV_01,0.1,Optimized,"['GS_01', 'SAT_63188', 'UAV_01']",UAV_01,5.841298867005191,20.0,200,HIT,45.84129886700519
12100,41,GS_01,low_res_img_UAV_01,5.0,Optimized,"['GS_01', 'SAT_63188', 'UAV_01']",UAV_01,6.264580099709246,20.0,200,HIT,2006.2645800997093
12100,42,GS_01,low_res_img_UAV_05,5.0,Optimized,"['GS_01', 'SAT_63188', 'UAV_05']",UAV_05,5.86984727912261,20.0,200,HIT,2005.8698472791227
13100,43,GS_01,telemetry_UAV_01,0.1,Optimized,"['GS_01', 'SAT_63188', 'UAV_01']",UAV_01,5.64464344730669,20.0,200,HIT,45.64464344730669
13100,44,GS_01,telemetry_UAV_05,0.1,Optimized,"['GS_01', 'SAT_63188', 'UAV_05']",UAV_05,5.432278077085019,20.0,200,HIT,45.432278077085016
14100,45,GS_01,telemetry_UAV_01,0.1,Optimized,"['GS_01', 'SAT_63188', 'UAV_01']",UAV_01,5.853338131010836,20.0,200,HIT,45.85333813101084
14100,46,GS_01,telemetry_UAV_05,0.1,Optimized,"['GS_01', 'SAT_63188', 'UAV_05']",UAV_05,5.899928061017622,20.0,200,HIT,45.89992806101762
14100,47,GS_01,low_res_img_UAV_01,5.0,Optimized,"['GS_01', 'SAT_63188', 'UAV_01']",UAV_01,5.941385728987315,20.0,200,HIT,2005.9413857289874
14100,48,GS_01,low_res_img_UAV_05,5.0,Optimized,"['GS_01', 'SAT_63188', 'UAV_05']",UAV_05,5.6591941236027425,20.0,200,HIT,2005.6591941236027
15100,49,GS_01,telemetry_UAV_05,0.1,Optimized,"['GS_01', 'SAT_63188', 'UAV_05']",UAV_05,5.615639919901563,20.0,200,HIT,45.61563991990156
15100,50,GS_01,telemetry_UAV_01,0.1,Optimized,"['GS_01', 'SAT_63188', 'UAV_01']",UAV_01,5.648018543576553,20.0,200,HIT,45.648018543576555
16100,51,GS_01,low_res_img_UAV_01,5.0,Optimized,"['GS_01', 'SAT_63188', 'UAV_01']",UAV_01,5.795738614828277,20.0,200,HIT,2005.7957386148282
16100,52,GS_01,telemetry_UAV_01,0.1,Optimized,"['GS_01', 'SAT_63188', 'UAV_01']",UAV_01,5.84048035784498,20.0,200,HIT,45.84048035784498
16100,53,GS_01,telemetry_UAV_05,0.1,Optimized,"['GS_01', 'SAT_63188', 'UAV_05']",UAV_05,5.660715941920877,20.0,200,HIT,45.66071594192088
16100,54,GS_01,low_res_img_UAV_05,5.0,Optimized,"['GS_01', 'SAT_63188', 'UAV_05']",UAV_05,6.366186330124665,20.0,200,HIT,2006.3661863301247
17100,55,GS_01,telemetry_UAV_01,0.1,Optimized,"['GS_01', 'SAT_63188', 'UAV_01']",UAV_01,5.628892942685491,20.0,200,HIT,45.62889294268549
17100,56,GS_01,telemetry_UAV_05,0.1,Optimized,"['GS_01', 'SAT_63188', 'UAV_05']",UAV_05,5.991453426879328,20.0,200,HIT,45.99145342687933
18100,57,GS_01,low_res_img_UAV_05,5.0,Optimized,"['GS_01', 'SAT_63188', 'UAV_05']",UAV_05,5.533423682663375,20.0,200,HIT,2005.5334236826634
18100,58,GS_01,telemetry_UAV_01,0.1,Optimized,"['GS_01', 'SAT_63188', 'UAV_01']",UAV_01,5.642273892627281,20.0,200,HIT,45.64227389262728
18100,59,GS_01,telemetry_UAV_05,0.1,Optimized,"['GS_01', 'SAT_63188', 'UAV_05']",UAV_05,5.773257253277228,20.0,200,HIT,45.77325725327723
18100,60,GS_01,low_res_img_UAV_01,5.0,Optimized,"['GS_01', 'SAT_63188', 'UAV_01']",UAV_01,5.517039416245753,20.0,200,HIT,2005.5170394162458
19100,61,GS_01,telemetry_UAV_01,0.1,Optimized,"['GS_01', 'SAT_63188', 'UAV_01']",UAV_01,5.8463629636843635,20.0,200,HIT,45.84636296368436
19100,62,GS_01,telemetry_UAV_05,0.1,Optimized,"['GS_01', 'SAT_63188', 'UAV_05']",UAV_05,5.452721972999505,20.0,200,HIT,45.452721972999505
20000,63,GS_01,telemetry_UAV_01,0.1,Optimized,"['GS_01', 'SAT_63188', 'UAV_01']",UAV_01,6.149346769811489,20.0,200,HIT,46.14934676981149
20100,64,GS_01,telemetry_UAV_05,0.1,Optimized,"['GS_01', 'SAT_63188', 'UAV_05']",UAV_05,6.092322769098166,20.0,200,HIT,46.09232276909817
20100,65,GS_01,low_res_img_UAV_05,5.0,Optimized,"['GS_01', 'SAT_63188', 'UAV_05']",UAV_05,6.302188621151833,20.0,200,HIT,2006.3021886211518
20100,66,GS_01,low_res_img_UAV_01,5.0,Optimized,"['GS_01', 'SAT_63188', 'UAV_01']",UAV_01,6.285088433874758,20.0,200,HIT,2006.2850884338748
21100,67,GS_01,telemetry_UAV_01,0.1,Optimized,"['GS_01', 'SAT_63188', 'UAV_01']",UAV_01,5.819353564637723,20.0,200,HIT,45.81935356463772
21100,68,GS_01,telemetry_UAV_05,0.1,Optimized,"['GS_01', 'SAT_63188', 'UAV_05']",UAV_05,6.040457096481489,20.0,200,HIT,46.04045709648149
21100,69,UAV_01,target_location_update,0.3,Optimized,"['UAV_01', 'SAT_63188', 'GS_01']",GS_01,6.304434990020209,20.0,200,HIT,126.30443499002021
21100,70,UAV_05,target_location_update,0.3,Optimized,"['UAV_05', 'SAT_63188', 'GS_01']",GS_01,6.50374029553125,20.0,200,HIT,126.50374029553124
22100,71,GS_01,telemetry_UAV_05,0.1,Optimized,"['GS_01', 'SAT_63188', 'UAV_05']",UAV_05,5.889180979103232,20.0,200,HIT,45.88918097910323
22100,72,GS_01,telemetry_UAV_01,0.1,Optimized,"['GS_01', 'SAT_63188', 'UAV_01']",UAV_01,6.44419569033435,20.0,200,HIT,46.444195690334354
22100,73,GS_01,low_res_img_UAV_01,5.0,Optimized,"['GS_01', 'SAT_63188', 'UAV_01']",UAV_01,6.085165377495841,20.0,200,HIT,2006.0851653774957
22100,74,GS_01,low_res_img_UAV_05,5.0,Optimized,"['GS_01', 'SAT_63188', 'UAV_05']",UAV_05,5.822997648078125,20.0,200,HIT,2005.8229976480782
23100,75,GS_01,telemetry_UAV_01,0.1,Optimized,"['GS_01', 'SAT_63188', 'UAV_01']",UAV_01,6.665160106075031,20.0,200,HIT,46.66516010607503
23100,76,GS_01,telemetry_UAV_05,0.1,Optimized,"['GS_01', 'SAT_63188', 'UAV_05']",UAV_05,5.985749948323894,20.0,200,HIT,45.98574994832389
24100,77,GS_01,telemetry_UAV_05,0.1,Optimized,"['GS_01', 'SAT_63188', 'UAV_05']",UAV_05,6.485826439557662,20.0,200,HIT,46.48582643955766
24100,78,GS_01,telemetry_UAV_01,0.1,Optimized,"['GS_01', 'SAT_63188', 'UAV_01']",UAV_01,6.074690718547371,20.0,200,HIT,46.07469071854737
24100,79,UAV_01,target_location_update,0.3,Optimized,"['UAV_01', 'SAT_63188', 'GS_01']",GS_01,6.9339834797513085,20.0,200,HIT,126.9339834797513
24100,80,GS_01,low_res_img_UAV_05,5.0,Optimized,"['GS_01', 'SAT_63188', 'UAV_05']",UAV_05,5.956759839493519,20.0,200,HIT,2005.9567598394935
24100,81,UAV_05,target_location_update,0.3,Optimized,"['UAV_05', 'SAT_63188', 'GS_01']",GS_01,6.466583452643736,20.0,200,HIT,126.46658345264373
24100,82,GS_01,low_res_img_UAV_01,5.0,Optimized,"['GS_01', 'SAT_63188', 'UAV_01']",UAV_01,5.9568426653950475,20.0,200,HIT,2005.956842665395
25100,83,GS_01,telemetry_UAV_05,0.1,Optimized,"['GS_01', 'SAT_63188', 'UAV_05']",UAV_05,6.440625750471028,20.0,200,HIT,46.44062575047103
25100,84,GS_01,telemetry_UAV_01,0.1,Optimized,"['GS_01', 'SAT_63188', 'UAV_01']",UAV_01,6.394315924591978,20.0,200,HIT,46.39431592459198
26100,85,GS_01,telemetry_UAV_01,0.1,Optimized,"['GS_01', 'SAT_63188', 'UAV_01']",UAV_01,6.238672135649303,20.0,200,HIT,46.2386721356493
26100,86,GS_01,telemetry_UAV_05,0.1,Optimized,"['GS_01', 'SAT_63188', 'UAV_05']",UAV_05,6.8878909552366485,20.0,200,HIT,46.88789095523665
26100,87,GS_01,low_res_img_UAV_05,5.0,Optimized,"['GS_01', 'SAT_63188', 'UAV_05']",UAV_05,6.539157892432933,20.0,200,HIT,2006.539157892433
26100,88,GS_01,low_res_img_UAV_01,5.0,Optimized,"['GS_01', 'SAT_63188', 'UAV_01']",UAV_01,6.436933771380217,20.0,200,HIT,2006.4369337713802
27100,89,GS_01,telemetry_UAV_05,0.1,Optimized,"['GS_01', 'SAT_63188', 'UAV_05']",UAV_05,6.405684831180367,20.0,200,HIT,46.405684831180366
27100,90,GS_01,telemetry_UAV_01,0.1,Optimized,"['GS_01', 'SAT_63188', 'UAV_01']",UAV_01,6.5053017338902,20.0,200,HIT,46.5053017338902
27100,91,UAV_01,target_location_update,0.3,Optimized,"['UAV_01', 'SAT_63188', 'GS_01']",GS_01,6.354689144939295,20.0,200,HIT,126.3546891449393
27100,92,UAV_05,target_location_update,0.3,Optimized,"['UAV_05', 'SAT_63188', 'GS_01']",GS_01,6.8794459991429715,20.0,200,HIT,126.87944599914297
28100,93,GS_01,telemetry_UAV_01,0.1,Optimized,"['GS_01', 'SAT_63188', 'UAV_01']",UAV_01,6.535492235425338,20.0,200,HIT,46.53549223542534
28100,94,GS_01,low_res_img_UAV_01,5.0,Optimized,"['GS_01', 'SAT_63188', 'UAV_01']",UAV_01,6.9291076087538395,20.0,200,HIT,2006.9291076087538
28100,95,GS_01,telemetry_UAV_05,0.1,Optimized,"['GS_01', 'SAT_63188', 'UAV_05']",UAV_05,6.568713820163055,20.0,200,HIT,46.568713820163055
28100,96,GS_01,low_res_img_UAV_05,5.0,Optimized,"['GS_01', 'SAT_63188', 'UAV_05']",UAV_05,6.158041242311819,20.0,200,HIT,2006.1580412423118
29100,97,GS_01,telemetry_UAV_01,0.1,Optimized,"['GS_01', 'SAT_63188', 'UAV_01']",UAV_01,6.415966157665532,20.0,200,HIT,46.41596615766553
29100,98,GS_01,telemetry_UAV_05,0.1,Optimized,"['GS_01', 'SAT_63188', 'UAV_05']",UAV_05,6.397244097911585,20.0,200,HIT,46.39724409791158
30100,99,UAV_01,target_location_update,0.3,Optimized,"['UAV_01', 'SAT_67311', 'GS_01']",GS_01,6.322132923140965,20.0,200,HIT,126.32213292314097
30100,100,GS_01,telemetry_UAV_05,0.1,Optimized,"['GS_01', 'SAT_67311', 'UAV_05']",UAV_05,6.905244710880069,20.0,200,HIT,46.90524471088007
30100,101,GS_01,telemetry_UAV_01,0.1,Optimized,"['GS_01', 'SAT_67311', 'UAV_01']",UAV_01,6.5491952425722655,20.0,200,HIT,46.54919524257227
30100,102,UAV_05,target_location_update,0.3,Optimized,"['UAV_05', 'SAT_67311', 'GS_01']",GS_01,6.784555684986404,20.0,200,HIT,126.7845556849864
31100,103,GS_01,telemetry_UAV_05,0.1,Optimized,"['GS_01', 'SAT_67311', 'UAV_05']",UAV_05,6.766474949373533,20.0,200,HIT,46.76647494937353
31100,104,GS_01,telemetry_UAV_01,0.1,Optimized,"['GS_01', 'SAT_67311', 'UAV_01']",UAV_01,6.119522486512519,20.0,200,HIT,46.11952248651252
31500,105,UAV_01,collaboration_request_UAV_06,0.2,Optimized,['UAV_01'],UAV_01,0.0,inf,200,HIT,0.0
32100,106,GS_01,telemetry_UAV_01,0.1,Optimized,"['GS_01', 'SAT_67311', 'UAV_01']",UAV_01,6.0333701184029085,20.0,200,HIT,46.03337011840291
32100,107,GS_01,telemetry_UAV_05,0.1,Optimized,"['GS_01', 'SAT_67311', 'UAV_05']",UAV_05,6.802375021342116,20.0,200,HIT,46.802375021342115
33100,108,GS_01,telemetry_UAV_01,0.1,Optimized,"['GS_01', 'SAT_67311', 'UAV_01']",UAV_01,6.46944639867931,20.0,200,HIT,46.46944639867931
33100,109,GS_01,telemetry_UAV_05,0.1,Optimized,"['GS_01', 'SAT_67311', 'UAV_05']",UAV_05,6.107600265974309,20.0,200,HIT,46.10760026597431
33100,110,UAV_05,target_location_update,0.3,Optimized,"['UAV_05', 'SAT_67311', 'GS_01']",GS_01,6.450682945204836,20.0,200,HIT,126.45068294520483
33100,111,UAV_01,target_location_update,0.3,Optimized,"['UAV_01', 'SAT_67311', 'GS_01']",GS_01,6.169696880641377,20.0,200,HIT,126.16969688064138
34100,112,GS_01,telemetry_UAV_05,0.1,Optimized,"['GS_01', 'SAT_67311', 'UAV_05']",UAV_05,6.923858479259434,20.0,200,HIT,46.92385847925944
34100,113,GS_01,telemetry_UAV_01,0.1,Optimized,"['GS_01', 'SAT_67311', 'UAV_01']",UAV_01,6.958820004033933,20.0,200,HIT,46.95882000403393
35000,114,UAV_01,c2_converge_cmd,0.01,Optimized,"['UAV_01', 'SAT_67311', 'GS_01']",GS_01,6.480682517336996,20.0,200,HIT,10.480682517336996
35000,115,UAV_05,c2_converge_cmd,0.01,Optimized,"['UAV_05', 'SAT_67311', 'GS_01']",GS_01,6.7345683964711185,20.0,200,HIT,10.734568396471118
35100,116,GS_01,telemetry_UAV_05,0.1,Optimized,"['GS_01', 'SAT_67311', 'UAV_05']",UAV_05,6.2113108360536256,20.0,200,HIT,46.21131083605363
35100,117,GS_01,telemetry_UAV_01,0.1,Optimized,"['GS_01', 'SAT_67311', 'UAV_01']",UAV_01,6.547474776757949,20.0,200,HIT,46.54747477675795
36100,118,GS_01,telemetry_UAV_01,0.1,Optimized,"['GS_01', 'SAT_67311', 'UAV_01']",UAV_01,6.072929578792161,20.0,200,HIT,46.07292957879216
36100,119,GS_01,telemetry_UAV_05,0.1,Optimized,"['GS_01', 'SAT_67311', 'UAV_05']",UAV_05,6.4159731296206655,20.0,200,HIT,46.41597312962067
36100,120,UAV_01,target_location_update,0.3,Optimized,"['UAV_01', 'SAT_67311', 'GS_01']",GS_01,6.188744545305072,20.0,200,HIT,126.18874454530507
36100,121,UAV_05,target_location_update,0.3,Optimized,"['UAV_05', 'SAT_67311', 'GS_01']",GS_01,6.58898398934997,20.0,200,HIT,126.58898398934997
37100,122,GS_01,telemetry_UAV_05,0.1,Optimized,"['GS_01', 'SAT_67311', 'UAV_05']",UAV_05,6.214919284587006,20.0,200,HIT,46.214919284587005
37100,123,GS_01,telemetry_UAV_01,0.1,Optimized,"['GS_01', 'SAT_67311', 'UAV_01']",UAV_01,6.8221298708901905,20.0,200,HIT,46.822129870890194
38100,124,GS_01,telemetry_UAV_01,0.1,Optimized,"['GS_01', 'SAT_67311', 'UAV_01']",UAV_01,6.404559798464392,20.0,200,HIT,46.40455979846439
38100,125,GS_01,telemetry_UAV_05,0.1,Optimized,"['GS_01', 'SAT_67311', 'UAV_05']",UAV_05,6.745452581447392,20.0,200,HIT,46.745452581447395
39100,126,GS_01,telemetry_UAV_01,0.1,Optimized,"['GS_01', 'SAT_67311', 'UAV_01']",UAV_01,6.8597303378542485,20.0,200,HIT,46.859730337854245
39100,127,GS_01,telemetry_UAV_05,0.1,Optimized,"['GS_01', 'SAT_67311', 'UAV_05']",UAV_05,6.3974469042108675,20.0,200,HIT,46.39744690421087
39100,128,UAV_05,target_location_update,0.3,Optimized,"['UAV_05', 'SAT_67311', 'GS_01']",GS_01,6.52869257062191,20.0,200,HIT,126.52869257062191
39100,129,UAV_01,target_location_update,0.3,Optimized,"['UAV_01', 'SAT_67311', 'GS_01']",GS_01,6.166927534886177,20.0,200,HIT,126.16692753488618
40100,130,GS_01,telemetry_UAV_05,0.1,Optimized,"['GS_01', 'SAT_67311', 'UAV_05']",UAV_05,6.638018500802942,20.0,200,HIT,46.63801850080294
40100,131,GS_01,telemetry_UAV_01,0.1,Optimized,"['GS_01', 'SAT_67311', 'UAV_01']",UAV_01,6.291857831529643,20.0,200,HIT,46.29185783152964
41100,132,GS_01,telemetry_UAV_01,0.1,Optimized,"['GS_01', 'SAT_67311', 'UAV_01']",UAV_01,6.455702914489259,20.0,200,HIT,46.45570291448926
41100,133,GS_01,telemetry_UAV_05,0.1,Optimized,"['GS_01', 'SAT_67311', 'UAV_05']",UAV_05,6.425281996352318,20.0,200,HIT,46.42528199635232
42100,134,GS_01,telemetry_UAV_01,0.1,Optimized,"['GS_01', 'SAT_67311', 'UAV_01']",UAV_01,6.542341289652853,20.0,200,HIT,46.54234128965285
42100,135,GS_01,telemetry_UAV_05,0.1,Optimized,"['GS_01', 'SAT_67311', 'UAV_05']",UAV_05,6.742965860165603,20.0,200,HIT,46.742965860165604
42100,136,UAV_01,target_location_update,0.3,Optimized,"['UAV_01', 'SAT_67311', 'GS_01']",GS_01,6.547963572691128,20.0,200,HIT,126.54796357269113
42100,137,UAV_05,target_location_update,0.3,Optimized,"['UAV_05', 'SAT_67311', 'GS_01']",GS_01,6.200312007986506,20.0,200,HIT,126.20031200798651
43100,138,GS_01,telemetry_UAV_05,0.1,Optimized,"['GS_01', 'SAT_67311', 'UAV_05']",UAV_05,6.477218938491537,20.0,200,HIT,46.47721893849154
43100,139,GS_01,telemetry_UAV_01,0.1,Optimized,"['GS_01', 'SAT_67311', 'UAV_01']",UAV_01,6.257659092079837,20.0,200,HIT,46.257659092079834
44000,140,GS_01,telemetry_UAV_05,0.1,Optimized,"['GS_01', 'SAT_67311', 'UAV_05']",UAV_05,6.291124459360253,20.0,200,HIT,46.291124459360255
44100,141,GS_01,telemetry_UAV_01,0.1,Optimized,"['GS_01', 'SAT_67311', 'UAV_01']",UAV_01,6.720748211316593,20.0,200,HIT,46.72074821131659
45100,142,GS_01,telemetry_UAV_01,0.1,Optimized,"['GS_01', 'SAT_67311', 'UAV_01']",UAV_01,6.8694957397652,20.0,200,HIT,46.8694957397652
45100,143,GS_01,telemetry_UAV_05,0.1,Optimized,"['GS_01', 'SAT_67311', 'UAV_05']",UAV_05,6.193943599031062,20.0,200,HIT,46.19394359903106
45100,144,UAV_01,target_location_update,0.3,Optimized,"['UAV_01', 'SAT_67311', 'GS_01']",GS_01,6.530953347597716,20.0,200,HIT,126.53095334759772
45100,145,UAV_05,target_location_update,0.3,Optimized,"['UAV_05', 'SAT_67311', 'GS_01']",GS_01,6.848559063555511,20.0,200,HIT,126.84855906355551
46100,146,GS_01,telemetry_UAV_05,0.1,Optimized,"['GS_01', 'SAT_67311', 'UAV_05']",UAV_05,6.934595005017725,20.0,200,HIT,46.93459500501773
46100,147,GS_01,telemetry_UAV_01,0.1,Optimized,"['GS_01', 'SAT_67311', 'UAV_01']",UAV_01,6.499655096375825,20.0,200,HIT,46.499655096375825
47100,148,GS_01,telemetry_UAV_05,0.1,Optimized,"['GS_01', 'SAT_67311', 'UAV_05']",UAV_05,6.532676665591797,20.0,200,HIT,46.532676665591794
47100,149,GS_01,telemetry_UAV_01,0.1,Optimized,"['GS_01', 'SAT_67311', 'UAV_01']",UAV_01,6.994061211407143,20.0,200,HIT,46.99406121140714
48100,150,GS_01,telemetry_UAV_05,0.1,Optimized,"['GS_01', 'SAT_67311', 'UAV_05']",UAV_05,6.603372093668451,20.0,200,HIT,46.603372093668455
48100,151,UAV_05,target_location_update,0.3,Optimized,"['UAV_05', 'SAT_67311', 'GS_01']",GS_01,6.531690331241212,20.0,200,HIT,126.53169033124121
48100,152,GS_01,telemetry_UAV_01,0.1,Optimized,"['GS_01', 'SAT_67311', 'UAV_01']",UAV_01,6.656247264142108,20.0,200,HIT,46.65624726414211
48100,153,UAV_01,target_location_update,0.3,Optimized,"['UAV_01', 'SAT_67311', 'GS_01']",GS_01,6.44445772853917,20.0,200,HIT,126.44445772853916
49100,154,GS_01,telemetry_UAV_01,0.1,Optimized,"['GS_01', 'SAT_67311', 'UAV_01']",UAV_01,6.153139729187637,20.0,200,HIT,46.153139729187636
49100,155,GS_01,telemetry_UAV_05,0.1,Optimized,"['GS_01', 'SAT_67311', 'UAV_05']",UAV_05,6.871347810966768,20.0,200,HIT,46.87134781096677
49600,156,UAV_01,status_update_UAV_05,0.2,Optimized,"['UAV_01', 'UAV_05']",UAV_05,0.012627587182421051,10.0,200,HIT,160.0126275871824
50100,157,GS_01,telemetry_UAV_01,0.1,Optimized,"['GS_01', 'SAT_67311', 'UAV_01']",UAV_01,6.264643821230903,20.0,200,HIT,46.264643821230905
50100,158,GS_01,telemetry_UAV_05,0.1,Optimized,"['GS_01', 'SAT_67311', 'UAV_05']",UAV_05,6.552652556918217,20.0,200,HIT,46.55265255691822
51100,159,UAV_05,target_location_update,0.3,Optimized,"['UAV_05', 'SAT_67311', 'GS_01']",GS_01,6.7458990128171425,20.0,200,HIT,126.74589901281715
51100,160,GS_01,telemetry_UAV_01,0.1,Optimized,"['GS_01', 'SAT_67311', 'UAV_01']",UAV_01,6.346602472694562,20.0,200,HIT,46.34660247269456
51100,161,GS_01,telemetry_UAV_05,0.1,Optimized,"['GS_01', 'SAT_67311', 'UAV_05']",UAV_05,6.297563055785129,20.0,200,HIT,46.297563055785126
51100,162,UAV_01,target_location_update,0.3,Optimized,"['UAV_01', 'SAT_67311', 'GS_01']",GS_01,6.732216563996468,20.0,200,HIT,126.73221656399647
52100,163,GS_01,telemetry_UAV_05,0.1,Optimized,"['GS_01', 'SAT_67311', 'UAV_05']",UAV_05,6.643328765899637,20.0,200,HIT,46.64332876589964
52100,164,GS_01,telemetry_UAV_01,0.1,Optimized,"['GS_01', 'SAT_67311', 'UAV_01']",UAV_01,6.455946747545909,20.0,200,HIT,46.45594674754591
53100,165,GS_01,telemetry_UAV_01,0.1,Optimized,"['GS_01', 'SAT_67311', 'UAV_01']",UAV_01,6.490565598083212,20.0,200,HIT,46.490565598083215
53100,166,GS_01,telemetry_UAV_05,0.1,Optimized,"['GS_01', 'SAT_67311', 'UAV_05']",UAV_05,6.934297495307343,20.0,200,HIT,46.93429749530734
54100,167,UAV_01,target_location_update,0.3,Optimized,"['UAV_01', 'SAT_67311', 'GS_01']",GS_01,6.470672793473426,20.0,200,HIT,126.47067279347343
54100,168,GS_01,telemetry_UAV_01,0.1,Optimized,"['GS_01', 'SAT_67311', 'UAV_01']",UAV_01,6.756223417608544,20.0,200,HIT,46.756223417608545
54100,169,UAV_05,target_location_update,0.3,Optimized,"['UAV_05', 'SAT_67311', 'GS_01']",GS_01,6.232137742107678,20.0,200,HIT,126.23213774210768
54100,170,GS_01,telemetry_UAV_05,0.1,Optimized,"['GS_01', 'SAT_67311', 'UAV_05']",UAV_05,6.678242414026995,20.0,200,HIT,46.678242414027
55100,171,GS_01,telemetry_UAV_01,0.1,Optimized,"['GS_01', 'SAT_67311', 'UAV_01']",UAV_01,6.114831323895885,20.0,200,HIT,46.114831323895885
55100,172,GS_01,telemetry_UAV_05,0.1,Optimized,"['GS_01', 'SAT_67311', 'UAV_05']",UAV_05,6.971625958380824,20.0,200,HIT,46.97162595838083
56100,173,GS_01,telemetry_UAV_01,0.1,Optimized,"['GS_01', 'SAT_67311', 'UAV_01']",UAV_01,7.09388355500665,20.0,200,HIT,47.09388355500665
56100,174,GS_01,telemetry_UAV_05,0.1,Optimized,"['GS_01', 'SAT_67311', 'UAV_05']",UAV_05,6.978594712339058,20.0,200,HIT,46.97859471233906
57100,175,GS_01,telemetry_UAV_01,0.1,Optimized,"['GS_01', 'SAT_67311', 'UAV_01']",UAV_01,6.576662164092065,20.0,200,HIT,46.57666216409206
57100,176,GS_01,telemetry_UAV_05,0.1,Optimized,"['GS_01', 'SAT_67311', 'UAV_05']",UAV_05,6.524188742252658,20.0,200,HIT,46.52418874225266
57100,177,UAV_01,status_update_UAV_05,0.2,Optimized,"['UAV_01', 'UAV_05']",UAV_05,0.015092628985122968,10.0,200,HIT,160.01509262898512
57100,178,UAV_01,target_location_update,0.3,Optimized,"['UAV_01', 'SAT_67311', 'GS_01']",GS_01,6.581227703795989,20.0,200,HIT,126.58122770379599
57100,179,UAV_05,target_location_update,0.3,Optimized,"['UAV_05', 'SAT_67311', 'GS_01']",GS_01,6.579977159205677,20.0,200,HIT,126.57997715920568
58100,180,GS_01,telemetry_UAV_05,0.1,Optimized,"['GS_01', 'SAT_67311', 'UAV_05']",UAV_05,6.4042393085331,20.0,200,HIT,46.4042393085331
58100,181,GS_01,telemetry_UAV_01,0.1,Optimized,"['GS_01', 'SAT_67311', 'UAV_01']",UAV_01,6.410809893814055,20.0,200,HIT,46.410809893814054
59100,182,GS_01,telemetry_UAV_05,0.1,Optimized,"['GS_01', 'SAT_67311', 'UAV_05']",UAV_05,7.020862149305184,20.0,200,HIT,47.02086214930519
59100,183,GS_01,telemetry_UAV_01,0.1,Optimized,"['GS_01', 'SAT_67311', 'UAV_01']",UAV_01,7.158699475678052,20.0,200,HIT,47.15869947567805
60000,184,UAV_01,fuel_status_UAV_05,0.1,Optimized,"['UAV_01', 'UAV_05']",UAV_05,0.012992846516906834,10.0,200,HIT,80.01299284651691
60100,185,UAV_01,target_location_update,0.3,Optimized,"['UAV_01', 'SAT_67311', 'GS_01']",GS_01,6.659246409257528,20.0,200,HIT,126.65924640925753
60100,186,GS_01,telemetry_UAV_01,0.1,Optimized,"['GS_01', 'SAT_67311', 'UAV_01']",UAV_01,6.533981577219692,20.0,200,HIT,46.53398157721969
60100,187,UAV_01,status_update_UAV_05,0.2,Optimized,"['UAV_01', 'UAV_05']",UAV_05,0.012007125709040193,10.0,200,HIT,160.01200712570903
60100,188,UAV_05,target_location_update,0.3,Optimized,"['UAV_05', 'SAT_67311', 'GS_01']",GS_01,6.992401133170755,20.0,200,HIT,126.99240113317076
60100,189,GS_01,telemetry_UAV_05,0.1,Optimized,"['GS_01', 'SAT_67311', 'UAV_05']",UAV_05,7.159526618581378,20.0,200,HIT,47.15952661858138
61100,190,GS_01,telemetry_UAV_01,0.1,Optimized,"['GS_01', 'SAT_67311', 'UAV_01']",UAV_01,7.422214855362103,20.0,200,HIT,47.4222148553621
61100,191,GS_01,telemetry_UAV_05,0.1,Optimized,"['GS_01', 'SAT_67311', 'UAV_05']",UAV_05,6.379826586309888,20.0,200,HIT,46.37982658630989
62100,192,GS_01,telemetry_UAV_05,0.1,Optimized,"['GS_01', 'SAT_67311', 'UAV_05']",UAV_05,6.601817155461955,20.0,200,HIT,46.60181715546196
62100,193,GS_01,telemetry_UAV_01,0.1,Optimized,"['GS_01', 'SAT_67311', 'UAV_01']",UAV_01,6.963993859527525,20.0,200,HIT,46.96399385952753
63100,194,GS_01,telemetry_UAV_01,0.1,Optimized,"['GS_01', 'SAT_67311', 'UAV_01']",UAV_01,7.116490816168488,20.0,200,HIT,47.116490816168486
63100,195,UAV_01,target_location_update,0.3,Optimized,"['UAV_01', 'SAT_67311', 'GS_01']",GS_01,6.393114306935681,20.0,200,HIT,126.39311430693569
63100,196,GS_01,telemetry_UAV_05,0.1,Optimized,"['GS_01', 'SAT_67311', 'UAV_05']",UAV_05,6.870791209572674,20.0,200,HIT,46.87079120957267
63100,197,UAV_05,target_location_update,0.3,Optimized,"['UAV_05', 'SAT_67311', 'GS_01']",GS_01,6.587745438804927,20.0,200,HIT,126.58774543880493
64100,198,GS_01,telemetry_UAV_01,0.1,Optimized,"['GS_01', 'SAT_67311', 'UAV_01']",UAV_01,7.201332613723784,20.0,200,HIT,47.201332613723785
64100,199,GS_01,telemetry_UAV_05,0.1,Optimized,"['GS_01', 'SAT_67311', 'UAV_05']",UAV_05,6.9323163768676626,20.0,200,HIT,46.93231637686766
64600,200,UAV_01,status_update_UAV_05,0.2,Optimized,"['UAV_01', 'UAV_05']",UAV_05,0.012826955980858463,10.0,200,HIT,160.01282695598087
65100,201,GS_01,telemetry_UAV_01,0.1,Optimized,"['GS_01', 'SAT_67311', 'UAV_01']",UAV_01,7.259582087336305,20.0,200,HIT,47.259582087336305
65100,202,GS_01,telemetry_UAV_05,0.1,Optimized,"['GS_01', 'SAT_67311', 'UAV_05']",UAV_05,6.871873822195065,20.0,200,HIT,46.87187382219506
66100,203,GS_01,telemetry_UAV_01,0.1,Optimized,"['GS_01', 'SAT_67311', 'UAV_01']",UAV_01,6.951229072244918,20.0,200,HIT,46.95122907224492
66100,204,GS_01,telemetry_UAV_05,0.1,Optimized,"['GS_01', 'SAT_67311', 'UAV_05']",UAV_05,6.581653051367271,20.0,200,HIT,46.58165305136727
66100,205,UAV_05,target_location_update,0.3,Optimized,"['UAV_05', 'SAT_67311', 'GS_01']",GS_01,7.044687706157438,20.0,200,HIT,127.04468770615743
66100,206,UAV_01,target_location_update,0.3,Optimized,"['UAV_01', 'SAT_67311', 'GS_01']",GS_01,7.446856636922575,20.0,200,HIT,127.44685663692258
67000,207,GS_01,telemetry_UAV_01,0.1,Optimized,"['GS_01', 'SAT_67311', 'UAV_01']",UAV_01,6.336669332672217,20.0,200,HIT,46.336669332672216
67100,208,GS_01,telemetry_UAV_05,0.1,Optimized,"['GS_01', 'SAT_67311', 'UAV_05']",UAV_05,6.715471511755323,20.0,200,HIT,46.715471511755325
67600,209,UAV_01,status_update_UAV_05,0.2,Optimized,"['UAV_01', 'UAV_05']",UAV_05,0.015519971353556402,10.0,200,HIT,160.01551997135357
68100,210,GS_01,telemetry_UAV_05,0.1,Optimized,"['GS_01', 'SAT_67311', 'UAV_05']",UAV_05,6.777297472928028,20.0,200,HIT,46.777297472928026
68100,211,GS_01,telemetry_UAV_01,0.1,Optimized,"['GS_01', 'SAT_67311', 'UAV_01']",UAV_01,6.574356719460184,20.0,200,HIT,46.574356719460184
69100,212,UAV_05,target_location_update,0.3,Optimized,"['UAV_05', 'SAT_67311', 'GS_01']",GS_01,6.62393909214559,20.0,200,HIT,126.62393909214559
69100,213,UAV_01,target_location_update,0.3,Optimized,"['UAV_01', 'SAT_67311', 'GS_01']",GS_01,6.559979204691849,20.0,200,HIT,126.55997920469184
69100,214,GS_01,telemetry_UAV_01,0.1,Optimized,"['GS_01', 'SAT_67311', 'UAV_01']",UAV_01,6.782856214898027,20.0,200,HIT,46.782856214898025
69100,215,GS_01,telemetry_UAV_05,0.1,Optimized,"['GS_01', 'SAT_67311', 'UAV_05']",UAV_05,6.836443422241191,20.0,200,HIT,46.83644342224119
70100,216,UAV_01,fuel_status_UAV_05,0.1,Optimized,"['UAV_01', 'UAV_05']",UAV_05,0.016277442615715468,10.0,200,HIT,80.01627744261572
70100,217,GS_01,telemetry_UAV_01,0.1,Optimized,"['GS_01', 'SAT_67311', 'UAV_01']",UAV_01,7.441626998569005,20.0,200,HIT,47.441626998569006
70100,218,GS_01,telemetry_UAV_05,0.1,Optimized,"['GS_01', 'SAT_67311', 'UAV_05']",UAV_05,7.2056934463667375,20.0,200,HIT,47.20569344636674
71100,219,GS_01,telemetry_UAV_05,0.1,Optimized,"['GS_01', 'SAT_67311', 'UAV_05']",UAV_05,7.554555334862309,20.0,200,HIT,47.55455533486231
71100,220,GS_01,telemetry_UAV_01,0.1,Optimized,"['GS_01', 'SAT_67311', 'UAV_01']",UAV_01,7.348786551147786,20.0,200,HIT,47.34878655114778
72100,221,GS_01,telemetry_UAV_01,0.1,Optimized,"['GS_01', 'SAT_67311', 'UAV_01']",UAV_01,6.932943195371874,20.0,200,HIT,46.93294319537188
72100,222,GS_01,telemetry_UAV_05,0.1,Optimized,"['GS_01', 'SAT_67311', 'UAV_05']",UAV_05,7.006646295958745,20.0,200,HIT,47.006646295958745
72100,223,UAV_05,target_location_update,0.3,Optimized,"['UAV_05', 'SAT_67311', 'GS_01']",GS_01,7.180863841698837,20.0,200,HIT,127.18086384169884
72100,224,UAV_01,target_location_update,0.3,Optimized,"['UAV_01', 'SAT_67311', 'GS_01']",GS_01,6.891376581725099,20.0,200,HIT,126.8913765817251
73100,225,GS_01,telemetry_UAV_01,0.1,Optimized,"['GS_01', 'SAT_67311', 'UAV_01']",UAV_01,7.70688749322592,20.0,200,HIT,47.70688749322592
73100,226,GS_01,telemetry_UAV_05,0.1,Optimized,"['GS_01', 'SAT_67311', 'UAV_05']",UAV_05,7.205401215474517,20.0,200,HIT,47.20540121547452
74100,227,GS_01,telemetry_UAV_05,0.1,Optimized,"['GS_01', 'SAT_67311', 'UAV_05']",UAV_05,7.25031447291118,20.0,200,HIT,47.25031447291118
74100,228,GS_01,telemetry_UAV_01,0.1,Optimized,"['GS_01', 'SAT_67311', 'UAV_01']",UAV_01,7.603843210785035,20.0,200,HIT,47.60384321078504
75100,229,GS_01,telemetry_UAV_05,0.1,Optimized,"['GS_01', 'SAT_67311', 'UAV_05']",UAV_05,7.53820870470091,20.0,200,HIT,47.53820870470091
75100,230,UAV_01,status_update_UAV_05,0.2,Optimized,"['UAV_01', 'UAV_05']",UAV_05,0.014345770047374353,10.0,200,HIT,160.01434577004738
75100,231,UAV_05,target_location_update,0.3,Optimized,"['UAV_05', 'SAT_67311', 'GS_01']",GS_01,7.353121380699907,20.0,200,HIT,127.3531213806999
75100,232,GS_01,telemetry_UAV_01,0.1,Optimized,"['GS_01', 'SAT_67311', 'UAV_01']",UAV_01,6.821943433085634,20.0,200,HIT,46.821943433085636
75100,233,UAV_01,target_location_update,0.3,Optimized,"['UAV_01', 'SAT_67311', 'GS_01']",GS_01,6.800638470243755,20.0,200,HIT,126.80063847024375
76100,234,GS_01,telemetry_UAV_01,0.1,Optimized,"['GS_01', 'SAT_67311', 'UAV_01']",UAV_01,7.111555186524006,20.0,200,HIT,47.11155518652401
76100,235,GS_01,telemetry_UAV_05,0.1,Optimized,"['GS_01', 'SAT_67311', 'UAV_05']",UAV_05,7.755726182408129,20.0,200,HIT,47.755726182408125
76600,236,UAV_01,status_update_UAV_05,0.2,Optimized,"['UAV_01', 'UAV_05']",UAV_05,0.01463979819856171,10.0,200,HIT,160.01463979819857
77100,237,GS_01,telemetry_UAV_05,0.1,Optimized,"['GS_01', 'SAT_67311', 'UAV_05']",UAV_05,7.79624670668287,20.0,200,HIT,47.79624670668287
77100,238,GS_01,telemetry_UAV_01,0.1,Optimized,"['GS_01', 'SAT_67311', 'UAV_01']",UAV_01,7.154606311291152,20.0,200,HIT,47.154606311291154
78100,239,UAV_01,target_location_update,0.3,Optimized,"['UAV_01', 'SAT_67311', 'GS_01']",GS_01,7.188295440996521,20.0,200,HIT,127.18829544099653
78100,240,GS_01,telemetry_UAV_05,0.1,Optimized,"['GS_01', 'SAT_67311', 'UAV_05']",UAV_05,7.146104321739182,20.0,200,HIT,47.14610432173918
78100,241,GS_01,telemetry_UAV_01,0.1,Optimized,"['GS_01', 'SAT_67311', 'UAV_01']",UAV_01,7.384926454703562,20.0,200,HIT,47.38492645470356
78100,242,UAV_05,target_location_update,0.3,Optimized,"['UAV_05', 'SAT_67311', 'GS_01']",GS_01,6.964072033175386,20.0,200,HIT,126.96407203317538
79100,243,GS_01,telemetry_UAV_05,0.1,Optimized,"['GS_01', 'SAT_67311', 'UAV_05']",UAV_05,7.628252939460338,20.0,200,HIT,47.62825293946034
79100,244,GS_01,telemetry_UAV_01,0.1,Optimized,"['GS_01', 'SAT_67311', 'UAV_01']",UAV_01,6.929166362595138,20.0,200,HIT,46.92916636259514
80100,245,GS_01,telemetry_UAV_01,0.1,Optimized,"['GS_01', 'SAT_55452', 'UAV_01']",UAV_01,8.04713428735129,20.0,200,HIT,48.04713428735129
80100,246,GS_01,telemetry_UAV_05,0.1,Optimized,"['GS_01', 'SAT_55452', 'UAV_05']",UAV_05,7.432161236656812,20.0,200,HIT,47.43216123665681
81100,247,GS_01,telemetry_UAV_01,0.1,Optimized,"['GS_01', 'SAT_55452', 'UAV_01']",UAV_01,7.367802471784195,20.0,200,HIT,47.367802471784195
81100,248,GS_01,telemetry_UAV_05,0.1,Optimized,"['GS_01', 'SAT_55452', 'UAV_05']",UAV_05,7.884421158955096,20.0,200,HIT,47.88442115895509
81100,249,UAV_01,status_update_UAV_05,0.2,Optimized,"['UAV_01', 'UAV_05']",UAV_05,0.0161939159693951,10.0,200,HIT,160.01619391596938
81100,250,UAV_05,target_location_update,0.3,Optimized,"['UAV_05', 'SAT_55452', 'GS_01']",GS_01,7.265179912017444,20.0,200,HIT,127.26517991201744
81100,251,UAV_01,target_location_update,0.3,Optimized,"['UAV_01', 'SAT_55452', 'GS_01']",GS_01,7.426966937173857,20.0,200,HIT,127.42696693717386
82100,252,GS_01,telemetry_UAV_01,0.1,Optimized,"['GS_01', 'SAT_55452', 'UAV_01']",UAV_01,7.5457433488647805,20.0,200,HIT,47.54574334886478
82100,253,GS_01,telemetry_UAV_05,0.1,Optimized,"['GS_01', 'SAT_55452', 'UAV_05']",UAV_05,7.349889626611487,20.0,200,HIT,47.349889626611485
83100,254,GS_01,telemetry_UAV_01,0.1,Optimized,"['GS_01', 'SAT_55452', 'UAV_01']",UAV_01,7.52566040437879,20.0,200,HIT,47.52566040437879
83100,255,GS_01,telemetry_UAV_05,0.1,Optimized,"['GS_01', 'SAT_55452', 'UAV_05']",UAV_05,7.139839299896316,20.0,200,HIT,47.139839299896316
84100,256,GS_01,telemetry_UAV_01,0.1,Optimized,"['GS_01', 'SAT_55452', 'UAV_01']",UAV_01,7.329062197957072,20.0,200,HIT,47.32906219795707
84100,257,GS_01,telemetry_UAV_05,0.1,Optimized,"['GS_01', 'SAT_55452', 'UAV_05']",UAV_05,7.639388281135498,20.0,200,HIT,47.639388281135496
84100,258,UAV_01,target_location_update,0.3,Optimized,"['UAV_01', 'SAT_55452', 'GS_01']",GS_01,7.505449780525785,20.0,200,HIT,127.50544978052578
84100,259,UAV_05,target_location_update,0.3,Optimized,"['UAV_05', 'SAT_55452', 'GS_01']",GS_01,7.562038693828234,20.0,200,HIT,127.56203869382823
85100,260,GS_01,telemetry_UAV_05,0.1,Optimized,"['GS_01', 'SAT_55452', 'UAV_05']",UAV_05,7.691171205628491,20.0,200,HIT,47.69117120562849
85100,261,GS_01,telemetry_UAV_01,0.1,Optimized,"['GS_01', 'SAT_55452', 'UAV_01']",UAV_01,7.364639585496176,20.0,200,HIT,47.36463958549618
86100,262,GS_01,telemetry_UAV_05,0.1,Optimized,"['GS_01', 'SAT_55452', 'UAV_05']",UAV_05,7.540164716585488,20.0,200,HIT,47.54016471658549
86100,263,GS_01,telemetry_UAV_01,0.1,Optimized,"['GS_01', 'SAT_55452', 'UAV_01']",UAV_01,7.552592853694488,20.0,200,HIT,47.55259285369449
87100,264,GS_01,telemetry_UAV_01,0.1,Optimized,"['GS_01', 'SAT_55452', 'UAV_01']",UAV_01,7.652270533108776,20.0,200,HIT,47.652270533108776
87100,265,UAV_05,target_location_update,0.3,Optimized,"['UAV_05', 'SAT_55452', 'GS_01']",GS_01,8.024689248252745,20.0,200,HIT,128.02468924825274
87100,266,GS_01,telemetry_UAV_05,0.1,Optimized,"['GS_01', 'SAT_55452', 'UAV_05']",UAV_05,7.206288292878776,20.0,200,HIT,47.206288292878774
87100,267,UAV_01,target_location_update,0.3,Optimized,"['UAV_01', 'SAT_55452', 'GS_01']",GS_01,7.043830496969733,20.0,200,HIT,127.04383049696973
88100,268,GS_01,telemetry_UAV_01,0.1,Optimized,"['GS_01', 'SAT_55452', 'UAV_01']",UAV_01,7.478557644336485,20.0,200,HIT,47.47855764433648
88100,269,GS_01,telemetry_UAV_05,0.1,Optimized,"['GS_01', 'SAT_55452', 'UAV_05']",UAV_05,7.490595784655474,20.0,200,HIT,47.490595784655476
89100,270,GS_01,telemetry_UAV_01,0.1,Optimized,"['GS_01', 'SAT_55452', 'UAV_01']",UAV_01,7.240341650498893,20.0,200,HIT,47.24034165049889
89100,271,GS_01,telemetry_UAV_05,0.1,Optimized,"['GS_01', 'SAT_55452', 'UAV_05']",UAV_05,7.035830280754292,20.0,200,HIT,47.03583028075429
90100,272,UAV_01,fuel_status_UAV_05,0.1,Optimized,"['UAV_01', 'UAV_05']",UAV_05,0.014216939181658918,10.0,200,HIT,80.01421693918167
90100,273,GS_01,telemetry_UAV_01,0.1,Optimized,"['GS_01', 'SAT_55452', 'UAV_01']",UAV_01,7.59616694765171,20.0,200,HIT,47.59616694765171
90100,274,UAV_05,target_location_update,0.3,Optimized,"['UAV_05', 'SAT_55452', 'GS_01']",GS_01,7.041932015118647,20.0,200,HIT,127.04193201511865
90100,275,GS_01,telemetry_UAV_05,0.1,Optimized,"['GS_01', 'SAT_55452', 'UAV_05']",UAV_05,7.245269801332627,20.0,200,HIT,47.245269801332626
90100,276,UAV_01,target_location_update,0.3,Optimized,"['UAV_01', 'SAT_55452', 'GS_01']",GS_01,7.425509559183746,20.0,200,HIT,127.42550955918375
91100,277,GS_01,telemetry_UAV_05,0.1,Optimized,"['GS_01', 'SAT_55452', 'UAV_05']",UAV_05,7.382735670750204,20.0,200,HIT,47.38273567075021
91100,278,GS_01,telemetry_UAV_01,0.1,Optimized,"['GS_01', 'SAT_55452', 'UAV_01']",UAV_01,7.543884760583865,20.0,200,HIT,47.543884760583865
92100,279,GS_01,telemetry_UAV_05,0.1,Optimized,"['GS_01', 'SAT_55452', 'UAV_05']",UAV_05,7.559465985651229,20.0,200,HIT,47.55946598565123
92100,280,GS_01,telemetry_UAV_01,0.1,Optimized,"['GS_01', 'SAT_55452', 'UAV_01']",UAV_01,7.290067051235821,20.0,200,HIT,47.29006705123582
93100,281,GS_01,telemetry_UAV_05,0.1,Optimized,"['GS_01', 'SAT_55452', 'UAV_05']",UAV_05,7.5592107319838,20.0,200,HIT,47.5592107319838
93100,282,UAV_01,status_update_UAV_05,0.2,Optimized,"['UAV_01', 'UAV_05']",UAV_05,0.013826871294228483,10.0,200,HIT,160.01382687129424
93100,283,GS_01,telemetry_UAV_01,0.1,Optimized,"['GS_01', 'SAT_55452', 'UAV_01']",UAV_01,7.5879391328222825,20.0,200,HIT,47.587939132822285
93100,284,UAV_01,target_location_update,0.3,Optimized,"['UAV_01', 'SAT_55452', 'GS_01']",GS_01,7.607344024860797,20.0,200,HIT,127.6073440248608
93100,285,UAV_05,target_location_update,0.3,Optimized,"['UAV_05', 'SAT_55452', 'GS_01']",GS_01,8.176835360172909,20.0,200,HIT,128.1768353601729
94100,286,GS_01,telemetry_UAV_05,0.1,Optimized,"['GS_01', 'SAT_55452', 'UAV_05']",UAV_05,7.685937671110662,20.0,200,HIT,47.685937671110665
94100,287,GS_01,telemetry_UAV_01,0.1,Optimized,"['GS_01', 'SAT_55452', 'UAV_01']",UAV_01,7.707778612829017,20.0,200,HIT,47.70777861282902
95100,288,GS_01,telemetry_UAV_05,0.1,Optimized,"['GS_01', 'SAT_55452', 'UAV_05']",UAV_05,7.39164623847022,20.0,200,HIT,47.39164623847022
95100,289,GS_01,telemetry_UAV_01,0.1,Optimized,"['GS_01', 'SAT_55452', 'UAV_01']",UAV_01,7.011816476223734,20.0,200,HIT,47.011816476223736
96100,290,GS_01,telemetry_UAV_05,0.1,Optimized,"['GS_01', 'SAT_55452', 'UAV_05']",UAV_05,7.105714167564963,20.0,200,HIT,47.10571416756496
96100,291,GS_01,telemetry_UAV_01,0.1,Optimized,"['GS_01', 'SAT_55452', 'UAV_01']",UAV_01,8.052581977622811,20.0,200,HIT,48.05258197762281
96100,292,UAV_01,status_update_UAV_05,0.2,Optimized,"['UAV_01', 'UAV_05']",UAV_05,0.012106842503625521,10.0,200,HIT,160.0121068425036
96100,293,UAV_05,target_location_update,0.3,Optimized,"['UAV_05', 'SAT_55452', 'GS_01']",GS_01,8.057978327386472,20.0,200,HIT,128.05797832738648
96100,294,UAV_01,target_location_update,0.3,Optimized,"['UAV_01', 'SAT_55452', 'GS_01']",GS_01,7.733833144139058,20.0,200,HIT,127.73383314413906
97100,295,GS_01,telemetry_UAV_01,0.1,Optimized,"['GS_01', 'SAT_55452', 'UAV_01']",UAV_01,7.513860919933164,20.0,200,HIT,47.513860919933165
97100,296,GS_01,telemetry_UAV_05,0.1,Optimized,"['GS_01', 'SAT_55452', 'UAV_05']",UAV_05,7.716988150871509,20.0,200,HIT,47.71698815087151
98100,297,GS_01,telemetry_UAV_05,0.1,Optimized,"['GS_01', 'SAT_55452', 'UAV_05']",UAV_05,8.238697322500457,20.0,200,HIT,48.23869732250046
98100,298,GS_01,telemetry_UAV_01,0.1,Optimized,"['GS_01', 'SAT_55452', 'UAV_01']",UAV_01,7.972178320094503,20.0,200,HIT,47.9721783200945
99000,299,UAV_01,collaboration_request_UAV_10,0.2,Optimized,['UAV_01'],UAV_01,0.0,inf,200,HIT,0.0
99100,300,UAV_01,target_location_update,0.3,Optimized,"['UAV_01', 'SAT_55452', 'GS_01']",GS_01,7.728411874153734,20.0,200,HIT,127.72841187415374
99100,301,GS_01,telemetry_UAV_05,0.1,Optimized,"['GS_01', 'SAT_55452', 'UAV_05']",UAV_05,7.951094967883338,20.0,200,HIT,47.951094967883336
99100,302,GS_01,telemetry_UAV_01,0.1,Optimized,"['GS_01', 'SAT_55452', 'UAV_01']",UAV_01,7.886409984804614,20.0,200,HIT,47.886409984804615
99100,303,UAV_05,target_location_update,0.3,Optimized,"['UAV_05', 'SAT_55452', 'GS_01']",GS_01,7.794516768548921,20.0,200,HIT,127.79451676854892
100100,304,GS_01,telemetry_UAV_01,0.1,Optimized,"['GS_01', 'SAT_55452', 'UAV_01']",UAV_01,7.58441655297346,20.0,200,HIT,47.58441655297346
100100,305,GS_01,telemetry_UAV_05,0.1,Optimized,"['GS_01', 'SAT_55452', 'UAV_05']",UAV_05,8.151201930370544,20.0,200,HIT,48.15120193037055
101100,306,GS_01,telemetry_UAV_01,0.1,Optimized,"['GS_01', 'SAT_55452', 'UAV_01']",UAV_01,7.817575266923358,20.0,200,HIT,47.817575266923356
101100,307,GS_01,telemetry_UAV_05,0.1,Optimized,"['GS_01', 'SAT_55452', 'UAV_05']",UAV_05,8.097385335008287,20.0,200,HIT,48.09738533500828
102100,308,GS_01,telemetry_UAV_05,0.1,Optimized,"['GS_01', 'SAT_55452', 'UAV_05']",UAV_05,8.25173655926255,20.0,200,HIT,48.251736559262554
102100,309,GS_01,telemetry_UAV_01,0.1,Optimized,"['GS_01', 'SAT_55452', 'UAV_01']",UAV_01,7.771776677205388,20.0,200,HIT,47.77177667720539
102100,310,UAV_05,target_location_update,0.3,Optimized,"['UAV_05', 'SAT_55452', 'GS_01']",GS_01,8.049952780246617,20.0,200,HIT,128.04995278024663
102100,311,UAV_01,target_location_update,0.3,Optimized,"['UAV_01', 'SAT_55452', 'GS_01']",GS_01,8.236397168062723,20.0,200,HIT,128.23639716806272
103100,312,GS_01,telemetry_UAV_05,0.1,Optimized,"['GS_01', 'SAT_55452', 'UAV_05']",UAV_05,7.932884382891299,20.0,200,HIT,47.9328843828913
103100,313,GS_01,telemetry_UAV_01,0.1,Optimized,"['GS_01', 'SAT_55452', 'UAV_01']",UAV_01,7.29586165828776,20.0,200,HIT,47.29586165828776
104100,314,GS_01,telemetry_UAV_05,0.1,Optimized,"['GS_01', 'SAT_55452', 'UAV_05']",UAV_05,7.2346599548502795,20.0,200,HIT,47.23465995485028
104100,315,GS_01,telemetry_UAV_01,0.1,Optimized,"['GS_01', 'SAT_55452', 'UAV_01']",UAV_01,8.305413809611679,20.0,200,HIT,48.30541380961168
105100,316,GS_01,telemetry_UAV_05,0.1,Optimized,"['GS_01', 'SAT_55452', 'UAV_05']",UAV_05,8.210098326472028,20.0,200,HIT,48.21009832647203
105100,317,UAV_01,target_location_update,0.3,Optimized,"['UAV_01', 'SAT_55452', 'GS_01']",GS_01,8.48748546513782,20.0,200,HIT,128.4874854651378
105100,318,GS_01,telemetry_UAV_01,0.1,Optimized,"['GS_01', 'SAT_55452', 'UAV_01']",UAV_01,7.662698037811738,20.0,200,HIT,47.66269803781174
105100,319,UAV_05,target_location_update,0.3,Optimized,"['UAV_05', 'SAT_55452', 'GS_01']",GS_01,8.230503813081011,20.0,200,HIT,128.23050381308101
106100,320,GS_01,telemetry_UAV_01,0.1,Optimized,"['GS_01', 'SAT_55452', 'UAV_01']",UAV_01,7.339907995339575,20.0,200,HIT,47.33990799533957
106100,321,GS_01,telemetry_UAV_05,0.1,Optimized,"['GS_01', 'SAT_55452', 'UAV_05']",UAV_05,7.712186577730657,20.0,200,HIT,47.712186577730655
107100,322,GS_01,telemetry_UAV_05,0.1,Optimized,"['GS_01', 'SAT_55452', 'UAV_05']",UAV_05,7.514063255751269,20.0,200,HIT,47.51406325575127
107100,323,GS_01,telemetry_UAV_01,0.1,Optimized,"['GS_01', 'SAT_55452', 'UAV_01']",UAV_01,7.684814345673267,20.0,200,HIT,47.68481434567327
108100,324,GS_01,telemetry_UAV_01,0.1,Optimized,"['GS_01', 'SAT_55452', 'UAV_01']",UAV_01,7.555578401664594,20.0,200,HIT,47.55557840166459
108100,325,GS_01,telemetry_UAV_05,0.1,Optimized,"['GS_01', 'SAT_55452', 'UAV_05']",UAV_05,7.679081703079934,20.0,200,HIT,47.67908170307993
108100,326,UAV_05,target_location_update,0.3,Optimized,"['UAV_05', 'SAT_55452', 'GS_01']",GS_01,7.774039782876946,20.0,200,HIT,127.77403978287694
108100,327,UAV_01,target_location_update,0.3,Optimized,"['UAV_01', 'SAT_55452', 'GS_01']",GS_01,7.414077296011209,20.0,200,HIT,127.41407729601121
109100,328,GS_01,telemetry_UAV_01,0.1,Optimized,"['GS_01', 'SAT_55452', 'UAV_01']",UAV_01,7.538358625279006,20.0,200,HIT,47.538358625279
109100,329,GS_01,telemetry_UAV_05,0.1,Optimized,"['GS_01', 'SAT_55452', 'UAV_05']",UAV_05,7.954890531844018,20.0,200,HIT,47.954890531844015
110100,330,GS_01,telemetry_UAV_01,0.1,Optimized,"['GS_01', 'SAT_55452', 'UAV_01']",UAV_01,8.147784370427395,20.0,200,HIT,48.147784370427395
110100,331,GS_01,telemetry_UAV_05,0.1,Optimized,"['GS_01', 'SAT_55452', 'UAV_05']",UAV_05,8.29409394254859,20.0,200,HIT,48.29409394254859
111100,332,GS_01,telemetry_UAV_05,0.1,Optimized,"['GS_01', 'SAT_55452', 'UAV_05']",UAV_05,8.552004170425416,20.0,200,HIT,48.55200417042542
111100,333,GS_01,telemetry_UAV_01,0.1,Optimized,"['GS_01', 'SAT_55452', 'UAV_01']",UAV_01,8.521073949969741,20.0,200,HIT,48.52107394996974
111100,334,UAV_01,target_location_update,0.3,Optimized,"['UAV_01', 'SAT_55452', 'GS_01']",GS_01,7.883404057617001,20.0,200,HIT,127.883404057617
111100,335,UAV_05,target_location_update,0.3,Optimized,"['UAV_05', 'SAT_55452', 'GS_01']",GS_01,7.995416198636177,20.0,200,HIT,127.99541619863618
112100,336,GS_01,telemetry_UAV_05,0.1,Optimized,"['GS_01', 'SAT_55452', 'UAV_05']",UAV_05,7.989851052194842,20.0,200,HIT,47.989851052194844
112100,337,GS_01,telemetry_UAV_01,0.1,Optimized,"['GS_01', 'SAT_55452', 'UAV_01']",UAV_01,8.00125956407157,20.0,200,HIT,48.00125956407157
112600,338,UAV_01,status_update_UAV_05,0.2,Optimized,"['UAV_01', 'UAV_05']",UAV_05,0.014829039586961554,10.0,200,HIT,160.01482903958697
113100,339,GS_01,telemetry_UAV_01,0.1,Optimized,"['GS_01', 'SAT_55452', 'UAV_01']",UAV_01,8.776734792268499,20.0,200,HIT,48.7767347922685
113100,340,GS_01,telemetry_UAV_05,0.1,Optimized,"['GS_01', 'SAT_55452', 'UAV_05']",UAV_05,7.691196585106807,20.0,200,HIT,47.69119658510681
114100,341,UAV_01,status_update_UAV_05,0.2,Optimized,"['UAV_01', 'UAV_05']",UAV_05,0.01269397891383077,10.0,200,HIT,160.01269397891383
114100,342,GS_01,telemetry_UAV_05,0.1,Optimized,"['GS_01', 'SAT_55452', 'UAV_05']",UAV_05,7.951043308146835,20.0,200,HIT,47.951043308146836
114100,343,UAV_05,target_location_update,0.3,Optimized,"['UAV_05', 'SAT_55452', 'GS_01']",GS_01,7.679124271242253,20.0,200,HIT,127.67912427124226
114100,344,GS_01,telemetry_UAV_01,0.1,Optimized,"['GS_01', 'SAT_55452', 'UAV_01']",UAV_01,7.711579247488739,20.0,200,HIT,47.71157924748874
114100,345,UAV_01,target_location_update,0.3,Optimized,"['UAV_01', 'SAT_55452', 'GS_01']",GS_01,7.62085102232151,20.0,200,HIT,127.62085102232152
115100,346,GS_01,telemetry_UAV_05,0.1,Optimized,"['GS_01', 'SAT_55452', 'UAV_05']",UAV_05,8.215903610169446,20.0,200,HIT,48.21590361016945
115100,347,GS_01,telemetry_UAV_01,0.1,Optimized,"['GS_01', 'SAT_55452', 'UAV_01']",UAV_01,8.261026820150487,20.0,200,HIT,48.26102682015049
116100,348,GS_01,telemetry_UAV_05,0.1,Optimized,"['GS_01', 'SAT_55452', 'UAV_05']",UAV_05,8.157522307481011,20.0,200,HIT,48.15752230748101
116100,349,GS_01,telemetry_UAV_01,0.1,Optimized,"['GS_01', 'SAT_55452', 'UAV_01']",UAV_01,8.649944233357276,20.0,200,HIT,48.649944233357274
117100,350,GS_01,telemetry_UAV_01,0.1,Optimized,"['GS_01', 'SAT_55452', 'UAV_01']",UAV_01,8.357600796592537,20.0,200,HIT,48.357600796592536
117100,351,GS_01,telemetry_UAV_05,0.1,Optimized,"['GS_01', 'SAT_55452', 'UAV_05']",UAV_05,7.7416543513558,20.0,200,HIT,47.7416543513558
117100,352,UAV_01,target_location_update,0.3,Optimized,"['UAV_01', 'SAT_55452', 'GS_01']",GS_01,8.330660688148594,20.0,200,HIT,128.33066068814858
117100,353,UAV_05,target_location_update,0.3,Optimized,"['UAV_05', 'SAT_55452', 'GS_01']",GS_01,8.029230081280614,20.0,200,HIT,128.02923008128062
118100,354,GS_01,telemetry_UAV_01,0.1,Optimized,"['GS_01', 'SAT_55452', 'UAV_01']",UAV_01,8.640474021420916,20.0,200,HIT,48.640474021420914
118100,355,GS_01,telemetry_UAV_05,0.1,Optimized,"['GS_01', 'SAT_55452', 'UAV_05']",UAV_05,8.303992158148928,20.0,200,HIT,48.30399215814893
119100,356,GS_01,telemetry_UAV_01,0.1,Optimized,"['GS_01', 'SAT_55452', 'UAV_01']",UAV_01,8.026834639604099,20.0,200,HIT,48.0268346396041
119100,357,GS_01,telemetry_UAV_05,0.1,Optimized,"['GS_01', 'SAT_55452', 'UAV_05']",UAV_05,8.455438176793317,20.0,200,HIT,48.455438176793315
120100,358,UAV_01,target_location_update,0.3,Optimized,"['UAV_01', 'SAT_62528', 'GS_01']",GS_01,6.599512569085814,20.0,200,HIT,126.59951256908582
120100,359,GS_01,telemetry_UAV_05,0.1,Optimized,"['GS_01', 'SAT_62528', 'UAV_05']",UAV_05,6.364073492983678,20.0,200,HIT,46.36407349298368
120100,360,GS_01,telemetry_UAV_01,0.1,Optimized,"['GS_01', 'SAT_62528', 'UAV_01']",UAV_01,6.642220338787343,20.0,200,HIT,46.64222033878734
120100,361,UAV_05,target_location_update,0.3,Optimized,"['UAV_05', 'SAT_62528', 'GS_01']",GS_01,6.20876659490567,20.0,200,HIT,126.20876659490567
121100,362,GS_01,telemetry_UAV_05,0.1,Optimized,"['GS_01', 'SAT_62528', 'UAV_05']",UAV_05,6.58168920560302,20.0,200,HIT,46.58168920560302
121100,363,GS_01,telemetry_UAV_01,0.1,Optimized,"['GS_01', 'SAT_62528', 'UAV_01']",UAV_01,6.629724224151924,20.0,200,HIT,46.62972422415192
122100,364,GS_01,telemetry_UAV_05,0.1,Optimized,"['GS_01', 'SAT_62528', 'UAV_05']",UAV_05,6.746299032074052,20.0,200,HIT,46.74629903207405
122100,365,GS_01,telemetry_UAV_01,0.1,Optimized,"['GS_01', 'SAT_62528', 'UAV_01']",UAV_01,6.663378799445897,20.0,200,HIT,46.663378799445894
123000,366,GS_01,telemetry_UAV_01,0.1,Optimized,"['GS_01', 'SAT_62528', 'UAV_01']",UAV_01,6.494650181307094,20.0,200,HIT,46.494650181307094
123100,367,GS_01,telemetry_UAV_05,0.1,Optimized,"['GS_01', 'SAT_62528', 'UAV_05']",UAV_05,6.4453337045101655,20.0,200,HIT,46.44533370451016
123100,368,UAV_05,target_location_update,0.3,Optimized,"['UAV_05', 'SAT_62528', 'GS_01']",GS_01,6.4443551691311445,20.0,200,HIT,126.44435516913114
123100,369,UAV_01,target_location_update,0.3,Optimized,"['UAV_01', 'SAT_62528', 'GS_01']",GS_01,6.610729999088189,20.0,200,HIT,126.61072999908819
124100,370,GS_01,telemetry_UAV_01,0.1,Optimized,"['GS_01', 'SAT_62528', 'UAV_01']",UAV_01,7.138800867368586,20.0,200,HIT,47.13880086736859
124100,371,GS_01,telemetry_UAV_05,0.1,Optimized,"['GS_01', 'SAT_62528', 'UAV_05']",UAV_05,6.324283389487215,20.0,200,HIT,46.32428338948721
125100,372,GS_01,telemetry_UAV_05,0.1,Optimized,"['GS_01', 'SAT_62528', 'UAV_05']",UAV_05,6.495637288245078,20.0,200,HIT,46.49563728824508
125100,373,GS_01,telemetry_UAV_01,0.1,Optimized,"['GS_01', 'SAT_62528', 'UAV_01']",UAV_01,6.585009339181154,20.0,200,HIT,46.585009339181155
126100,374,GS_01,telemetry_UAV_05,0.1,Optimized,"['GS_01', 'SAT_62528', 'UAV_05']",UAV_05,6.822274042263995,20.0,200,HIT,46.822274042264
126100,375,GS_01,telemetry_UAV_01,0.1,Optimized,"['GS_01', 'SAT_62528', 'UAV_01']",UAV_01,6.89076742397724,20.0,200,HIT,46.89076742397724
126100,376,UAV_05,target_location_update,0.3,Optimized,"['UAV_05', 'SAT_62528', 'GS_01']",GS_01,6.601630406167128,20.0,200,HIT,126.60163040616713
126100,377,UAV_01,target_location_update,0.3,Optimized,"['UAV_01', 'SAT_62528', 'GS_01']",GS_01,6.149051770528226,20.0,200,HIT,126.14905177052823
127100,378,GS_01,telemetry_UAV_01,0.1,Optimized,"['GS_01', 'SAT_62528', 'UAV_01']",UAV_01,6.266741280827761,20.0,200,HIT,46.26674128082776
127100,379,GS_01,telemetry_UAV_05,0.1,Optimized,"['GS_01', 'SAT_62528', 'UAV_05']",UAV_05,7.013384945941674,20.0,200,HIT,47.013384945941674
128100,380,GS_01,telemetry_UAV_01,0.1,Optimized,"['GS_01', 'SAT_62528', 'UAV_01']",UAV_01,6.570461484149117,20.0,200,HIT,46.57046148414912
128100,381,GS_01,telemetry_UAV_05,0.1,Optimized,"['GS_01', 'SAT_62528', 'UAV_05']",UAV_05,6.5017715513477405,20.0,200,HIT,46.501771551347744
129100,382,GS_01,telemetry_UAV_05,0.1,Optimized,"['GS_01', 'SAT_62528', 'UAV_05']",UAV_05,6.9484874601700835,20.0,200,HIT,46.948487460170085
129100,383,UAV_01,target_location_update,0.3,Optimized,"['UAV_01', 'SAT_62528', 'GS_01']",GS_01,6.6963327040864655,20.0,200,HIT,126.69633270408647
129100,384,GS_01,telemetry_UAV_01,0.1,Optimized,"['GS_01', 'SAT_62528', 'UAV_01']",UAV_01,6.599500696438136,20.0,200,HIT,46.599500696438135
129100,385,UAV_05,target_location_update,0.3,Optimized,"['UAV_05', 'SAT_62528', 'GS_01']",GS_01,6.368402922282431,20.0,200,HIT,126.36840292228243
130100,386,GS_01,telemetry_UAV_01,0.1,Optimized,"['GS_01', 'SAT_47643', 'UAV_01']",UAV_01,5.585311841351988,20.0,200,HIT,45.58531184135199
130100,387,GS_01,telemetry_UAV_05,0.1,Optimized,"['GS_01', 'SAT_47643', 'UAV_05']",UAV_05,5.909769157324424,20.0,200,HIT,45.909769157324426
130100,388,UAV_01,fuel_status_UAV_05,0.1,Optimized,"['UAV_01', 'UAV_05']",UAV_05,0.015085219539047907,10.0,200,HIT,80.01508521953905
131100,389,GS_01,telemetry_UAV_01,0.1,Optimized,"['GS_01', 'SAT_47643', 'UAV_01']",UAV_01,5.937429591398864,20.0,200,HIT,45.93742959139887
131100,390,GS_01,telemetry_UAV_05,0.1,Optimized,"['GS_01', 'SAT_47643', 'UAV_05']",UAV_05,5.851756505992961,20.0,200,HIT,45.85175650599296
132100,391,GS_01,telemetry_UAV_01,0.1,Optimized,"['GS_01', 'SAT_47643', 'UAV_01']",UAV_01,5.703475723956572,20.0,200,HIT,45.70347572395657
132100,392,UAV_05,target_location_update,0.3,Optimized,"['UAV_05', 'SAT_47643', 'GS_01']",GS_01,6.167594763992451,20.0,200,HIT,126.16759476399245
132100,393,GS_01,telemetry_UAV_05,0.1,Optimized,"['GS_01', 'SAT_47643', 'UAV_05']",UAV_05,6.287600289586161,20.0,200,HIT,46.28760028958616
132100,394,UAV_01,target_location_update,0.3,Optimized,"['UAV_01', 'SAT_47643', 'GS_01']",GS_01,5.760745146904423,20.0,200,HIT,125.76074514690443
133100,395,GS_01,telemetry_UAV_01,0.1,Optimized,"['GS_01', 'SAT_47643', 'UAV_01']",UAV_01,5.93358936259524,20.0,200,HIT,45.93358936259524
133100,396,GS_01,telemetry_UAV_05,0.1,Optimized,"['GS_01', 'SAT_47643', 'UAV_05']",UAV_05,6.458719713426435,20.0,200,HIT,46.45871971342643
134100,397,GS_01,telemetry_UAV_01,0.1,Optimized,"['GS_01', 'SAT_47643', 'UAV_01']",UAV_01,5.857410847012106,20.0,200,HIT,45.857410847012105
134100,398,GS_01,telemetry_UAV_05,0.1,Optimized,"['GS_01', 'SAT_47643', 'UAV_05']",UAV_05,6.3987581558431454,20.0,200,HIT,46.39875815584315
135100,399,GS_01,telemetry_UAV_05,0.1,Optimized,"['GS_01', 'SAT_47643', 'UAV_05']",UAV_05,6.0892842927723665,20.0,200,HIT,46.08928429277237
135100,400,UAV_05,target_location_update,0.3,Optimized,"['UAV_05', 'SAT_47643', 'GS_01']",GS_01,6.26478490477918,20.0,200,HIT,126.26478490477918
135100,401,GS_01,telemetry_UAV_01,0.1,Optimized,"['GS_01', 'SAT_47643', 'UAV_01']",UAV_01,6.109748057740336,20.0,200,HIT,46.10974805774033
135100,402,UAV_01,target_location_update,0.3,Optimized,"['UAV_01', 'SAT_47643', 'GS_01']",GS_01,6.041542336116473,20.0,200,HIT,126.04154233611648
136100,403,GS_01,telemetry_UAV_05,0.1,Optimized,"['GS_01', 'SAT_47643', 'UAV_05']",UAV_05,5.707735092929772,20.0,200,HIT,45.707735092929774
136100,404,GS_01,telemetry_UAV_01,0.1,Optimized,"['GS_01', 'SAT_47643', 'UAV_01']",UAV_01,6.034972545472755,20.0,200,HIT,46.034972545472755
137100,405,GS_01,telemetry_UAV_01,0.1,Optimized,"['GS_01', 'SAT_47643', 'UAV_01']",UAV_01,5.713700924980119,20.0,200,HIT,45.71370092498012
137100,406,GS_01,telemetry_UAV_05,0.1,Optimized,"['GS_01', 'SAT_47643', 'UAV_05']",UAV_05,5.78531216552613,20.0,200,HIT,45.78531216552613
138100,407,GS_01,telemetry_UAV_01,0.1,Optimized,"['GS_01', 'SAT_47643', 'UAV_01']",UAV_01,5.545334077734032,20.0,200,HIT,45.54533407773403
138100,408,GS_01,telemetry_UAV_05,0.1,Optimized,"['GS_01', 'SAT_47643', 'UAV_05']",UAV_05,5.859327796072042,20.0,200,HIT,45.859327796072044
138100,409,UAV_01,target_location_update,0.3,Optimized,"['UAV_01', 'SAT_47643', 'GS_01']",GS_01,5.9727022300755195,20.0,200,HIT,125.97270223007553
138100,410,UAV_05,target_location_update,0.3,Optimized,"['UAV_05', 'SAT_47643', 'GS_01']",GS_01,6.119539189236985,20.0,200,HIT,126.11953918923699
139100,411,GS_01,telemetry_UAV_05,0.1,Optimized,"['GS_01', 'SAT_47643', 'UAV_05']",UAV_05,6.650051079449898,20.0,200,HIT,46.650051079449895
139100,412,GS_01,telemetry_UAV_01,0.1,Optimized,"['GS_01', 'SAT_47643', 'UAV_01']",UAV_01,5.629697316502234,20.0,200,HIT,45.62969731650223
140100,413,GS_01,telemetry_UAV_01,0.1,Optimized,"['GS_01', 'SAT_47643', 'UAV_01']",UAV_01,5.505020587594199,20.0,200,HIT,45.5050205875942
140100,414,GS_01,telemetry_UAV_05,0.1,Optimized,"['GS_01', 'SAT_47643', 'UAV_05']",UAV_05,5.102197010778793,20.0,200,HIT,45.102197010778795
141100,415,GS_01,telemetry_UAV_01,0.1,Optimized,"['GS_01', 'SAT_47643', 'UAV_01']",UAV_01,5.853131208249193,20.0,200,HIT,45.853131208249195
141100,416,GS_01,telemetry_UAV_05,0.1,Optimized,"['GS_01', 'SAT_47643', 'UAV_05']",UAV_05,5.1805399846788625,20.0,200,HIT,45.18053998467886
141100,417,UAV_05,target_location_update,0.3,Optimized,"['UAV_05', 'SAT_47643', 'GS_01']",GS_01,5.0952337181156295,20.0,200,HIT,125.09523371811562
141100,418,UAV_01,target_location_update,0.3,Optimized,"['UAV_01', 'SAT_47643', 'GS_01']",GS_01,5.8215494569073085,20.0,200,HIT,125.8215494569073
142100,419,GS_01,telemetry_UAV_05,0.1,Optimized,"['GS_01', 'SAT_47643', 'UAV_05']",UAV_05,5.42493457632148,20.0,200,HIT,45.424934576321476
142100,420,GS_01,telemetry_UAV_01,0.1,Optimized,"['GS_01', 'SAT_47643', 'UAV_01']",UAV_01,5.201908360194397,20.0,200,HIT,45.201908360194395
143100,421,GS_01,telemetry_UAV_01,0.1,Optimized,"['GS_01', 'SAT_47643', 'UAV_01']",UAV_01,5.473463435666948,20.0,200,HIT,45.47346343566695
143100,422,GS_01,telemetry_UAV_05,0.1,Optimized,"['GS_01', 'SAT_47643', 'UAV_05']",UAV_05,5.5199822115898955,20.0,200,HIT,45.5199822115899
144100,423,UAV_05,target_location_update,0.3,Optimized,"['UAV_05', 'SAT_47643', 'GS_01']",GS_01,5.269391525989301,20.0,200,HIT,125.2693915259893
144100,424,GS_01,telemetry_UAV_01,0.1,Optimized,"['GS_01', 'SAT_47643', 'UAV_01']",UAV_01,5.395086677562873,20.0,200,HIT,45.39508667756287
144100,425,GS_01,telemetry_UAV_05,0.1,Optimized,"['GS_01', 'SAT_47643', 'UAV_05']",UAV_05,5.110207100879663,20.0,200,HIT,45.11020710087966
144100,426,UAV_01,target_location_update,0.3,Optimized,"['UAV_01', 'SAT_47643', 'GS_01']",GS_01,5.415021753595796,20.0,200,HIT,125.4150217535958
145100,427,GS_01,telemetry_UAV_01,0.1,Optimized,"['GS_01', 'SAT_47643', 'UAV_01']",UAV_01,5.230962627043651,20.0,200,HIT,45.23096262704365
145100,428,GS_01,telemetry_UAV_05,0.1,Optimized,"['GS_01', 'SAT_47643', 'UAV_05']",UAV_05,5.302558271269325,20.0,200,HIT,45.302558271269326
146100,429,GS_01,telemetry_UAV_01,0.1,Optimized,"['GS_01', 'SAT_47643', 'UAV_01']",UAV_01,5.287358471514678,20.0,200,HIT,45.28735847151468
146100,430,GS_01,telemetry_UAV_05,0.1,Optimized,"['GS_01', 'SAT_47643', 'UAV_05']",UAV_05,5.314895128971436,20.0,200,HIT,45.314895128971436
147100,431,GS_01,telemetry_UAV_01,0.1,Optimized,"['GS_01', 'SAT_47643', 'UAV_01']",UAV_01,5.260637152242646,20.0,200,HIT,45.260637152242644
147100,432,GS_01,telemetry_UAV_05,0.1,Optimized,"['GS_01', 'SAT_47643', 'UAV_05']",UAV_05,5.576354124968665,20.0,200,HIT,45.57635412496867
147100,433,UAV_05,target_location_update,0.3,Optimized,"['UAV_05', 'SAT_47643', 'GS_01']",GS_01,5.4413815005691015,20.0,200,HIT,125.44138150056911
147100,434,UAV_01,target_location_update,0.3,Optimized,"['UAV_01', 'SAT_47643', 'GS_01']",GS_01,5.5066443312035585,20.0,200,HIT,125.50664433120356
148100,435,GS_01,telemetry_UAV_05,0.1,Optimized,"['GS_01', 'SAT_47643', 'UAV_05']",UAV_05,5.287479499427803,20.0,200,HIT,45.2874794994278
148100,436,GS_01,telemetry_UAV_01,0.1,Optimized,"['GS_01', 'SAT_47643', 'UAV_01']",UAV_01,5.545635567277853,20.0,200,HIT,45.545635567277856
149100,437,GS_01,telemetry_UAV_05,0.1,Optimized,"['GS_01', 'SAT_47643', 'UAV_05']",UAV_05,5.6122485722406,20.0,200,HIT,45.6122485722406
149100,438,GS_01,telemetry_UAV_01,0.1,Optimized,"['GS_01', 'SAT_47643', 'UAV_01']",UAV_01,5.66051750798877,20.0,200,HIT,45.66051750798877
150100,439,GS_01,telemetry_UAV_05,0.1,Optimized,"['GS_01', 'SAT_47643', 'UAV_05']",UAV_05,5.146237187394325,20.0,200,HIT,45.14623718739433
150100,440,GS_01,telemetry_UAV_01,0.1,Optimized,"['GS_01', 'SAT_47643', 'UAV_01']",UAV_01,4.90044652303377,20.0,200,HIT,44.90044652303377
150100,441,UAV_01,target_location_update,0.3,Optimized,"['UAV_01', 'SAT_47643', 'GS_01']",GS_01,4.981432069755772,20.0,200,HIT,124.98143206975577
150100,442,UAV_05,target_location_update,0.3,Optimized,"['UAV_05', 'SAT_47643', 'GS_01']",GS_01,5.090510832211104,20.0,200,HIT,125.09051083221111
151100,443,GS_01,telemetry_UAV_01,0.1,Optimized,"['GS_01', 'SAT_47643', 'UAV_01']",UAV_01,5.345379533305419,20.0,200,HIT,45.34537953330542
151100,444,GS_01,telemetry_UAV_05,0.1,Optimized,"['GS_01', 'SAT_47643', 'UAV_05']",UAV_05,5.384629054548681,20.0,200,HIT,45.38462905454868
152100,445,GS_01,telemetry_UAV_05,0.1,Optimized,"['GS_01', 'SAT_47643', 'UAV_05']",UAV_05,5.232929817943857,20.0,200,HIT,45.232929817943855
152100,446,GS_01,telemetry_UAV_01,0.1,Optimized,"['GS_01', 'SAT_47643', 'UAV_01']",UAV_01,5.159200935622805,20.0,200,HIT,45.159200935622806
153100,447,UAV_01,target_location_update,0.3,Optimized,"['UAV_01', 'SAT_47643', 'GS_01']",GS_01,4.689956614087645,20.0,200,HIT,124.68995661408765
153100,448,GS_01,telemetry_UAV_01,0.1,Optimized,"['GS_01', 'SAT_47643', 'UAV_01']",UAV_01,5.05700639955011,20.0,200,HIT,45.05700639955011
153100,449,GS_01,telemetry_UAV_05,0.1,Optimized,"['GS_01', 'SAT_47643', 'UAV_05']",UAV_05,5.072644084205987,20.0,200,HIT,45.07264408420599
153100,450,UAV_05,target_location_update,0.3,Optimized,"['UAV_05', 'SAT_47643', 'GS_01']",GS_01,5.147284713219191,20.0,200,HIT,125.1472847132192
154100,451,GS_01,telemetry_UAV_05,0.1,Optimized,"['GS_01', 'SAT_47643', 'UAV_05']",UAV_05,5.309070038050978,20.0,200,HIT,45.309070038050976
154100,452,GS_01,telemetry_UAV_01,0.1,Optimized,"['GS_01', 'SAT_47643', 'UAV_01']",UAV_01,5.35080080137678,20.0,200,HIT,45.35080080137678
155100,453,GS_01,telemetry_UAV_01,0.1,Optimized,"['GS_01', 'SAT_47643', 'UAV_01']",UAV_01,5.223339696459988,20.0,200,HIT,45.22333969645999
155100,454,UAV_01,fuel_status_UAV_05,0.1,Optimized,"['UAV_01', 'UAV_05']",UAV_05,0.014982087171300822,10.0,200,HIT,80.0149820871713
155100,455,GS_01,telemetry_UAV_05,0.1,Optimized,"['GS_01', 'SAT_47643', 'UAV_05']",UAV_05,4.604177790834759,20.0,200,HIT,44.60417779083476
156100,456,GS_01,telemetry_UAV_01,0.1,Optimized,"['GS_01', 'SAT_47643', 'UAV_01']",UAV_01,4.762749914301937,20.0,200,HIT,44.762749914301935
156100,457,GS_01,telemetry_UAV_05,0.1,Optimized,"['GS_01', 'SAT_47643', 'UAV_05']",UAV_05,4.8788224801757405,20.0,200,HIT,44.87882248017574
156100,458,UAV_05,target_location_update,0.3,Optimized,"['UAV_05', 'SAT_47643', 'GS_01']",GS_01,5.034039922567166,20.0,200,HIT,125.03403992256716
156100,459,UAV_01,target_location_update,0.3,Optimized,"['UAV_01', 'SAT_47643', 'GS_01']",GS_01,4.813267166430442,20.0,200,HIT,124.81326716643044
157100,460,GS_01,telemetry_UAV_05,0.1,Optimized,"['GS_01', 'SAT_47643', 'UAV_05']",UAV_05,4.920707012953193,20.0,200,HIT,44.920707012953194
157100,461,GS_01,telemetry_UAV_01,0.1,Optimized,"['GS_01', 'SAT_47643', 'UAV_01']",UAV_01,4.909064847193154,20.0,200,HIT,44.90906484719315
158100,462,GS_01,telemetry_UAV_05,0.1,Optimized,"['GS_01', 'SAT_47643', 'UAV_05']",UAV_05,5.035137132673729,20.0,200,HIT,45.035137132673725
158100,463,GS_01,telemetry_UAV_01,0.1,Optimized,"['GS_01', 'SAT_47643', 'UAV_01']",UAV_01,4.694726615334164,20.0,200,HIT,44.69472661533416
159100,464,UAV_01,target_location_update,0.3,Optimized,"['UAV_01', 'SAT_47643', 'GS_01']",GS_01,4.923837199602663,20.0,200,HIT,124.92383719960266
159100,465,GS_01,telemetry_UAV_01,0.1,Optimized,"['GS_01', 'SAT_47643', 'UAV_01']",UAV_01,4.813748595685208,20.0,200,HIT,44.81374859568521
159100,466,GS_01,telemetry_UAV_05,0.1,Optimized,"['GS_01', 'SAT_47643', 'UAV_05']",UAV_05,5.092664119500286,20.0,200,HIT,45.092664119500284
159100,467,UAV_01,status_update_UAV_05,0.2,Optimized,"['UAV_01', 'UAV_05']",UAV_05,0.017623808533742475,10.0,200,HIT,160.01762380853376
159100,468,UAV_05,target_location_update,0.3,Optimized,"['UAV_05', 'SAT_47643', 'GS_01']",GS_01,4.722181845355454,20.0,200,HIT,124.72218184535545
160100,469,GS_01,telemetry_UAV_01,0.1,Optimized,"['GS_01', 'SAT_47643', 'UAV_01']",UAV_01,4.646567348087211,20.0,200,HIT,44.64656734808721
160100,470,GS_01,telemetry_UAV_05,0.1,Optimized,"['GS_01', 'SAT_47643', 'UAV_05']",UAV_05,4.724371315834019,20.0,200,HIT,44.72437131583402
161100,471,GS_01,telemetry_UAV_01,0.1,Optimized,"['GS_01', 'SAT_47643', 'UAV_01']",UAV_01,4.584695579317666,20.0,200,HIT,44.58469557931767
161100,472,GS_01,telemetry_UAV_05,0.1,Optimized,"['GS_01', 'SAT_47643', 'UAV_05']",UAV_05,4.959986471313517,20.0,200,HIT,44.95998647131351
162100,473,UAV_05,target_location_update,0.3,Optimized,"['UAV_05', 'SAT_47643', 'GS_01']",GS_01,4.31458130776469,20.0,200,HIT,124.31458130776468
162100,474,GS_01,telemetry_UAV_01,0.1,Optimized,"['GS_01', 'SAT_47643', 'UAV_01']",UAV_01,4.600324475658121,20.0,200,HIT,44.60032447565812
162100,475,GS_01,telemetry_UAV_05,0.1,Optimized,"['GS_01', 'SAT_47643', 'UAV_05']",UAV_05,4.961706287492702,20.0,200,HIT,44.9617062874927
162100,476,UAV_01,target_location_update,0.3,Optimized,"['UAV_01', 'SAT_47643', 'GS_01']",GS_01,4.650963179051448,20.0,200,HIT,124.65096317905144
163100,477,GS_01,telemetry_UAV_05,0.1,Optimized,"['GS_01', 'SAT_47643', 'UAV_05']",UAV_05,4.687414972522385,20.0,200,HIT,44.68741497252238
163100,478,GS_01,telemetry_UAV_01,0.1,Optimized,"['GS_01', 'SAT_47643', 'UAV_01']",UAV_01,4.773960236175034,20.0,200,HIT,44.773960236175036
164100,479,GS_01,telemetry_UAV_01,0.1,Optimized,"['GS_01', 'SAT_47643', 'UAV_01']",UAV_01,4.9975609966173575,20.0,200,HIT,44.99756099661736
164100,480,GS_01,telemetry_UAV_05,0.1,Optimized,"['GS_01', 'SAT_47643', 'UAV_05']",UAV_05,4.779495943644394,20.0,200,HIT,44.77949594364439
165000,481,GS_01,telemetry_UAV_01,0.1,Optimized,"['GS_01', 'SAT_47643', 'UAV_01']",UAV_01,4.669133685578462,20.0,200,HIT,44.66913368557846
165100,482,UAV_05,target_location_update,0.3,Optimized,"['UAV_05', 'SAT_47643', 'GS_01']",GS_01,5.0500481953309455,20.0,200,HIT,125.05004819533094
165100,483,GS_01,telemetry_UAV_05,0.1,Optimized,"['GS_01', 'SAT_47643', 'UAV_05']",UAV_05,4.622658933390267,20.0,200,HIT,44.62265893339027
165100,484,UAV_01,target_location_update,0.3,Optimized,"['UAV_01', 'SAT_47643', 'GS_01']",GS_01,4.639258962056057,20.0,200,HIT,124.63925896205606
165100,485,UAV_01,fuel_status_UAV_05,0.1,Optimized,"['UAV_01', 'UAV_05']",UAV_05,0.012541801167224398,10.0,200,HIT,80.01254180116723
166100,486,GS_01,telemetry_UAV_05,0.1,Optimized,"['GS_01', 'SAT_47643', 'UAV_05']",UAV_05,4.958912514957781,20.0,200,HIT,44.95891251495778
166100,487,GS_01,telemetry_UAV_01,0.1,Optimized,"['GS_01', 'SAT_47643', 'UAV_01']",UAV_01,4.944341402586627,20.0,200,HIT,44.94434140258663
167100,488,GS_01,telemetry_UAV_05,0.1,Optimized,"['GS_01', 'SAT_47643', 'UAV_05']",UAV_05,4.929619046640491,20.0,200,HIT,44.92961904664049
167100,489,GS_01,telemetry_UAV_01,0.1,Optimized,"['GS_01', 'SAT_47643', 'UAV_01']",UAV_01,4.460932459186731,20.0,200,HIT,44.46093245918673
168100,490,GS_01,telemetry_UAV_01,0.1,Optimized,"['GS_01', 'SAT_47643', 'UAV_01']",UAV_01,4.686492246619271,20.0,200,HIT,44.686492246619274
168100,491,GS_01,telemetry_UAV_05,0.1,Optimized,"['GS_01', 'SAT_47643', 'UAV_05']",UAV_05,4.866197936140171,20.0,200,HIT,44.86619793614017
168100,492,UAV_05,target_location_update,0.3,Optimized,"['UAV_05', 'SAT_47643', 'GS_01']",GS_01,4.647290487696311,20.0,200,HIT,124.64729048769631
168100,493,UAV_01,target_location_update,0.3,Optimized,"['UAV_01', 'SAT_47643', 'GS_01']",GS_01,4.8597958692656125,20.0,200,HIT,124.85979586926561
169100,494,GS_01,telemetry_UAV_01,0.1,Optimized,"['GS_01', 'SAT_47643', 'UAV_01']",UAV_01,4.925231674820266,20.0,200,HIT,44.92523167482027
169100,495,GS_01,telemetry_UAV_05,0.1,Optimized,"['GS_01', 'SAT_47643', 'UAV_05']",UAV_05,4.853631452583652,20.0,200,HIT,44.853631452583656
170100,496,GS_01,telemetry_UAV_01,0.1,Optimized,"['GS_01', 'SAT_47643', 'UAV_01']",UAV_01,4.267564059302998,20.0,200,HIT,44.267564059303
170100,497,GS_01,telemetry_UAV_05,0.1,Optimized,"['GS_01', 'SAT_47643', 'UAV_05']",UAV_05,4.709948672410098,20.0,200,HIT,44.7099486724101
171000,498,GS_01,telemetry_UAV_01,0.1,Optimized,"['GS_01', 'SAT_47643', 'UAV_01']",UAV_01,4.475520513262761,20.0,200,HIT,44.47552051326276
171100,499,GS_01,telemetry_UAV_05,0.1,Optimized,"['GS_01', 'SAT_47643', 'UAV_05']",UAV_05,4.935696500931766,20.0,200,HIT,44.93569650093177
171100,500,UAV_05,target_location_update,0.3,Optimized,"['UAV_05', 'SAT_47643', 'GS_01']",GS_01,4.623876240244553,20.0,200,HIT,124.62387624024456
171100,501,UAV_01,target_location_update,0.3,Optimized,"['UAV_01', 'SAT_47643', 'GS_01']",GS_01,4.633486102840825,20.0,200,HIT,124.63348610284082
172100,502,GS_01,telemetry_UAV_01,0.1,Optimized,"['GS_01', 'SAT_47643', 'UAV_01']",UAV_01,4.6938750408245085,20.0,200,HIT,44.69387504082451
172100,503,GS_01,telemetry_UAV_05,0.1,Optimized,"['GS_01', 'SAT_47643', 'UAV_05']",UAV_05,4.500608705998605,20.0,200,HIT,44.5006087059986
173100,504,GS_01,telemetry_UAV_05,0.1,Optimized,"['GS_01', 'SAT_47643', 'UAV_05']",UAV_05,4.996704052874399,20.0,200,HIT,44.9967040528744
173100,505,GS_01,telemetry_UAV_01,0.1,Optimized,"['GS_01', 'SAT_47643', 'UAV_01']",UAV_01,4.489770161822095,20.0,200,HIT,44.48977016182209
174100,506,GS_01,telemetry_UAV_01,0.1,Optimized,"['GS_01', 'SAT_47643', 'UAV_01']",UAV_01,4.198220639789229,20.0,200,HIT,44.19822063978923
174100,507,UAV_05,target_location_update,0.3,Optimized,"['UAV_05', 'SAT_47643', 'GS_01']",GS_01,4.668940292473386,20.0,200,HIT,124.66894029247338
174100,508,GS_01,telemetry_UAV_05,0.1,Optimized,"['GS_01', 'SAT_47643', 'UAV_05']",UAV_05,4.318983628986475,20.0,200,HIT,44.31898362898647
174100,509,UAV_01,target_location_update,0.3,Optimized,"['UAV_01', 'SAT_47643', 'GS_01']",GS_01,4.389257148347506,20.0,200,HIT,124.38925714834751
175100,510,GS_01,telemetry_UAV_01,0.1,Optimized,"['GS_01', 'SAT_47643', 'UAV_01']",UAV_01,4.722083433531618,20.0,200,HIT,44.722083433531616
175100,511,GS_01,telemetry_UAV_05,0.1,Optimized,"['GS_01', 'SAT_47643', 'UAV_05']",UAV_05,4.656697048228126,20.0,200,HIT,44.656697048228125
176100,512,GS_01,telemetry_UAV_05,0.1,Optimized,"['GS_01', 'SAT_47643', 'UAV_05']",UAV_05,4.693546547330383,20.0,200,HIT,44.693546547330385
176100,513,GS_01,telemetry_UAV_01,0.1,Optimized,"['GS_01', 'SAT_47643', 'UAV_01']",UAV_01,4.3502909445304745,20.0,200,HIT,44.35029094453047
177100,514,GS_01,telemetry_UAV_01,0.1,Optimized,"['GS_01', 'SAT_47643', 'UAV_01']",UAV_01,4.410919812201346,20.0,200,HIT,44.41091981220134
177100,515,GS_01,telemetry_UAV_05,0.1,Optimized,"['GS_01', 'SAT_47643', 'UAV_05']",UAV_05,4.50590319364562,20.0,200,HIT,44.50590319364562
177100,516,UAV_05,target_location_update,0.3,Optimized,"['UAV_05', 'SAT_47643', 'GS_01']",GS_01,4.3338098963570735,20.0,200,HIT,124.33380989635707
177100,517,UAV_01,target_location_update,0.3,Optimized,"['UAV_01', 'SAT_47643', 'GS_01']",GS_01,4.158797268517588,20.0,200,HIT,124.15879726851759
178100,518,GS_01,telemetry_UAV_05,0.1,Optimized,"['GS_01', 'SAT_47643', 'UAV_05']",UAV_05,4.605004640156427,20.0,200,HIT,44.60500464015642
178100,519,GS_01,telemetry_UAV_01,0.1,Optimized,"['GS_01', 'SAT_47643', 'UAV_01']",UAV_01,4.671882157937258,20.0,200,HIT,44.67188215793726
179100,520,GS_01,telemetry_UAV_01,0.1,Optimized,"['GS_01', 'SAT_47643', 'UAV_01']",UAV_01,4.4228318012679875,20.0,200,HIT,44.42283180126799
179100,521,GS_01,telemetry_UAV_05,0.1,Optimized,"['GS_01', 'SAT_47643', 'UAV_05']",UAV_05,4.451923157921168,20.0,200,HIT,44.45192315792117
179600,522,UAV_05,emergency_assistance,0.1,Optimized,"['UAV_05', 'SAT_47643', 'GS_01']",GS_01,4.594499998459536,20.0,200,HIT,44.59449999845954
180100,523,UAV_01,target_location_update,0.3,Optimized,"['UAV_01', 'SAT_47643', 'GS_01']",GS_01,4.65238158041865,20.0,200,HIT,124.65238158041865
180100,524,GS_01,telemetry_UAV_01,0.1,Optimized,"['GS_01', 'SAT_47643', 'UAV_01']",UAV_01,4.606234837043825,20.0,200,HIT,44.60623483704383
180100,525,UAV_05,target_location_update,0.3,Optimized,"['UAV_05', 'SAT_47643', 'GS_01']",GS_01,4.91824056517736,20.0,200,HIT,124.91824056517736
180100,526,GS_01,telemetry_UAV_05,0.1,Optimized,"['GS_01', 'SAT_47643', 'UAV_05']",UAV_05,4.737496286770968,20.0,200,HIT,44.73749628677097
181100,527,GS_01,telemetry_UAV_01,0.1,Optimized,"['GS_01', 'SAT_47643', 'UAV_01']",UAV_01,4.594275535099449,20.0,200,HIT,44.59427553509945
181100,528,GS_01,telemetry_UAV_05,0.1,Optimized,"['GS_01', 'SAT_47643', 'UAV_05']",UAV_05,4.282313385992989,20.0,200,HIT,44.28231338599299
182100,529,GS_01,telemetry_UAV_05,0.1,Optimized,"['GS_01', 'SAT_47643', 'UAV_05']",UAV_05,4.562988752635057,20.0,200,HIT,44.56298875263506
182100,530,GS_01,telemetry_UAV_01,0.1,Optimized,"['GS_01', 'SAT_47643', 'UAV_01']",UAV_01,4.888006525052563,20.0,200,HIT,44.88800652505256
183100,531,UAV_01,target_location_update,0.3,Optimized,"['UAV_01', 'SAT_47643', 'GS_01']",GS_01,4.543191096423071,20.0,200,HIT,124.54319109642307
183100,532,GS_01,telemetry_UAV_01,0.1,Optimized,"['GS_01', 'SAT_47643', 'UAV_01']",UAV_01,4.247833531306378,20.0,200,HIT,44.24783353130638
183100,533,GS_01,telemetry_UAV_05,0.1,Optimized,"['GS_01', 'SAT_47643', 'UAV_05']",UAV_05,4.6272044184327275,20.0,200,HIT,44.627204418432726
183100,534,UAV_05,target_location_update,0.3,Optimized,"['UAV_05', 'SAT_47643', 'GS_01']",GS_01,4.706255496914294,20.0,200,HIT,124.7062554969143
184100,535,GS_01,telemetry_UAV_05,0.1,Optimized,"['GS_01', 'SAT_47643', 'UAV_05']",UAV_05,4.556551921875448,20.0,200,HIT,44.556551921875446
184100,536,GS_01,telemetry_UAV_01,0.1,Optimized,"['GS_01', 'SAT_47643', 'UAV_01']",UAV_01,4.367040882399126,20.0,200,HIT,44.367040882399124
185100,537,GS_01,telemetry_UAV_01,0.1,Optimized,"['GS_01', 'SAT_47643', 'UAV_01']",UAV_01,4.604638175438937,20.0,200,HIT,44.604638175438936
185100,538,GS_01,telemetry_UAV_05,0.1,Optimized,"['GS_01', 'SAT_47643', 'UAV_05']",UAV_05,4.407072280773484,20.0,200,HIT,44.407072280773484
186100,539,GS_01,telemetry_UAV_05,0.1,Optimized,"['GS_01', 'SAT_47643', 'UAV_05']",UAV_05,4.426054524909162,20.0,200,HIT,44.42605452490916
186100,540,GS_01,telemetry_UAV_01,0.1,Optimized,"['GS_01', 'SAT_47643', 'UAV_01']",UAV_01,4.562088250137057,20.0,200,HIT,44.56208825013706
186100,541,UAV_05,target_location_update,0.3,Optimized,"['UAV_05', 'SAT_47643', 'GS_01']",GS_01,4.723634065834373,20.0,200,HIT,124.72363406583437
186100,542,UAV_01,target_location_update,0.3,Optimized,"['UAV_01', 'SAT_47643', 'GS_01']",GS_01,4.728312451498143,20.0,200,HIT,124.72831245149814
187100,543,GS_01,telemetry_UAV_01,0.1,Optimized,"['GS_01', 'SAT_47643', 'UAV_01']",UAV_01,4.4373850324851345,20.0,200,HIT,44.43738503248513
187100,544,GS_01,telemetry_UAV_05,0.1,Optimized,"['GS_01', 'SAT_47643', 'UAV_05']",UAV_05,4.248742456150981,20.0,200,HIT,44.24874245615098
188100,545,GS_01,telemetry_UAV_01,0.1,Optimized,"['GS_01', 'SAT_47643', 'UAV_01']",UAV_01,4.396772595882876,20.0,200,HIT,44.39677259588288
188100,546,GS_01,telemetry_UAV_05,0.1,Optimized,"['GS_01', 'SAT_47643', 'UAV_05']",UAV_05,4.611733933665391,20.0,200,HIT,44.61173393366539
189100,547,GS_01,telemetry_UAV_01,0.1,Optimized,"['GS_01', 'SAT_47643', 'UAV_01']",UAV_01,4.875826071624012,20.0,200,HIT,44.87582607162401
189100,548,GS_01,telemetry_UAV_05,0.1,Optimized,"['GS_01', 'SAT_47643', 'UAV_05']",UAV_05,4.795084439001634,20.0,200,HIT,44.795084439001634
189100,549,UAV_05,target_location_update,0.3,Optimized,"['UAV_05', 'SAT_47643', 'GS_01']",GS_01,4.756886323766098,20.0,200,HIT,124.7568863237661
189100,550,UAV_01,target_location_update,0.3,Optimized,"['UAV_01', 'SAT_47643', 'GS_01']",GS_01,4.280303726640914,20.0,200,HIT,124.28030372664091
190100,551,GS_01,telemetry_UAV_05,0.1,Optimized,"['GS_01', 'SAT_47643', 'UAV_05']",UAV_05,4.757740584559089,20.0,200,HIT,44.75774058455909
190100,552,GS_01,telemetry_UAV_01,0.1,Optimized,"['GS_01', 'SAT_47643', 'UAV_01']",UAV_01,4.914458803281334,20.0,200,HIT,44.914458803281335
191100,553,GS_01,telemetry_UAV_05,0.1,Optimized,"['GS_01', 'SAT_47643', 'UAV_05']",UAV_05,5.187948775483693,20.0,200,HIT,45.18794877548369
191100,554,GS_01,telemetry_UAV_01,0.1,Optimized,"['GS_01', 'SAT_47643', 'UAV_01']",UAV_01,4.905754209204826,20.0,200,HIT,44.90575420920483
192100,555,GS_01,telemetry_UAV_01,0.1,Optimized,"['GS_01', 'SAT_47643', 'UAV_01']",UAV_01,4.565005667010924,20.0,200,HIT,44.56500566701092
192100,556,UAV_01,target_location_update,0.3,Optimized,"['UAV_01', 'SAT_47643', 'GS_01']",GS_01,4.659216731973674,20.0,200,HIT,124.65921673197367
192100,557,GS_01,telemetry_UAV_05,0.1,Optimized,"['GS_01', 'SAT_47643', 'UAV_05']",UAV_05,4.760800398158812,20.0,200,HIT,44.760800398158814
192100,558,UAV_05,target_location_update,0.3,Optimized,"['UAV_05', 'SAT_47643', 'GS_01']",GS_01,4.6587773412605475,20.0,200,HIT,124.65877734126055
193100,559,GS_01,telemetry_UAV_01,0.1,Optimized,"['GS_01', 'SAT_47643', 'UAV_01']",UAV_01,4.693719780924099,20.0,200,HIT,44.6937197809241
193100,560,GS_01,telemetry_UAV_05,0.1,Optimized,"['GS_01', 'SAT_47643', 'UAV_05']",UAV_05,4.980337506334205,20.0,200,HIT,44.98033750633421
194100,561,GS_01,telemetry_UAV_05,0.1,Optimized,"['GS_01', 'SAT_47643', 'UAV_05']",UAV_05,4.507318356105755,20.0,200,HIT,44.507318356105756
194100,562,GS_01,telemetry_UAV_01,0.1,Optimized,"['GS_01', 'SAT_47643', 'UAV_01']",UAV_01,4.825910165852623,20.0,200,HIT,44.82591016585262
195100,563,GS_01,telemetry_UAV_01,0.1,Optimized,"['GS_01', 'SAT_47643', 'UAV_01']",UAV_01,5.271586387030653,20.0,200,HIT,45.27158638703065
195100,564,GS_01,telemetry_UAV_05,0.1,Optimized,"['GS_01', 'SAT_47643', 'UAV_05']",UAV_05,5.259261462630487,20.0,200,HIT,45.25926146263049
195100,565,UAV_05,target_location_update,0.3,Optimized,"['UAV_05', 'SAT_47643', 'GS_01']",GS_01,4.551614651375719,20.0,200,HIT,124.55161465137571
195100,566,UAV_01,target_location_update,0.3,Optimized,"['UAV_01', 'SAT_47643', 'GS_01']",GS_01,4.875353662844374,20.0,200,HIT,124.87535366284438
196100,567,GS_01,telemetry_UAV_05,0.1,Optimized,"['GS_01', 'SAT_47643', 'UAV_05']",UAV_05,4.873474647515581,20.0,200,HIT,44.87347464751558
196100,568,GS_01,telemetry_UAV_01,0.1,Optimized,"['GS_01', 'SAT_47643', 'UAV_01']",UAV_01,5.0286365574065925,20.0,200,HIT,45.02863655740659
197100,569,GS_01,telemetry_UAV_01,0.1,Optimized,"['GS_01', 'SAT_47643', 'UAV_01']",UAV_01,4.9967138843516805,20.0,200,HIT,44.99671388435168
197100,570,GS_01,telemetry_UAV_05,0.1,Optimized,"['GS_01', 'SAT_47643', 'UAV_05']",UAV_05,4.808904940481373,20.0,200,HIT,44.80890494048137
198100,571,GS_01,telemetry_UAV_01,0.1,Optimized,"['GS_01', 'SAT_47643', 'UAV_01']",UAV_01,5.030870720847728,20.0,200,HIT,45.03087072084773
198100,572,GS_01,telemetry_UAV_05,0.1,Optimized,"['GS_01', 'SAT_47643', 'UAV_05']",UAV_05,5.187846268244856,20.0,200,HIT,45.187846268244854
198100,573,UAV_05,target_location_update,0.3,Optimized,"['UAV_05', 'SAT_47643', 'GS_01']",GS_01,4.779214384358454,20.0,200,HIT,124.77921438435845
198100,574,UAV_01,target_location_update,0.3,Optimized,"['UAV_01', 'SAT_47643', 'GS_01']",GS_01,5.256707045242024,20.0,200,HIT,125.25670704524202
199100,575,GS_01,telemetry_UAV_01,0.1,Optimized,"['GS_01', 'SAT_47643', 'UAV_01']",UAV_01,5.035835819079567,20.0,200,HIT,45.035835819079566
199100,576,GS_01,telemetry_UAV_05,0.1,Optimized,"['GS_01', 'SAT_47643', 'UAV_05']",UAV_05,4.793950521140943,20.0,200,HIT,44.79395052114094
200100,577,GS_01,telemetry_UAV_01,0.1,Optimized,"['GS_01', 'SAT_47643', 'UAV_01']",UAV_01,5.447998649905291,20.0,200,HIT,45.44799864990529
200100,578,GS_01,telemetry_UAV_05,0.1,Optimized,"['GS_01', 'SAT_47643', 'UAV_05']",UAV_05,5.506707969277949,20.0,200,HIT,45.50670796927795
200900,579,UAV_05,emergency_assistance,0.1,Optimized,"['UAV_05', 'SAT_47643', 'GS_01']",GS_01,5.069793020376478,20.0,200,HIT,45.06979302037648
201100,580,UAV_01,target_location_update,0.3,Optimized,"['UAV_01', 'SAT_47643', 'GS_01']",GS_01,5.246485023052335,20.0,200,HIT,125.24648502305233
201100,581,GS_01,telemetry_UAV_05,0.1,Optimized,"['GS_01', 'SAT_47643', 'UAV_05']",UAV_05,5.021789285818034,20.0,200,HIT,45.02178928581803
201100,582,UAV_05,target_location_update,0.3,Optimized,"['UAV_05', 'SAT_47643', 'GS_01']",GS_01,5.168214521916537,20.0,200,HIT,125.16821452191654
201100,583,GS_01,telemetry_UAV_01,0.1,Optimized,"['GS_01', 'SAT_47643', 'UAV_01']",UAV_01,5.099714626350385,20.0,200,HIT,45.099714626350384
202100,584,GS_01,telemetry_UAV_05,0.1,Optimized,"['GS_01', 'SAT_47643', 'UAV_05']",UAV_05,5.535160624621945,20.0,200,HIT,45.535160624621945
202100,585,GS_01,telemetry_UAV_01,0.1,Optimized,"['GS_01', 'SAT_47643', 'UAV_01']",UAV_01,5.038604888461545,20.0,200,HIT,45.03860488846154
203100,586,GS_01,telemetry_UAV_05,0.1,Optimized,"['GS_01', 'SAT_47643', 'UAV_05']",UAV_05,5.424580520678532,20.0,200,HIT,45.42458052067853
203100,587,GS_01,telemetry_UAV_01,0.1,Optimized,"['GS_01', 'SAT_47643', 'UAV_01']",UAV_01,5.6053919390001905,20.0,200,HIT,45.60539193900019
204100,588,GS_01,telemetry_UAV_05,0.1,Optimized,"['GS_01', 'SAT_47643', 'UAV_05']",UAV_05,4.917737074823775,20.0,200,HIT,44.917737074823776
204100,589,UAV_05,target_location_update,0.3,Optimized,"['UAV_05', 'SAT_47643', 'GS_01']",GS_01,5.117695430944857,20.0,200,HIT,125.11769543094486
204100,590,GS_01,telemetry_UAV_01,0.1,Optimized,"['GS_01', 'SAT_47643', 'UAV_01']",UAV_01,5.11278464538853,20.0,200,HIT,45.11278464538853
204100,591,UAV_01,target_location_update,0.3,Optimized,"['UAV_01', 'SAT_47643', 'GS_01']",GS_01,5.72736725029319,20.0,200,HIT,125.72736725029318
205100,592,GS_01,telemetry_UAV_05,0.1,Optimized,"['GS_01', 'SAT_47643', 'UAV_05']",UAV_05,5.2021230158308,20.0,200,HIT,45.2021230158308
205100,593,GS_01,telemetry_UAV_01,0.1,Optimized,"['GS_01', 'SAT_47643', 'UAV_01']",UAV_01,5.370817887516745,20.0,200,HIT,45.37081788751674
205200,594,UAV_05,emergency_assistance,0.1,Optimized,"['UAV_05', 'SAT_47643', 'GS_01']",GS_01,5.005170527884344,20.0,200,HIT,45.005170527884346
206100,595,GS_01,telemetry_UAV_05,0.1,Optimized,"['GS_01', 'SAT_47643', 'UAV_05']",UAV_05,5.070426589062873,20.0,200,HIT,45.070426589062876
206100,596,GS_01,telemetry_UAV_01,0.1,Optimized,"['GS_01', 'SAT_47643', 'UAV_01']",UAV_01,4.972316980857187,20.0,200,HIT,44.97231698085719
207000,597,GS_01,telemetry_UAV_01,0.1,Optimized,"['GS_01', 'SAT_47643', 'UAV_01']",UAV_01,4.918259015025485,20.0,200,HIT,44.918259015025484
207100,598,GS_01,telemetry_UAV_05,0.1,Optimized,"['GS_01', 'SAT_47643', 'UAV_05']",UAV_05,4.849714089216166,20.0,200,HIT,44.849714089216164
207100,599,UAV_05,target_location_update,0.3,Optimized,"['UAV_05', 'SAT_47643', 'GS_01']",GS_01,5.506955520175383,20.0,200,HIT,125.50695552017538
207100,600,UAV_01,target_location_update,0.3,Optimized,"['UAV_01', 'SAT_47643', 'GS_01']",GS_01,5.274130754287679,20.0,200,HIT,125.27413075428768
208100,601,GS_01,telemetry_UAV_01,0.1,Optimized,"['GS_01', 'SAT_47643', 'UAV_01']",UAV_01,5.5565940394149695,20.0,200,HIT,45.55659403941497
208100,602,GS_01,telemetry_UAV_05,0.1,Optimized,"['GS_01', 'SAT_47643', 'UAV_05']",UAV_05,5.536725062198035,20.0,200,HIT,45.53672506219804
208400,603,UAV_05,emergency_assistance,0.1,Optimized,"['UAV_05', 'SAT_47643', 'GS_01']",GS_01,4.984565930250705,20.0,200,HIT,44.9845659302507
209100,604,GS_01,telemetry_UAV_05,0.1,Optimized,"['GS_01', 'SAT_47643', 'UAV_05']",UAV_05,5.26405492970356,20.0,200,HIT,45.26405492970356
209100,605,GS_01,telemetry_UAV_01,0.1,Optimized,"['GS_01', 'SAT_47643', 'UAV_01']",UAV_01,5.44435368425351,20.0,200,HIT,45.444353684253514
210100,606,UAV_01,target_location_update,0.3,Optimized,"['UAV_01', 'SAT_47643', 'GS_01']",GS_01,6.126770221480803,20.0,200,HIT,126.1267702214808
210100,607,GS_01,telemetry_UAV_05,0.1,Optimized,"['GS_01', 'SAT_47643', 'UAV_05']",UAV_05,5.654930605760681,20.0,200,HIT,45.65493060576068
210100,608,GS_01,telemetry_UAV_01,0.1,Optimized,"['GS_01', 'SAT_47643', 'UAV_01']",UAV_01,5.593532623706165,20.0,200,HIT,45.59353262370617
210100,609,UAV_05,target_location_update,0.3,Optimized,"['UAV_05', 'SAT_47643', 'GS_01']",GS_01,6.282336554721555,20.0,200,HIT,126.28233655472155
211100,610,GS_01,telemetry_UAV_05,0.1,Optimized,"['GS_01', 'SAT_47643', 'UAV_05']",UAV_05,5.890635159446598,20.0,200,HIT,45.890635159446596
211100,611,GS_01,telemetry_UAV_01,0.1,Optimized,"['GS_01', 'SAT_47643', 'UAV_01']",UAV_01,6.0741989573954545,20.0,200,HIT,46.07419895739545
212100,612,GS_01,telemetry_UAV_01,0.1,Optimized,"['GS_01', 'SAT_47643', 'UAV_01']",UAV_01,5.752439127044457,20.0,200,HIT,45.752439127044454
212100,613,GS_01,telemetry_UAV_05,0.1,Optimized,"['GS_01', 'SAT_47643', 'UAV_05']",UAV_05,5.681843623858436,20.0,200,HIT,45.681843623858434
213100,614,GS_01,telemetry_UAV_05,0.1,Optimized,"['GS_01', 'SAT_47643', 'UAV_05']",UAV_05,5.593236323281921,20.0,200,HIT,45.59323632328192
213100,615,GS_01,telemetry_UAV_01,0.1,Optimized,"['GS_01', 'SAT_47643', 'UAV_01']",UAV_01,5.409150528022284,20.0,200,HIT,45.40915052802228
213100,616,UAV_05,target_location_update,0.3,Optimized,"['UAV_05', 'SAT_47643', 'GS_01']",GS_01,5.604163402462963,20.0,200,HIT,125.60416340246296
213100,617,UAV_01,target_location_update,0.3,Optimized,"['UAV_01', 'SAT_47643', 'GS_01']",GS_01,5.890224707242781,20.0,200,HIT,125.89022470724278
214100,618,GS_01,telemetry_UAV_05,0.1,Optimized,"['GS_01', 'SAT_47643', 'UAV_05']",UAV_05,6.132514111009459,20.0,200,HIT,46.132514111009456
214100,619,GS_01,telemetry_UAV_01,0.1,Optimized,"['GS_01', 'SAT_47643', 'UAV_01']",UAV_01,5.641255546528738,20.0,200,HIT,45.64125554652874
215100,620,GS_01,telemetry_UAV_05,0.1,Optimized,"['GS_01', 'SAT_47643', 'UAV_05']",UAV_05,5.374156174811296,20.0,200,HIT,45.3741561748113
215100,621,GS_01,telemetry_UAV_01,0.1,Optimized,"['GS_01', 'SAT_47643', 'UAV_01']",UAV_01,5.958390409480813,20.0,200,HIT,45.95839040948081
216100,622,UAV_05,target_location_update,0.3,Optimized,"['UAV_05', 'SAT_47643', 'GS_01']",GS_01,5.8462574030601875,20.0,200,HIT,125.84625740306019
216100,623,GS_01,telemetry_UAV_05,0.1,Optimized,"['GS_01', 'SAT_47643', 'UAV_05']",UAV_05,5.747312031398746,20.0,200,HIT,45.74731203139875
216100,624,GS_01,telemetry_UAV_01,0.1,Optimized,"['GS_01', 'SAT_47643', 'UAV_01']",UAV_01,5.736519879920994,20.0,200,HIT,45.73651987992099
216100,625,UAV_01,target_location_update,0.3,Optimized,"['UAV_01', 'SAT_47643', 'GS_01']",GS_01,6.136790263772673,20.0,200,HIT,126.13679026377267
217100,626,GS_01,telemetry_UAV_05,0.1,Optimized,"['GS_01', 'SAT_47643', 'UAV_05']",UAV_05,5.483715671511034,20.0,200,HIT,45.483715671511035
217100,627,GS_01,telemetry_UAV_01,0.1,Optimized,"['GS_01', 'SAT_47643', 'UAV_01']",UAV_01,5.353776156481365,20.0,200,HIT,45.353776156481366
218100,628,GS_01,telemetry_UAV_05,0.1,Optimized,"['GS_01', 'SAT_47643', 'UAV_05']",UAV_05,5.943628643524358,20.0,200,HIT,45.943628643524356
218100,629,GS_01,telemetry_UAV_01,0.1,Optimized,"['GS_01', 'SAT_47643', 'UAV_01']",UAV_01,5.900448863617845,20.0,200,HIT,45.90044886361785
219100,630,GS_01,telemetry_UAV_01,0.1,Optimized,"['GS_01', 'SAT_47643', 'UAV_01']",UAV_01,5.588716370035705,20.0,200,HIT,45.588716370035705
219100,631,UAV_01,target_location_update,0.3,Optimized,"['UAV_01', 'SAT_47643', 'GS_01']",GS_01,5.83830337676666,20.0,200,HIT,125.83830337676666
219100,632,GS_01,telemetry_UAV_05,0.1,Optimized,"['GS_01', 'SAT_47643', 'UAV_05']",UAV_05,5.740743862502134,20.0,200,HIT,45.740743862502136
219100,633,UAV_05,target_location_update,0.3,Optimized,"['UAV_05', 'SAT_47643', 'GS_01']",GS_01,6.186829818945636,20.0,200,HIT,126.18682981894564
220100,634,GS_01,telemetry_UAV_01,0.1,Optimized,"['GS_01', 'SAT_47643', 'UAV_01']",UAV_01,5.9641774630737,20.0,200,HIT,45.964177463073696
220100,635,GS_01,telemetry_UAV_05,0.1,Optimized,"['GS_01', 'SAT_47643', 'UAV_05']",UAV_05,6.579969290900586,20.0,200,HIT,46.579969290900586
221100,636,GS_01,telemetry_UAV_01,0.1,Optimized,"['GS_01', 'SAT_47643', 'UAV_01']",UAV_01,6.849517036738028,20.0,200,HIT,46.84951703673803
221100,637,GS_01,telemetry_UAV_05,0.1,Optimized,"['GS_01', 'SAT_47643', 'UAV_05']",UAV_05,6.248732384316032,20.0,200,HIT,46.24873238431603
222100,638,GS_01,telemetry_UAV_01,0.1,Optimized,"['GS_01', 'SAT_47643', 'UAV_01']",UAV_01,6.376782265797334,20.0,200,HIT,46.37678226579733
222100,639,UAV_01,target_location_update,0.3,Optimized,"['UAV_01', 'SAT_47643', 'GS_01']",GS_01,6.531077547439495,20.0,200,HIT,126.5310775474395
222100,640,GS_01,telemetry_UAV_05,0.1,Optimized,"['GS_01', 'SAT_47643', 'UAV_05']",UAV_05,6.423622382810601,20.0,200,HIT,46.4236223828106
222100,641,UAV_05,target_location_update,0.3,Optimized,"['UAV_05', 'SAT_47643', 'GS_01']",GS_01,6.741029140242602,20.0,200,HIT,126.7410291402426
223000,642,GS_01,telemetry_UAV_05,0.1,Optimized,"['GS_01', 'SAT_47643', 'UAV_05']",UAV_05,6.582151750388554,20.0,200,HIT,46.582151750388554
223100,643,GS_01,telemetry_UAV_01,0.1,Optimized,"['GS_01', 'SAT_47643', 'UAV_01']",UAV_01,6.603335887161853,20.0,200,HIT,46.603335887161855
223600,644,UAV_01,status_update_UAV_05,0.2,Optimized,"['UAV_01', 'UAV_05']",UAV_05,0.015043964941982842,10.0,200,HIT,160.01504396494198
224100,645,GS_01,telemetry_UAV_01,0.1,Optimized,"['GS_01', 'SAT_47643', 'UAV_01']",UAV_01,6.957403998497966,20.0,200,HIT,46.957403998497966
224100,646,GS_01,telemetry_UAV_05,0.1,Optimized,"['GS_01', 'SAT_47643', 'UAV_05']",UAV_05,7.103952453824149,20.0,200,HIT,47.10395245382415
225100,647,UAV_01,target_location_update,0.3,Optimized,"['UAV_01', 'SAT_47643', 'GS_01']",GS_01,6.913360181950118,20.0,200,HIT,126.91336018195011
225100,648,GS_01,telemetry_UAV_05,0.1,Optimized,"['GS_01', 'SAT_47643', 'UAV_05']",UAV_05,6.799326082548928,20.0,200,HIT,46.79932608254893
225100,649,GS_01,telemetry_UAV_01,0.1,Optimized,"['GS_01', 'SAT_47643', 'UAV_01']",UAV_01,6.580704669146797,20.0,200,HIT,46.5807046691468
225100,650,UAV_05,target_location_update,0.3,Optimized,"['UAV_05', 'SAT_47643', 'GS_01']",GS_01,6.449477077272169,20.0,200,HIT,126.44947707727216
226100,651,GS_01,telemetry_UAV_05,0.1,Optimized,"['GS_01', 'SAT_47643', 'UAV_05']",UAV_05,6.470530943974805,20.0,200,HIT,46.47053094397481
226100,652,GS_01,telemetry_UAV_01,0.1,Optimized,"['GS_01', 'SAT_47643', 'UAV_01']",UAV_01,6.055859757043901,20.0,200,HIT,46.055859757043905
227100,653,GS_01,telemetry_UAV_05,0.1,Optimized,"['GS_01', 'SAT_47643', 'UAV_05']",UAV_05,6.697149185024466,20.0,200,HIT,46.697149185024465
227100,654,GS_01,telemetry_UAV_01,0.1,Optimized,"['GS_01', 'SAT_47643', 'UAV_01']",UAV_01,6.601738498084854,20.0,200,HIT,46.601738498084856
228100,655,GS_01,telemetry_UAV_05,0.1,Optimized,"['GS_01', 'SAT_47643', 'UAV_05']",UAV_05,6.6800207739538,20.0,200,HIT,46.6800207739538
228100,656,GS_01,telemetry_UAV_01,0.1,Optimized,"['GS_01', 'SAT_47643', 'UAV_01']",UAV_01,6.120422609365715,20.0,200,HIT,46.12042260936572
228100,657,UAV_05,target_location_update,0.3,Optimized,"['UAV_05', 'SAT_47643', 'GS_01']",GS_01,6.642753406088644,20.0,200,HIT,126.64275340608864
228100,658,UAV_01,target_location_update,0.3,Optimized,"['UAV_01', 'SAT_47643', 'GS_01']",GS_01,6.836760748106512,20.0,200,HIT,126.83676074810651
229100,659,GS_01,telemetry_UAV_01,0.1,Optimized,"['GS_01', 'SAT_47643', 'UAV_01']",UAV_01,6.669185517468759,20.0,200,HIT,46.66918551746876
229100,660,GS_01,telemetry_UAV_05,0.1,Optimized,"['GS_01', 'SAT_47643', 'UAV_05']",UAV_05,6.577564882677213,20.0,200,HIT,46.577564882677216
230100,661,GS_01,telemetry_UAV_01,0.1,Optimized,"['GS_01', 'SAT_47643', 'UAV_01']",UAV_01,6.639546041715683,20.0,200,HIT,46.63954604171568
230100,662,GS_01,telemetry_UAV_05,0.1,Optimized,"['GS_01', 'SAT_47643', 'UAV_05']",UAV_05,6.712828994730492,20.0,200,HIT,46.71282899473049
231100,663,UAV_01,target_location_update,0.3,Optimized,"['UAV_01', 'SAT_47643', 'GS_01']",GS_01,7.004960889953246,20.0,200,HIT,127.00496088995325
231100,664,GS_01,telemetry_UAV_01,0.1,Optimized,"['GS_01', 'SAT_47643', 'UAV_01']",UAV_01,7.244169940724114,20.0,200,HIT,47.24416994072411
231100,665,UAV_05,target_location_update,0.3,Optimized,"['UAV_05', 'SAT_47643', 'GS_01']",GS_01,6.966052440402856,20.0,200,HIT,126.96605244040286
231100,666,GS_01,telemetry_UAV_05,0.1,Optimized,"['GS_01', 'SAT_47643', 'UAV_05']",UAV_05,7.261311534721465,20.0,200,HIT,47.261311534721465
232100,667,GS_01,telemetry_UAV_01,0.1,Optimized,"['GS_01', 'SAT_47643', 'UAV_01']",UAV_01,6.536532568115199,20.0,200,HIT,46.5365325681152
232100,668,GS_01,telemetry_UAV_05,0.1,Optimized,"['GS_01', 'SAT_47643', 'UAV_05']",UAV_05,7.054986876202494,20.0,200,HIT,47.05498687620249
233100,669,GS_01,telemetry_UAV_01,0.1,Optimized,"['GS_01', 'SAT_47643', 'UAV_01']",UAV_01,7.685484498921861,20.0,200,HIT,47.68548449892186
233100,670,GS_01,telemetry_UAV_05,0.1,Optimized,"['GS_01', 'SAT_47643', 'UAV_05']",UAV_05,6.9910850469899755,20.0,200,HIT,46.99108504698997
234100,671,UAV_05,target_location_update,0.3,Optimized,"['UAV_05', 'SAT_47643', 'GS_01']",GS_01,7.183107458070251,20.0,200,HIT,127.18310745807025
234100,672,GS_01,telemetry_UAV_01,0.1,Optimized,"['GS_01', 'SAT_47643', 'UAV_01']",UAV_01,7.473301806647951,20.0,200,HIT,47.47330180664795
234100,673,GS_01,telemetry_UAV_05,0.1,Optimized,"['GS_01', 'SAT_47643', 'UAV_05']",UAV_05,7.237985396037693,20.0,200,HIT,47.23798539603769
234100,674,UAV_01,target_location_update,0.3,Optimized,"['UAV_01', 'SAT_47643', 'GS_01']",GS_01,6.939970713340421,20.0,200,HIT,126.93997071334041
235100,675,GS_01,telemetry_UAV_05,0.1,Optimized,"['GS_01', 'SAT_47643', 'UAV_05']",UAV_05,6.714600633618415,20.0,200,HIT,46.71460063361842
235100,676,GS_01,telemetry_UAV_01,0.1,Optimized,"['GS_01', 'SAT_47643', 'UAV_01']",UAV_01,7.285091461488312,20.0,200,HIT,47.285091461488314
236100,677,GS_01,telemetry_UAV_05,0.1,Optimized,"['GS_01', 'SAT_47643', 'UAV_05']",UAV_05,7.5949448948055736,20.0,200,HIT,47.59494489480557
236100,678,GS_01,telemetry_UAV_01,0.1,Optimized,"['GS_01', 'SAT_47643', 'UAV_01']",UAV_01,7.284263336451323,20.0,200,HIT,47.284263336451325
237100,679,GS_01,telemetry_UAV_05,0.1,Optimized,"['GS_01', 'SAT_47643', 'UAV_05']",UAV_05,7.426238254581042,20.0,200,HIT,47.426238254581044
237100,680,GS_01,telemetry_UAV_01,0.1,Optimized,"['GS_01', 'SAT_47643', 'UAV_01']",UAV_01,7.0824507829252505,20.0,200,HIT,47.08245078292525
237100,681,UAV_05,target_location_update,0.3,Optimized,"['UAV_05', 'SAT_47643', 'GS_01']",GS_01,7.414447509119721,20.0,200,HIT,127.41444750911973
237100,682,UAV_01,target_location_update,0.3,Optimized,"['UAV_01', 'SAT_47643', 'GS_01']",GS_01,7.3923282918923645,20.0,200,HIT,127.39232829189237
238100,683,GS_01,telemetry_UAV_05,0.1,Optimized,"['GS_01', 'SAT_47643', 'UAV_05']",UAV_05,7.247431229036569,20.0,200,HIT,47.24743122903657
238100,684,GS_01,telemetry_UAV_01,0.1,Optimized,"['GS_01', 'SAT_47643', 'UAV_01']",UAV_01,7.113974020748852,20.0,200,HIT,47.113974020748856
239100,685,GS_01,telemetry_UAV_01,0.1,Optimized,"['GS_01', 'SAT_47643', 'UAV_01']",UAV_01,7.021156958760171,20.0,200,HIT,47.02115695876017
239100,686,GS_01,telemetry_UAV_05,0.1,Optimized,"['GS_01', 'SAT_47643', 'UAV_05']",UAV_05,7.376858557469749,20.0,200,HIT,47.376858557469745
240000,687,UAV_05,target_location_update,0.3,Optimized,"['UAV_05', 'SAT_62474', 'GS_01']",GS_01,6.309402694696184,20.0,200,HIT,126.30940269469619
240100,688,GS_01,telemetry_UAV_01,0.1,Optimized,"['GS_01', 'SAT_62474', 'UAV_01']",UAV_01,6.250930326940477,20.0,200,HIT,46.25093032694048
240100,689,GS_01,telemetry_UAV_05,0.1,Optimized,"['GS_01', 'SAT_62474', 'UAV_05']",UAV_05,6.396441551605965,20.0,200,HIT,46.39644155160597
240100,690,UAV_01,target_location_update,0.3,Optimized,"['UAV_01', 'SAT_62474', 'GS_01']",GS_01,6.295401810999966,20.0,200,HIT,126.29540181099996
241100,691,GS_01,telemetry_UAV_05,0.1,Optimized,"['GS_01', 'SAT_62474', 'UAV_05']",UAV_05,6.3600246957462705,20.0,200,HIT,46.36002469574627
241100,692,GS_01,telemetry_UAV_01,0.1,Optimized,"['GS_01', 'SAT_62474', 'UAV_01']",UAV_01,6.761717328459522,20.0,200,HIT,46.761717328459525
241600,693,UAV_01,status_update_UAV_05,0.2,Optimized,"['UAV_01', 'UAV_05']",UAV_05,0.01618462925109293,10.0,200,HIT,160.0161846292511
241900,694,UAV_01,emergency_assistance,0.1,Optimized,"['UAV_01', 'SAT_62474', 'GS_01']",GS_01,6.494999966729795,20.0,200,HIT,46.49499996672979
242100,695,GS_01,telemetry_UAV_05,0.1,Optimized,"['GS_01', 'SAT_62474', 'UAV_05']",UAV_05,6.6727097723624365,20.0,200,HIT,46.67270977236244
242100,696,GS_01,telemetry_UAV_01,0.1,Optimized,"['GS_01', 'SAT_62474', 'UAV_01']",UAV_01,6.500512431536912,20.0,200,HIT,46.50051243153691
243100,697,GS_01,telemetry_UAV_05,0.1,Optimized,"['GS_01', 'SAT_62474', 'UAV_05']",UAV_05,6.7676292873406,20.0,200,HIT,46.7676292873406
243100,698,GS_01,telemetry_UAV_01,0.1,Optimized,"['GS_01', 'SAT_62474', 'UAV_01']",UAV_01,6.5597337494501,20.0,200,HIT,46.5597337494501
243100,699,UAV_05,target_location_update,0.3,Optimized,"['UAV_05', 'SAT_62474', 'GS_01']",GS_01,6.4277318140439,20.0,200,HIT,126.4277318140439
243100,700,UAV_01,target_location_update,0.3,Optimized,"['UAV_01', 'SAT_62474', 'GS_01']",GS_01,6.202701431531336,20.0,200,HIT,126.20270143153134
244100,701,GS_01,telemetry_UAV_05,0.1,Optimized,"['GS_01', 'SAT_62474', 'UAV_05']",UAV_05,6.289276262352951,20.0,200,HIT,46.28927626235295
244100,702,GS_01,telemetry_UAV_01,0.1,Optimized,"['GS_01', 'SAT_62474', 'UAV_01']",UAV_01,6.173764298591642,20.0,200,HIT,46.17376429859164
245100,703,GS_01,telemetry_UAV_05,0.1,Optimized,"['GS_01', 'SAT_62474', 'UAV_05']",UAV_05,6.223974792516344,20.0,200,HIT,46.223974792516344
245100,704,GS_01,telemetry_UAV_01,0.1,Optimized,"['GS_01', 'SAT_62474', 'UAV_01']",UAV_01,6.345217846249081,20.0,200,HIT,46.345217846249085
246100,705,UAV_01,status_update_UAV_05,0.2,Optimized,"['UAV_01', 'UAV_05']",UAV_05,0.016132031243450307,10.0,200,HIT,160.01613203124344
246100,706,GS_01,telemetry_UAV_05,0.1,Optimized,"['GS_01', 'SAT_62474', 'UAV_05']",UAV_05,5.990949901115223,20.0,200,HIT,45.99094990111522
246100,707,GS_01,telemetry_UAV_01,0.1,Optimized,"['GS_01', 'SAT_62474', 'UAV_01']",UAV_01,6.232124721857817,20.0,200,HIT,46.232124721857815
246100,708,UAV_01,target_location_update,0.3,Optimized,"['UAV_01', 'SAT_62474', 'GS_01']",GS_01,6.051013852888699,20.0,200,HIT,126.0510138528887
246100,709,UAV_05,target_location_update,0.3,Optimized,"['UAV_05', 'SAT_62474', 'GS_01']",GS_01,6.509039873848996,20.0,200,HIT,126.50903987384899
247100,710,GS_01,telemetry_UAV_05,0.1,Optimized,"['GS_01', 'SAT_62474', 'UAV_05']",UAV_05,6.342632851581646,20.0,200,HIT,46.34263285158165
247100,711,GS_01,telemetry_UAV_01,0.1,Optimized,"['GS_01', 'SAT_62474', 'UAV_01']",UAV_01,6.079046648823855,20.0,200,HIT,46.079046648823855
248100,712,GS_01,telemetry_UAV_01,0.1,Optimized,"['GS_01', 'SAT_62474', 'UAV_01']",UAV_01,6.773301329496475,20.0,200,HIT,46.773301329496476
248100,713,GS_01,telemetry_UAV_05,0.1,Optimized,"['GS_01', 'SAT_62474', 'UAV_05']",UAV_05,6.696888151870659,20.0,200,HIT,46.69688815187066
249100,714,GS_01,telemetry_UAV_05,0.1,Optimized,"['GS_01', 'SAT_62474', 'UAV_05']",UAV_05,6.623137012870457,20.0,200,HIT,46.62313701287046
249100,715,GS_01,telemetry_UAV_01,0.1,Optimized,"['GS_01', 'SAT_62474', 'UAV_01']",UAV_01,6.321183132474751,20.0,200,HIT,46.32118313247475
249100,716,UAV_01,target_location_update,0.3,Optimized,"['UAV_01', 'SAT_62474', 'GS_01']",GS_01,5.959380515087828,20.0,200,HIT,125.95938051508783
249100,717,UAV_05,target_location_update,0.3,Optimized,"['UAV_05', 'SAT_62474', 'GS_01']",GS_01,6.572853255797919,20.0,200,HIT,126.57285325579792
250100,718,GS_01,telemetry_UAV_05,0.1,Optimized,"['GS_01', 'SAT_62474', 'UAV_05']",UAV_05,5.964393567624194,20.0,200,HIT,45.96439356762419
250100,719,GS_01,telemetry_UAV_01,0.1,Optimized,"['GS_01', 'SAT_62474', 'UAV_01']",UAV_01,5.902241373062284,20.0,200,HIT,45.90224137306228
251100,720,GS_01,telemetry_UAV_01,0.1,Optimized,"['GS_01', 'SAT_62474', 'UAV_01']",UAV_01,5.531086653025624,20.0,200,HIT,45.531086653025625
251100,721,GS_01,telemetry_UAV_05,0.1,Optimized,"['GS_01', 'SAT_62474', 'UAV_05']",UAV_05,5.472797621056916,20.0,200,HIT,45.47279762105691
252100,722,UAV_05,target_location_update,0.3,Optimized,"['UAV_05', 'SAT_62474', 'GS_01']",GS_01,5.581998704552676,20.0,200,HIT,125.58199870455267
252100,723,GS_01,telemetry_UAV_01,0.1,Optimized,"['GS_01', 'SAT_62474', 'UAV_01']",UAV_01,5.881283745924752,20.0,200,HIT,45.881283745924755
252100,724,GS_01,telemetry_UAV_05,0.1,Optimized,"['GS_01', 'SAT_62474', 'UAV_05']",UAV_05,5.82421750524929,20.0,200,HIT,45.824217505249294
252100,725,UAV_01,target_location_update,0.3,Optimized,"['UAV_01', 'SAT_62474', 'GS_01']",GS_01,5.771355300064791,20.0,200,HIT,125.77135530006478
253100,726,GS_01,telemetry_UAV_05,0.1,Optimized,"['GS_01', 'SAT_62474', 'UAV_05']",UAV_05,6.300720333030922,20.0,200,HIT,46.300720333030924
253100,727,GS_01,telemetry_UAV_01,0.1,Optimized,"['GS_01', 'SAT_62474', 'UAV_01']",UAV_01,6.006762256813262,20.0,200,HIT,46.00676225681326
254100,728,GS_01,telemetry_UAV_05,0.1,Optimized,"['GS_01', 'SAT_62474', 'UAV_05']",UAV_05,5.7263249867291925,20.0,200,HIT,45.726324986729196
254100,729,GS_01,telemetry_UAV_01,0.1,Optimized,"['GS_01', 'SAT_62474', 'UAV_01']",UAV_01,5.604520404279752,20.0,200,HIT,45.604520404279754
255100,730,GS_01,telemetry_UAV_01,0.1,Optimized,"['GS_01', 'SAT_62474', 'UAV_01']",UAV_01,6.295996505839035,20.0,200,HIT,46.295996505839035
255100,731,GS_01,telemetry_UAV_05,0.1,Optimized,"['GS_01', 'SAT_62474', 'UAV_05']",UAV_05,6.337810922577809,20.0,200,HIT,46.33781092257781
255100,732,UAV_01,target_location_update,0.3,Optimized,"['UAV_01', 'SAT_62474', 'GS_01']",GS_01,5.914501088175189,20.0,200,HIT,125.91450108817519
255100,733,UAV_05,target_location_update,0.3,Optimized,"['UAV_05', 'SAT_62474', 'GS_01']",GS_01,6.071485115665832,20.0,200,HIT,126.07148511566584
256100,734,GS_01,telemetry_UAV_05,0.1,Optimized,"['GS_01', 'SAT_62474', 'UAV_05']",UAV_05,5.891424713506643,20.0,200,HIT,45.891424713506645
256100,735,GS_01,telemetry_UAV_01,0.1,Optimized,"['GS_01', 'SAT_62474', 'UAV_01']",UAV_01,5.96931250252951,20.0,200,HIT,45.96931250252951
256500,736,UAV_01,collaboration_request_UAV_02,0.2,Optimized,['UAV_01'],UAV_01,0.0,inf,200,HIT,0.0
257100,737,GS_01,telemetry_UAV_01,0.1,Optimized,"['GS_01', 'SAT_62474', 'UAV_01']",UAV_01,6.171222094006756,20.0,200,HIT,46.17122209400676
257100,738,GS_01,telemetry_UAV_05,0.1,Optimized,"['GS_01', 'SAT_62474', 'UAV_05']",UAV_05,6.078506621601353,20.0,200,HIT,46.07850662160135
258100,739,GS_01,telemetry_UAV_05,0.1,Optimized,"['GS_01', 'SAT_62474', 'UAV_05']",UAV_05,5.708368303926106,20.0,200,HIT,45.70836830392611
258100,740,GS_01,telemetry_UAV_01,0.1,Optimized,"['GS_01', 'SAT_62474', 'UAV_01']",UAV_01,5.756846553156471,20.0,200,HIT,45.75684655315647
258100,741,UAV_05,target_location_update,0.3,Optimized,"['UAV_05', 'SAT_62474', 'GS_01']",GS_01,5.872397810427609,20.0,200,HIT,125.87239781042761
258100,742,UAV_01,target_location_update,0.3,Optimized,"['UAV_01', 'SAT_62474', 'GS_01']",GS_01,6.336129050600617,20.0,200,HIT,126.33612905060062
259100,743,GS_01,telemetry_UAV_05,0.1,Optimized,"['GS_01', 'SAT_62474', 'UAV_05']",UAV_05,6.174063467928811,20.0,200,HIT,46.17406346792881
259100,744,GS_01,telemetry_UAV_01,0.1,Optimized,"['GS_01', 'SAT_62474', 'UAV_01']",UAV_01,5.942239613310483,20.0,200,HIT,45.942239613310484
260100,745,GS_01,telemetry_UAV_05,0.1,Optimized,"['GS_01', 'SAT_62474', 'UAV_05']",UAV_05,5.833025438775973,20.0,200,HIT,45.83302543877598
260100,746,GS_01,telemetry_UAV_01,0.1,Optimized,"['GS_01', 'SAT_62474', 'UAV_01']",UAV_01,5.533412800883884,20.0,200,HIT,45.53341280088388
261100,747,GS_01,telemetry_UAV_05,0.1,Optimized,"['GS_01', 'SAT_62474', 'UAV_05']",UAV_05,5.215289139662863,20.0,200,HIT,45.215289139662865
261100,748,UAV_01,target_location_update,0.3,Optimized,"['UAV_01', 'SAT_62474', 'GS_01']",GS_01,5.396852069915106,20.0,200,HIT,125.3968520699151
261100,749,GS_01,telemetry_UAV_01,0.1,Optimized,"['GS_01', 'SAT_62474', 'UAV_01']",UAV_01,5.623959427939484,20.0,200,HIT,45.62395942793948
261100,750,UAV_05,target_location_update,0.3,Optimized,"['UAV_05', 'SAT_62474', 'GS_01']",GS_01,5.764667804675181,20.0,200,HIT,125.76466780467518
262100,751,GS_01,telemetry_UAV_05,0.1,Optimized,"['GS_01', 'SAT_62474', 'UAV_05']",UAV_05,5.3951376527500425,20.0,200,HIT,45.395137652750044
262100,752,GS_01,telemetry_UAV_01,0.1,Optimized,"['GS_01', 'SAT_62474', 'UAV_01']",UAV_01,5.184957069756673,20.0,200,HIT,45.18495706975667
263100,753,GS_01,telemetry_UAV_01,0.1,Optimized,"['GS_01', 'SAT_62474', 'UAV_01']",UAV_01,5.659473154801176,20.0,200,HIT,45.65947315480118
263100,754,GS_01,telemetry_UAV_05,0.1,Optimized,"['GS_01', 'SAT_62474', 'UAV_05']",UAV_05,5.676548897048713,20.0,200,HIT,45.67654889704871
264100,755,GS_01,telemetry_UAV_01,0.1,Optimized,"['GS_01', 'SAT_62474', 'UAV_01']",UAV_01,5.468846234463131,20.0,200,HIT,45.46884623446313
264100,756,GS_01,telemetry_UAV_05,0.1,Optimized,"['GS_01', 'SAT_62474', 'UAV_05']",UAV_05,5.298582157757288,20.0,200,HIT,45.29858215775729
264100,757,UAV_01,target_location_update,0.3,Optimized,"['UAV_01', 'SAT_62474', 'GS_01']",GS_01,5.718893750114211,20.0,200,HIT,125.7188937501142
264100,758,UAV_05,target_location_update,0.3,Optimized,"['UAV_05', 'SAT_62474', 'GS_01']",GS_01,5.310207980093786,20.0,200,HIT,125.3102079800938
265100,759,GS_01,telemetry_UAV_01,0.1,Optimized,"['GS_01', 'SAT_62474', 'UAV_01']",UAV_01,5.380091886230561,20.0,200,HIT,45.38009188623056
265100,760,GS_01,telemetry_UAV_05,0.1,Optimized,"['GS_01', 'SAT_62474', 'UAV_05']",UAV_05,5.806464725353919,20.0,200,HIT,45.80646472535392
266100,761,GS_01,telemetry_UAV_01,0.1,Optimized,"['GS_01', 'SAT_62474', 'UAV_01']",UAV_01,5.915838381053809,20.0,200,HIT,45.91583838105381
266100,762,GS_01,telemetry_UAV_05,0.1,Optimized,"['GS_01', 'SAT_62474', 'UAV_05']",UAV_05,5.373940630070814,20.0,200,HIT,45.37394063007081
267100,763,GS_01,telemetry_UAV_05,0.1,Optimized,"['GS_01', 'SAT_62474', 'UAV_05']",UAV_05,5.703560631761022,20.0,200,HIT,45.70356063176102
267100,764,UAV_01,target_location_update,0.3,Optimized,"['UAV_01', 'SAT_62474', 'GS_01']",GS_01,5.474928319924432,20.0,200,HIT,125.47492831992443
267100,765,GS_01,telemetry_UAV_01,0.1,Optimized,"['GS_01', 'SAT_62474', 'UAV_01']",UAV_01,5.498936832910199,20.0,200,HIT,45.498936832910196
267100,766,UAV_05,target_location_update,0.3,Optimized,"['UAV_05', 'SAT_62474', 'GS_01']",GS_01,5.4653083896039485,20.0,200,HIT,125.46530838960395
268100,767,GS_01,telemetry_UAV_01,0.1,Optimized,"['GS_01', 'SAT_62474', 'UAV_01']",UAV_01,5.689014465375228,20.0,200,HIT,45.68901446537523
268100,768,GS_01,telemetry_UAV_05,0.1,Optimized,"['GS_01', 'SAT_62474', 'UAV_05']",UAV_05,5.79459746378733,20.0,200,HIT,45.794597463787326
269100,769,GS_01,telemetry_UAV_01,0.1,Optimized,"['GS_01', 'SAT_62474', 'UAV_01']",UAV_01,5.638810994681744,20.0,200,HIT,45.63881099468175
269100,770,GS_01,telemetry_UAV_05,0.1,Optimized,"['GS_01', 'SAT_62474', 'UAV_05']",UAV_05,5.505357087220306,20.0,200,HIT,45.505357087220304
270000,771,UAV_01,collaboration_request_UAV_08,0.2,Optimized,['UAV_01'],UAV_01,0.0,inf,200,HIT,0.0
270100,772,GS_01,telemetry_UAV_05,0.1,Optimized,"['GS_01', 'SAT_62474', 'UAV_05']",UAV_05,4.875982298368932,20.0,200,HIT,44.87598229836893
270100,773,UAV_05,target_location_update,0.3,Optimized,"['UAV_05', 'SAT_62474', 'GS_01']",GS_01,5.501825599923925,20.0,200,HIT,125.50182559992392
270100,774,UAV_01,status_update_UAV_05,0.2,Optimized,"['UAV_01', 'UAV_05']",UAV_05,0.014801907083414695,10.0,200,HIT,160.0148019070834
270100,775,GS_01,telemetry_UAV_01,0.1,Optimized,"['GS_01', 'SAT_62474', 'UAV_01']",UAV_01,4.963886978220735,20.0,200,HIT,44.963886978220735
270100,776,UAV_01,target_location_update,0.3,Optimized,"['UAV_01', 'SAT_62474', 'GS_01']",GS_01,5.360656351398804,20.0,200,HIT,125.3606563513988
271100,777,GS_01,telemetry_UAV_01,0.1,Optimized,"['GS_01', 'SAT_62474', 'UAV_01']",UAV_01,5.492188395441783,20.0,200,HIT,45.49218839544179
271100,778,GS_01,telemetry_UAV_05,0.1,Optimized,"['GS_01', 'SAT_62474', 'UAV_05']",UAV_05,5.218265472926317,20.0,200,HIT,45.21826547292632
272100,779,GS_01,telemetry_UAV_01,0.1,Optimized,"['GS_01', 'SAT_62474', 'UAV_01']",UAV_01,5.667292922188633,20.0,200,HIT,45.667292922188636
272100,780,GS_01,telemetry_UAV_05,0.1,Optimized,"['GS_01', 'SAT_62474', 'UAV_05']",UAV_05,5.078487666137919,20.0,200,HIT,45.07848766613792
273100,781,GS_01,telemetry_UAV_01,0.1,Optimized,"['GS_01', 'SAT_62474', 'UAV_01']",UAV_01,5.199906277435455,20.0,200,HIT,45.19990627743545
273100,782,GS_01,telemetry_UAV_05,0.1,Optimized,"['GS_01', 'SAT_62474', 'UAV_05']",UAV_05,5.441380698200016,20.0,200,HIT,45.441380698200014
273100,783,UAV_05,target_location_update,0.3,Optimized,"['UAV_05', 'SAT_62474', 'GS_01']",GS_01,5.438813920620096,20.0,200,HIT,125.43881392062009
273100,784,UAV_01,target_location_update,0.3,Optimized,"['UAV_01', 'SAT_62474', 'GS_01']",GS_01,5.326274318838774,20.0,200,HIT,125.32627431883877
274100,785,GS_01,telemetry_UAV_01,0.1,Optimized,"['GS_01', 'SAT_62474', 'UAV_01']",UAV_01,5.523787028018429,20.0,200,HIT,45.52378702801843
274100,786,GS_01,telemetry_UAV_05,0.1,Optimized,"['GS_01', 'SAT_62474', 'UAV_05']",UAV_05,4.954755954276844,20.0,200,HIT,44.95475595427684
275100,787,GS_01,telemetry_UAV_01,0.1,Optimized,"['GS_01', 'SAT_62474', 'UAV_01']",UAV_01,4.879672151751588,20.0,200,HIT,44.87967215175159
275100,788,GS_01,telemetry_UAV_05,0.1,Optimized,"['GS_01', 'SAT_62474', 'UAV_05']",UAV_05,5.203206845006621,20.0,200,HIT,45.20320684500662
276100,789,GS_01,telemetry_UAV_01,0.1,Optimized,"['GS_01', 'SAT_62474', 'UAV_01']",UAV_01,5.255305580757683,20.0,200,HIT,45.255305580757685
276100,790,GS_01,telemetry_UAV_05,0.1,Optimized,"['GS_01', 'SAT_62474', 'UAV_05']",UAV_05,5.543662445043033,20.0,200,HIT,45.54366244504303
276100,791,UAV_01,target_location_update,0.3,Optimized,"['UAV_01', 'SAT_62474', 'GS_01']",GS_01,5.696985158637489,20.0,200,HIT,125.69698515863749
276100,792,UAV_05,target_location_update,0.3,Optimized,"['UAV_05', 'SAT_62474', 'GS_01']",GS_01,5.144887000494427,20.0,200,HIT,125.14488700049442
277100,793,GS_01,telemetry_UAV_05,0.1,Optimized,"['GS_01', 'SAT_62474', 'UAV_05']",UAV_05,5.730892838234943,20.0,200,HIT,45.730892838234944
277100,794,GS_01,telemetry_UAV_01,0.1,Optimized,"['GS_01', 'SAT_62474', 'UAV_01']",UAV_01,4.966360447405718,20.0,200,HIT,44.96636044740572
278100,795,GS_01,telemetry_UAV_01,0.1,Optimized,"['GS_01', 'SAT_62474', 'UAV_01']",UAV_01,5.179318608975989,20.0,200,HIT,45.17931860897599
278100,796,GS_01,telemetry_UAV_05,0.1,Optimized,"['GS_01', 'SAT_62474', 'UAV_05']",UAV_05,5.389296455939466,20.0,200,HIT,45.389296455939466
279100,797,GS_01,telemetry_UAV_01,0.1,Optimized,"['GS_01', 'SAT_62474', 'UAV_01']",UAV_01,5.037445446519394,20.0,200,HIT,45.03744544651939
279100,798,GS_01,telemetry_UAV_05,0.1,Optimized,"['GS_01', 'SAT_62474', 'UAV_05']",UAV_05,5.458959335932391,20.0,200,HIT,45.45895933593239
279100,799,UAV_05,target_location_update,0.3,Optimized,"['UAV_05', 'SAT_62474', 'GS_01']",GS_01,5.185913577082054,20.0,200,HIT,125.18591357708206
279100,800,UAV_01,target_location_update,0.3,Optimized,"['UAV_01', 'SAT_62474', 'GS_01']",GS_01,5.258247734882232,20.0,200,HIT,125.25824773488223
280100,801,GS_01,telemetry_UAV_01,0.1,Optimized,"['GS_01', 'SAT_62474', 'UAV_01']",UAV_01,4.904694213387484,20.0,200,HIT,44.90469421338749
280100,802,GS_01,telemetry_UAV_05,0.1,Optimized,"['GS_01', 'SAT_62474', 'UAV_05']",UAV_05,4.8817671446076885,20.0,200,HIT,44.881767144607686
281100,803,GS_01,telemetry_UAV_05,0.1,Optimized,"['GS_01', 'SAT_62474', 'UAV_05']",UAV_05,5.3459733387523,20.0,200,HIT,45.3459733387523
281100,804,GS_01,telemetry_UAV_01,0.1,Optimized,"['GS_01', 'SAT_62474', 'UAV_01']",UAV_01,5.511335274431811,20.0,200,HIT,45.511335274431815
282100,805,GS_01,telemetry_UAV_01,0.1,Optimized,"['GS_01', 'SAT_62474', 'UAV_01']",UAV_01,4.967191681418518,20.0,200,HIT,44.96719168141852
282100,806,GS_01,telemetry_UAV_05,0.1,Optimized,"['GS_01', 'SAT_62474', 'UAV_05']",UAV_05,4.960110871282454,20.0,200,HIT,44.96011087128245
282100,807,UAV_01,target_location_update,0.3,Optimized,"['UAV_01', 'SAT_62474', 'GS_01']",GS_01,4.822119406297472,20.0,200,HIT,124.82211940629747
282100,808,UAV_05,target_location_update,0.3,Optimized,"['UAV_05', 'SAT_62474', 'GS_01']",GS_01,5.204987355323876,20.0,200,HIT,125.20498735532388
283100,809,GS_01,telemetry_UAV_01,0.1,Optimized,"['GS_01', 'SAT_62474', 'UAV_01']",UAV_01,5.256785596477924,20.0,200,HIT,45.256785596477926
283100,810,GS_01,telemetry_UAV_05,0.1,Optimized,"['GS_01', 'SAT_62474', 'UAV_05']",UAV_05,4.883738103793359,20.0,200,HIT,44.88373810379336
283900,811,UAV_01,emergency_assistance,0.1,Optimized,"['UAV_01', 'SAT_62474', 'GS_01']",GS_01,4.972754068847512,20.0,200,HIT,44.972754068847514
284100,812,GS_01,telemetry_UAV_05,0.1,Optimized,"['GS_01', 'SAT_62474', 'UAV_05']",UAV_05,5.427471356010942,20.0,200,HIT,45.42747135601094
284100,813,GS_01,telemetry_UAV_01,0.1,Optimized,"['GS_01', 'SAT_62474', 'UAV_01']",UAV_01,5.244655465620777,20.0,200,HIT,45.24465546562078
285100,814,UAV_01,target_location_update,0.3,Optimized,"['UAV_01', 'SAT_62474', 'GS_01']",GS_01,5.073344868146001,20.0,200,HIT,125.073344868146
285100,815,GS_01,telemetry_UAV_05,0.1,Optimized,"['GS_01', 'SAT_62474', 'UAV_05']",UAV_05,5.495867857881539,20.0,200,HIT,45.495867857881535
285100,816,GS_01,telemetry_UAV_01,0.1,Optimized,"['GS_01', 'SAT_62474', 'UAV_01']",UAV_01,4.969000808923856,20.0,200,HIT,44.96900080892386
285100,817,UAV_05,target_location_update,0.3,Optimized,"['UAV_05', 'SAT_62474', 'GS_01']",GS_01,5.491970868903531,20.0,200,HIT,125.49197086890354
286100,818,GS_01,telemetry_UAV_05,0.1,Optimized,"['GS_01', 'SAT_62474', 'UAV_05']",UAV_05,5.130965944471706,20.0,200,HIT,45.130965944471704
286100,819,GS_01,telemetry_UAV_01,0.1,Optimized,"['GS_01', 'SAT_62474', 'UAV_01']",UAV_01,5.303545715789387,20.0,200,HIT,45.30354571578938
287100,820,GS_01,telemetry_UAV_05,0.1,Optimized,"['GS_01', 'SAT_62474', 'UAV_05']",UAV_05,5.12087625483267,20.0,200,HIT,45.120876254832666
287100,821,GS_01,telemetry_UAV_01,0.1,Optimized,"['GS_01', 'SAT_62474', 'UAV_01']",UAV_01,5.131628538344952,20.0,200,HIT,45.131628538344955
288100,822,GS_01,telemetry_UAV_05,0.1,Optimized,"['GS_01', 'SAT_62474', 'UAV_05']",UAV_05,5.114104064504412,20.0,200,HIT,45.11410406450441
288100,823,UAV_01,status_update_UAV_05,0.2,Optimized,"['UAV_01', 'UAV_05']",UAV_05,0.014347505646727484,10.0,200,HIT,160.01434750564673
288100,824,GS_01,telemetry_UAV_01,0.1,Optimized,"['GS_01', 'SAT_62474', 'UAV_01']",UAV_01,5.473513073428247,20.0,200,HIT,45.47351307342825
288100,825,UAV_01,target_location_update,0.3,Optimized,"['UAV_01', 'SAT_62474', 'GS_01']",GS_01,5.39803329053725,20.0,200,HIT,125.39803329053726
288100,826,UAV_05,target_location_update,0.3,Optimized,"['UAV_05', 'SAT_62474', 'GS_01']",GS_01,5.340123557132776,20.0,200,HIT,125.34012355713277
289100,827,GS_01,telemetry_UAV_01,0.1,Optimized,"['GS_01', 'SAT_62474', 'UAV_01']",UAV_01,4.843107909143519,20.0,200,HIT,44.84310790914352
289100,828,GS_01,telemetry_UAV_05,0.1,Optimized,"['GS_01', 'SAT_62474', 'UAV_05']",UAV_05,4.829760597732541,20.0,200,HIT,44.829760597732545
290100,829,GS_01,telemetry_UAV_01,0.1,Optimized,"['GS_01', 'SAT_62474', 'UAV_01']",UAV_01,5.299321156197614,20.0,200,HIT,45.299321156197614
290100,830,GS_01,telemetry_UAV_05,0.1,Optimized,"['GS_01', 'SAT_62474', 'UAV_05']",UAV_05,5.124283634052634,20.0,200,HIT,45.12428363405263
291100,831,GS_01,telemetry_UAV_05,0.1,Optimized,"['GS_01', 'SAT_62474', 'UAV_05']",UAV_05,5.329308353218622,20.0,200,HIT,45.32930835321862
291100,832,GS_01,telemetry_UAV_01,0.1,Optimized,"['GS_01', 'SAT_62474', 'UAV_01']",UAV_01,5.291868562613221,20.0,200,HIT,45.29186856261322
291100,833,UAV_01,target_location_update,0.3,Optimized,"['UAV_01', 'SAT_62474', 'GS_01']",GS_01,4.925352620253969,20.0,200,HIT,124.92535262025397
291100,834,UAV_05,target_location_update,0.3,Optimized,"['UAV_05', 'SAT_62474', 'GS_01']",GS_01,5.130140214284788,20.0,200,HIT,125.1301402142848
292100,835,GS_01,telemetry_UAV_01,0.1,Optimized,"['GS_01', 'SAT_62474', 'UAV_01']",UAV_01,4.898064139128508,20.0,200,HIT,44.89806413912851
292100,836,GS_01,telemetry_UAV_05,0.1,Optimized,"['GS_01', 'SAT_62474', 'UAV_05']",UAV_05,5.527349234246787,20.0,200,HIT,45.527349234246785
293100,837,GS_01,telemetry_UAV_05,0.1,Optimized,"['GS_01', 'SAT_62474', 'UAV_05']",UAV_05,5.0143390615427865,20.0,200,HIT,45.014339061542785
293100,838,GS_01,telemetry_UAV_01,0.1,Optimized,"['GS_01', 'SAT_62474', 'UAV_01']",UAV_01,5.266296591125474,20.0,200,HIT,45.266296591125474
294100,839,GS_01,telemetry_UAV_05,0.1,Optimized,"['GS_01', 'SAT_62474', 'UAV_05']",UAV_05,5.345728984040667,20.0,200,HIT,45.34572898404067
294100,840,GS_01,telemetry_UAV_01,0.1,Optimized,"['GS_01', 'SAT_62474', 'UAV_01']",UAV_01,5.301160981576535,20.0,200,HIT,45.30116098157654
294100,841,UAV_05,target_location_update,0.3,Optimized,"['UAV_05', 'SAT_62474', 'GS_01']",GS_01,5.17808073987247,20.0,200,HIT,125.17808073987247
294100,842,UAV_01,target_location_update,0.3,Optimized,"['UAV_01', 'SAT_62474', 'GS_01']",GS_01,5.222749203019921,20.0,200,HIT,125.22274920301992
295100,843,GS_01,telemetry_UAV_01,0.1,Optimized,"['GS_01', 'SAT_62474', 'UAV_01']",UAV_01,5.272812986313593,20.0,200,HIT,45.272812986313596
295100,844,GS_01,telemetry_UAV_05,0.1,Optimized,"['GS_01', 'SAT_62474', 'UAV_05']",UAV_05,4.965203340255737,20.0,200,HIT,44.96520334025574
295100,845,UAV_01,fuel_status_UAV_05,0.1,Optimized,"['UAV_01', 'UAV_05']",UAV_05,0.015135525732662301,10.0,200,HIT,80.01513552573266
296100,846,GS_01,telemetry_UAV_01,0.1,Optimized,"['GS_01', 'SAT_62474', 'UAV_01']",UAV_01,5.673973393676014,20.0,200,HIT,45.673973393676015
296100,847,GS_01,telemetry_UAV_05,0.1,Optimized,"['GS_01', 'SAT_62474', 'UAV_05']",UAV_05,5.093721556496302,20.0,200,HIT,45.093721556496305
297000,848,UAV_01,collaboration_request_UAV_03,0.2,Optimized,['UAV_01'],UAV_01,0.0,inf,200,HIT,0.0
297100,849,GS_01,telemetry_UAV_01,0.1,Optimized,"['GS_01', 'SAT_62474', 'UAV_01']",UAV_01,5.434619956477036,20.0,200,HIT,45.434619956477036
297100,850,GS_01,telemetry_UAV_05,0.1,Optimized,"['GS_01', 'SAT_62474', 'UAV_05']",UAV_05,4.962385902059195,20.0,200,HIT,44.9623859020592
297100,851,UAV_05,target_location_update,0.3,Optimized,"['UAV_05', 'SAT_62474', 'GS_01']",GS_01,5.267456716596225,20.0,200,HIT,125.26745671659623
297100,852,UAV_01,target_location_update,0.3,Optimized,"['UAV_01', 'SAT_62474', 'GS_01']",GS_01,5.112625658220319,20.0,200,HIT,125.11262565822032
298100,853,GS_01,telemetry_UAV_01,0.1,Optimized,"['GS_01', 'SAT_62474', 'UAV_01']",UAV_01,5.33462385712338,20.0,200,HIT,45.33462385712338
298100,854,GS_01,telemetry_UAV_05,0.1,Optimized,"['GS_01', 'SAT_62474', 'UAV_05']",UAV_05,5.090955372839634,20.0,200,HIT,45.09095537283963
299100,855,GS_01,telemetry_UAV_05,0.1,Optimized,"['GS_01', 'SAT_62474', 'UAV_05']",UAV_05,5.131264572706396,20.0,200,HIT,45.1312645727064
299100,856,GS_01,telemetry_UAV_01,0.1,Optimized,"['GS_01', 'SAT_62474', 'UAV_01']",UAV_01,5.5039507411947275,20.0,200,HIT,45.50395074119473
300100,857,UAV_01,target_location_update,0.3,Optimized,"['UAV_01', 'SAT_62474', 'GS_01']",GS_01,5.027819459079287,20.0,200,HIT,125.02781945907928
300100,858,GS_01,telemetry_UAV_05,0.1,Optimized,"['GS_01', 'SAT_62474', 'UAV_05']",UAV_05,5.670783941646281,20.0,200,HIT,45.67078394164628
300100,859,GS_01,telemetry_UAV_01,0.1,Optimized,"['GS_01', 'SAT_62474', 'UAV_01']",UAV_01,5.667487410298044,20.0,200,HIT,45.667487410298044
300100,860,UAV_05,target_location_update,0.3,Optimized,"['UAV_05', 'SAT_62474', 'GS_01']",GS_01,5.486398519443732,20.0,200,HIT,125.48639851944372
301100,861,GS_01,telemetry_UAV_05,0.1,Optimized,"['GS_01', 'SAT_62474', 'UAV_05']",UAV_05,5.4900514620399985,20.0,200,HIT,45.49005146204
301100,862,GS_01,telemetry_UAV_01,0.1,Optimized,"['GS_01', 'SAT_62474', 'UAV_01']",UAV_01,5.646416651767906,20.0,200,HIT,45.64641665176791
302100,863,GS_01,telemetry_UAV_01,0.1,Optimized,"['GS_01', 'SAT_62474', 'UAV_01']",UAV_01,5.5556458326166895,20.0,200,HIT,45.55564583261669
302100,864,GS_01,telemetry_UAV_05,0.1,Optimized,"['GS_01', 'SAT_62474', 'UAV_05']",UAV_05,5.316788633803082,20.0,200,HIT,45.316788633803085
303100,865,GS_01,telemetry_UAV_05,0.1,Optimized,"['GS_01', 'SAT_62474', 'UAV_05']",UAV_05,5.174941209567102,20.0,200,HIT,45.1749412095671
303100,866,GS_01,telemetry_UAV_01,0.1,Optimized,"['GS_01', 'SAT_62474', 'UAV_01']",UAV_01,5.289301342068747,20.0,200,HIT,45.28930134206875
303100,867,UAV_01,target_location_update,0.3,Optimized,"['UAV_01', 'SAT_62474', 'GS_01']",GS_01,5.68433348037141,20.0,200,HIT,125.68433348037141
303100,868,UAV_05,target_location_update,0.3,Optimized,"['UAV_05', 'SAT_62474', 'GS_01']",GS_01,5.423578320274594,20.0,200,HIT,125.4235783202746
304100,869,GS_01,telemetry_UAV_05,0.1,Optimized,"['GS_01', 'SAT_62474', 'UAV_05']",UAV_05,5.416132673998456,20.0,200,HIT,45.416132673998455
304100,870,GS_01,telemetry_UAV_01,0.1,Optimized,"['GS_01', 'SAT_62474', 'UAV_01']",UAV_01,5.333877100297083,20.0,200,HIT,45.33387710029708
305100,871,GS_01,telemetry_UAV_01,0.1,Optimized,"['GS_01', 'SAT_62474', 'UAV_01']",UAV_01,5.3512564450841165,20.0,200,HIT,45.35125644508412
305100,872,GS_01,telemetry_UAV_05,0.1,Optimized,"['GS_01', 'SAT_62474', 'UAV_05']",UAV_05,4.998268752665499,20.0,200,HIT,44.998268752665496
306100,873,UAV_01,status_update_UAV_05,0.2,Optimized,"['UAV_01', 'UAV_05']",UAV_05,0.01735203519615143,10.0,200,HIT,160.01735203519615
306100,874,GS_01,telemetry_UAV_01,0.1,Optimized,"['GS_01', 'SAT_62474', 'UAV_01']",UAV_01,5.659383291851045,20.0,200,HIT,45.65938329185104
306100,875,GS_01,telemetry_UAV_05,0.1,Optimized,"['GS_01', 'SAT_62474', 'UAV_05']",UAV_05,5.6890360342523625,20.0,200,HIT,45.68903603425236
306100,876,UAV_05,target_location_update,0.3,Optimized,"['UAV_05', 'SAT_62474', 'GS_01']",GS_01,5.533779548513534,20.0,200,HIT,125.53377954851354
306100,877,UAV_01,target_location_update,0.3,Optimized,"['UAV_01', 'SAT_62474', 'GS_01']",GS_01,5.976264669993728,20.0,200,HIT,125.97626466999372
307000,878,GS_01,telemetry_UAV_05,0.1,Optimized,"['GS_01', 'SAT_62474', 'UAV_05']",UAV_05,5.439950691535731,20.0,200,HIT,45.43995069153573
307100,879,GS_01,telemetry_UAV_01,0.1,Optimized,"['GS_01', 'SAT_62474', 'UAV_01']",UAV_01,5.752853867944162,20.0,200,HIT,45.75285386794416
307600,880,UAV_01,status_update_UAV_05,0.2,Optimized,"['UAV_01', 'UAV_05']",UAV_05,0.014849661367701812,10.0,200,HIT,160.0148496613677
308100,881,GS_01,telemetry_UAV_05,0.1,Optimized,"['GS_01', 'SAT_62474', 'UAV_05']",UAV_05,5.685331469788359,20.0,200,HIT,45.68533146978836
308100,882,GS_01,telemetry_UAV_01,0.1,Optimized,"['GS_01', 'SAT_62474', 'UAV_01']",UAV_01,5.913414281820209,20.0,200,HIT,45.91341428182021
309100,883,GS_01,telemetry_UAV_01,0.1,Optimized,"['GS_01', 'SAT_62474', 'UAV_01']",UAV_01,5.515133712782191,20.0,200,HIT,45.51513371278219
309100,884,GS_01,telemetry_UAV_05,0.1,Optimized,"['GS_01', 'SAT_62474', 'UAV_05']",UAV_05,5.626354647887169,20.0,200,HIT,45.62635464788717
309100,885,UAV_01,target_location_update,0.3,Optimized,"['UAV_01', 'SAT_62474', 'GS_01']",GS_01,5.652997806172175,20.0,200,HIT,125.65299780617218
309100,886,UAV_05,target_location_update,0.3,Optimized,"['UAV_05', 'SAT_62474', 'GS_01']",GS_01,5.314091527716021,20.0,200,HIT,125.31409152771602
310100,887,GS_01,telemetry_UAV_01,0.1,Optimized,"['GS_01', 'SAT_62474', 'UAV_01']",UAV_01,6.165193860363264,20.0,200,HIT,46.16519386036326
310100,888,GS_01,telemetry_UAV_05,0.1,Optimized,"['GS_01', 'SAT_62474', 'UAV_05']",UAV_05,5.7976223625594505,20.0,200,HIT,45.79762236255945
310600,889,UAV_01,status_update_UAV_05,0.2,Optimized,"['UAV_01', 'UAV_05']",UAV_05,0.01706149594026772,10.0,200,HIT,160.01706149594025
311100,890,GS_01,telemetry_UAV_01,0.1,Optimized,"['GS_01', 'SAT_62474', 'UAV_01']",UAV_01,5.846443712041639,20.0,200,HIT,45.84644371204164
311100,891,GS_01,telemetry_UAV_05,0.1,Optimized,"['GS_01', 'SAT_62474', 'UAV_05']",UAV_05,6.3063691300509825,20.0,200,HIT,46.30636913005098
312100,892,GS_01,telemetry_UAV_05,0.1,Optimized,"['GS_01', 'SAT_62474', 'UAV_05']",UAV_05,5.3754831469522575,20.0,200,HIT,45.375483146952256
312100,893,GS_01,telemetry_UAV_01,0.1,Optimized,"['GS_01', 'SAT_62474', 'UAV_01']",UAV_01,5.865059571384304,20.0,200,HIT,45.86505957138431
312100,894,UAV_01,target_location_update,0.3,Optimized,"['UAV_01', 'SAT_62474', 'GS_01']",GS_01,5.775981487510923,20.0,200,HIT,125.77598148751092
312100,895,UAV_05,target_location_update,0.3,Optimized,"['UAV_05', 'SAT_62474', 'GS_01']",GS_01,5.782765197620162,20.0,200,HIT,125.78276519762017
313100,896,GS_01,telemetry_UAV_01,0.1,Optimized,"['GS_01', 'SAT_62474', 'UAV_01']",UAV_01,5.628067358780373,20.0,200,HIT,45.62806735878037
313100,897,GS_01,telemetry_UAV_05,0.1,Optimized,"['GS_01', 'SAT_62474', 'UAV_05']",UAV_05,5.57564421251856,20.0,200,HIT,45.57564421251856
314100,898,GS_01,telemetry_UAV_05,0.1,Optimized,"['GS_01', 'SAT_62474', 'UAV_05']",UAV_05,6.053530569647769,20.0,200,HIT,46.05353056964777
314100,899,GS_01,telemetry_UAV_01,0.1,Optimized,"['GS_01', 'SAT_62474', 'UAV_01']",UAV_01,5.932766064523417,20.0,200,HIT,45.93276606452342
315100,900,GS_01,telemetry_UAV_01,0.1,Optimized,"['GS_01', 'SAT_62474', 'UAV_01']",UAV_01,6.26042789121216,20.0,200,HIT,46.26042789121216
315100,901,GS_01,telemetry_UAV_05,0.1,Optimized,"['GS_01', 'SAT_62474', 'UAV_05']",UAV_05,6.034908146379378,20.0,200,HIT,46.03490814637938
315100,902,UAV_01,target_location_update,0.3,Optimized,"['UAV_01', 'SAT_62474', 'GS_01']",GS_01,5.9695865977464075,20.0,200,HIT,125.96958659774641
315100,903,UAV_05,target_location_update,0.3,Optimized,"['UAV_05', 'SAT_62474', 'GS_01']",GS_01,5.872234117790993,20.0,200,HIT,125.872234117791
316100,904,GS_01,telemetry_UAV_01,0.1,Optimized,"['GS_01', 'SAT_62474', 'UAV_01']",UAV_01,5.762789941777961,20.0,200,HIT,45.76278994177796
316100,905,GS_01,telemetry_UAV_05,0.1,Optimized,"['GS_01', 'SAT_62474', 'UAV_05']",UAV_05,5.629832235470975,20.0,200,HIT,45.62983223547097
317100,906,GS_01,telemetry_UAV_05,0.1,Optimized,"['GS_01', 'SAT_62474', 'UAV_05']",UAV_05,5.825508282184901,20.0,200,HIT,45.8255082821849
317100,907,GS_01,telemetry_UAV_01,0.1,Optimized,"['GS_01', 'SAT_62474', 'UAV_01']",UAV_01,5.922884195123786,20.0,200,HIT,45.922884195123785
318100,908,UAV_01,target_location_update,0.3,Optimized,"['UAV_01', 'SAT_62474', 'GS_01']",GS_01,6.330012668171102,20.0,200,HIT,126.33001266817111
318100,909,GS_01,telemetry_UAV_05,0.1,Optimized,"['GS_01', 'SAT_62474', 'UAV_05']",UAV_05,5.842475456734905,20.0,200,HIT,45.8424754567349
318100,910,UAV_01,status_update_UAV_05,0.2,Optimized,"['UAV_01', 'UAV_05']",UAV_05,0.016679177628794076,10.0,200,HIT,160.0166791776288
318100,911,GS_01,telemetry_UAV_01,0.1,Optimized,"['GS_01', 'SAT_62474', 'UAV_01']",UAV_01,5.749422310605347,20.0,200,HIT,45.74942231060535
318100,912,UAV_05,target_location_update,0.3,Optimized,"['UAV_05', 'SAT_62474', 'GS_01']",GS_01,5.6629559733841806,20.0,200,HIT,125.66295597338419
319100,913,GS_01,telemetry_UAV_05,0.1,Optimized,"['GS_01', 'SAT_62474', 'UAV_05']",UAV_05,5.625759944184837,20.0,200,HIT,45.625759944184836
319100,914,GS_01,telemetry_UAV_01,0.1,Optimized,"['GS_01', 'SAT_62474', 'UAV_01']",UAV_01,6.045252671221463,20.0,200,HIT,46.04525267122146
320100,915,GS_01,telemetry_UAV_01,0.1,Optimized,"['GS_01', 'SAT_62474', 'UAV_01']",UAV_01,6.453164464710132,20.0,200,HIT,46.453164464710134
320100,916,GS_01,telemetry_UAV_05,0.1,Optimized,"['GS_01', 'SAT_62474', 'UAV_05']",UAV_05,6.696314758073655,20.0,200,HIT,46.696314758073655
321100,917,GS_01,telemetry_UAV_01,0.1,Optimized,"['GS_01', 'SAT_62474', 'UAV_01']",UAV_01,6.646845046839328,20.0,200,HIT,46.64684504683933
321100,918,GS_01,telemetry_UAV_05,0.1,Optimized,"['GS_01', 'SAT_62474', 'UAV_05']",UAV_05,6.235007023202242,20.0,200,HIT,46.23500702320224
321100,919,UAV_01,target_location_update,0.3,Optimized,"['UAV_01', 'SAT_62474', 'GS_01']",GS_01,5.9764296914195825,20.0,200,HIT,125.97642969141958
321100,920,UAV_05,target_location_update,0.3,Optimized,"['UAV_05', 'SAT_62474', 'GS_01']",GS_01,6.195373647740281,20.0,200,HIT,126.19537364774028
322100,921,GS_01,telemetry_UAV_01,0.1,Optimized,"['GS_01', 'SAT_62474', 'UAV_01']",UAV_01,6.776859019406157,20.0,200,HIT,46.77685901940616
322100,922,GS_01,telemetry_UAV_05,0.1,Optimized,"['GS_01', 'SAT_62474', 'UAV_05']",UAV_05,5.974928371938227,20.0,200,HIT,45.974928371938226
322600,923,UAV_01,status_update_UAV_05,0.2,Optimized,"['UAV_01', 'UAV_05']",UAV_05,0.01684138676041307,10.0,200,HIT,160.0168413867604
323100,924,GS_01,telemetry_UAV_05,0.1,Optimized,"['GS_01', 'SAT_62474', 'UAV_05']",UAV_05,6.426792125770558,20.0,200,HIT,46.42679212577056
323100,925,GS_01,telemetry_UAV_01,0.1,Optimized,"['GS_01', 'SAT_62474', 'UAV_01']",UAV_01,6.561261112085053,20.0,200,HIT,46.561261112085056
324100,926,GS_01,telemetry_UAV_05,0.1,Optimized,"['GS_01', 'SAT_62474', 'UAV_05']",UAV_05,5.946886752000174,20.0,200,HIT,45.946886752000175
324100,927,GS_01,telemetry_UAV_01,0.1,Optimized,"['GS_01', 'SAT_62474', 'UAV_01']",UAV_01,6.461759047838457,20.0,200,HIT,46.461759047838456
324100,928,UAV_05,target_location_update,0.3,Optimized,"['UAV_05', 'SAT_62474', 'GS_01']",GS_01,6.449475628386443,20.0,200,HIT,126.44947562838644
324100,929,UAV_01,target_location_update,0.3,Optimized,"['UAV_01', 'SAT_62474', 'GS_01']",GS_01,6.636854472133484,20.0,200,HIT,126.63685447213348
325100,930,GS_01,telemetry_UAV_01,0.1,Optimized,"['GS_01', 'SAT_62474', 'UAV_01']",UAV_01,6.414049010958277,20.0,200,HIT,46.41404901095828
325100,931,GS_01,telemetry_UAV_05,0.1,Optimized,"['GS_01', 'SAT_62474', 'UAV_05']",UAV_05,5.926651039888146,20.0,200,HIT,45.92665103988814
326100,932,GS_01,telemetry_UAV_01,0.1,Optimized,"['GS_01', 'SAT_62474', 'UAV_01']",UAV_01,6.4905254406915125,20.0,200,HIT,46.49052544069151
326100,933,GS_01,telemetry_UAV_05,0.1,Optimized,"['GS_01', 'SAT_62474', 'UAV_05']",UAV_05,6.4576835960746095,20.0,200,HIT,46.45768359607461
327100,934,GS_01,telemetry_UAV_05,0.1,Optimized,"['GS_01', 'SAT_62474', 'UAV_05']",UAV_05,6.792558880840048,20.0,200,HIT,46.79255888084005
327100,935,GS_01,telemetry_UAV_01,0.1,Optimized,"['GS_01', 'SAT_62474', 'UAV_01']",UAV_01,6.3940528264406495,20.0,200,HIT,46.39405282644065
327100,936,UAV_01,target_location_update,0.3,Optimized,"['UAV_01', 'SAT_62474', 'GS_01']",GS_01,6.778873922793263,20.0,200,HIT,126.77887392279327
327100,937,UAV_05,target_location_update,0.3,Optimized,"['UAV_05', 'SAT_62474', 'GS_01']",GS_01,6.199542412727692,20.0,200,HIT,126.1995424127277
328100,938,GS_01,telemetry_UAV_01,0.1,Optimized,"['GS_01', 'SAT_62474', 'UAV_01']",UAV_01,6.167013044198555,20.0,200,HIT,46.167013044198555
328100,939,GS_01,telemetry_UAV_05,0.1,Optimized,"['GS_01', 'SAT_62474', 'UAV_05']",UAV_05,6.493241090619547,20.0,200,HIT,46.49324109061955
329100,940,GS_01,telemetry_UAV_05,0.1,Optimized,"['GS_01', 'SAT_62474', 'UAV_05']",UAV_05,6.4098878029279565,20.0,200,HIT,46.409887802927955
329100,941,GS_01,telemetry_UAV_01,0.1,Optimized,"['GS_01', 'SAT_62474', 'UAV_01']",UAV_01,6.341109981142328,20.0,200,HIT,46.341109981142324
330100,942,GS_01,telemetry_UAV_05,0.1,Optimized,"['GS_01', 'SAT_62474', 'UAV_05']",UAV_05,6.948950349685131,20.0,200,HIT,46.948950349685134
330100,943,UAV_05,target_location_update,0.3,Optimized,"['UAV_05', 'SAT_62474', 'GS_01']",GS_01,6.962780924871924,20.0,200,HIT,126.96278092487192
330100,944,GS_01,telemetry_UAV_01,0.1,Optimized,"['GS_01', 'SAT_62474', 'UAV_01']",UAV_01,7.226957781845952,20.0,200,HIT,47.226957781845954
330100,945,UAV_01,target_location_update,0.3,Optimized,"['UAV_01', 'SAT_62474', 'GS_01']",GS_01,6.922978116503996,20.0,200,HIT,126.922978116504
331100,946,GS_01,telemetry_UAV_05,0.1,Optimized,"['GS_01', 'SAT_62474', 'UAV_05']",UAV_05,7.15442652406745,20.0,200,HIT,47.154426524067446
331100,947,GS_01,telemetry_UAV_01,0.1,Optimized,"['GS_01', 'SAT_62474', 'UAV_01']",UAV_01,6.952609814261409,20.0,200,HIT,46.95260981426141
332100,948,GS_01,telemetry_UAV_01,0.1,Optimized,"['GS_01', 'SAT_62474', 'UAV_01']",UAV_01,6.829110467857201,20.0,200,HIT,46.8291104678572
332100,949,GS_01,telemetry_UAV_05,0.1,Optimized,"['GS_01', 'SAT_62474', 'UAV_05']",UAV_05,7.407151118533423,20.0,200,HIT,47.40715111853342
333100,950,GS_01,telemetry_UAV_01,0.1,Optimized,"['GS_01', 'SAT_62474', 'UAV_01']",UAV_01,6.83021668100515,20.0,200,HIT,46.83021668100515
333100,951,GS_01,telemetry_UAV_05,0.1,Optimized,"['GS_01', 'SAT_62474', 'UAV_05']",UAV_05,7.343746054773508,20.0,200,HIT,47.343746054773504
333100,952,UAV_01,status_update_UAV_05,0.2,Optimized,"['UAV_01', 'UAV_05']",UAV_05,0.015455682779439596,10.0,200,HIT,160.01545568277945
333100,953,UAV_01,target_location_update,0.3,Optimized,"['UAV_01', 'SAT_62474', 'GS_01']",GS_01,6.942098615396654,20.0,200,HIT,126.94209861539666
333100,954,UAV_05,target_location_update,0.3,Optimized,"['UAV_05', 'SAT_62474', 'GS_01']",GS_01,7.090841044566149,20.0,200,HIT,127.09084104456615
334100,955,GS_01,telemetry_UAV_01,0.1,Optimized,"['GS_01', 'SAT_62474', 'UAV_01']",UAV_01,6.8805692410691925,20.0,200,HIT,46.880569241069196
334100,956,GS_01,telemetry_UAV_05,0.1,Optimized,"['GS_01', 'SAT_62474', 'UAV_05']",UAV_05,6.58034129391311,20.0,200,HIT,46.58034129391311
335100,957,GS_01,telemetry_UAV_01,0.1,Optimized,"['GS_01', 'SAT_62474', 'UAV_01']",UAV_01,7.378501053537136,20.0,200,HIT,47.378501053537136
335100,958,GS_01,telemetry_UAV_05,0.1,Optimized,"['GS_01', 'SAT_62474', 'UAV_05']",UAV_05,6.616414385738042,20.0,200,HIT,46.61641438573804
336000,959,UAV_01,target_location_update,0.3,Optimized,"['UAV_01', 'SAT_62474', 'GS_01']",GS_01,7.390956814354907,20.0,200,HIT,127.39095681435491
336100,960,GS_01,telemetry_UAV_01,0.1,Optimized,"['GS_01', 'SAT_62474', 'UAV_01']",UAV_01,7.112814804064776,20.0,200,HIT,47.112814804064776
336100,961,GS_01,telemetry_UAV_05,0.1,Optimized,"['GS_01', 'SAT_62474', 'UAV_05']",UAV_05,7.3697485475719064,20.0,200,HIT,47.36974854757191
336100,962,UAV_05,target_location_update,0.3,Optimized,"['UAV_05', 'SAT_62474', 'GS_01']",GS_01,6.864474744007074,20.0,200,HIT,126.86447474400707
337100,963,GS_01,telemetry_UAV_01,0.1,Optimized,"['GS_01', 'SAT_62474', 'UAV_01']",UAV_01,6.44198241120662,20.0,200,HIT,46.441982411206624
337100,964,GS_01,telemetry_UAV_05,0.1,Optimized,"['GS_01', 'SAT_62474', 'UAV_05']",UAV_05,6.762984176173491,20.0,200,HIT,46.76298417617349
337600,965,UAV_01,status_update_UAV_05,0.2,Optimized,"['UAV_01', 'UAV_05']",UAV_05,0.015634734800766017,10.0,200,HIT,160.01563473480076
338100,966,GS_01,telemetry_UAV_05,0.1,Optimized,"['GS_01', 'SAT_62474', 'UAV_05']",UAV_05,6.71213781410281,20.0,200,HIT,46.71213781410281
338100,967,GS_01,telemetry_UAV_01,0.1,Optimized,"['GS_01', 'SAT_62474', 'UAV_01']",UAV_01,7.041512921106163,20.0,200,HIT,47.04151292110616
338300,968,UAV_01,emergency_assistance,0.1,Optimized,"['UAV_01', 'SAT_62474', 'GS_01']",GS_01,6.783287812169355,20.0,200,HIT,46.783287812169355
339100,969,GS_01,telemetry_UAV_05,0.1,Optimized,"['GS_01', 'SAT_62474', 'UAV_05']",UAV_05,6.744519107555812,20.0,200,HIT,46.74451910755581
339100,970,UAV_05,target_location_update,0.3,Optimized,"['UAV_05', 'SAT_62474', 'GS_01']",GS_01,6.710615265612906,20.0,200,HIT,126.7106152656129
339100,971,GS_01,telemetry_UAV_01,0.1,Optimized,"['GS_01', 'SAT_62474', 'UAV_01']",UAV_01,6.751979216308095,20.0,200,HIT,46.751979216308094
339100,972,UAV_01,target_location_update,0.3,Optimized,"['UAV_01', 'SAT_62474', 'GS_01']",GS_01,7.283651797790206,20.0,200,HIT,127.28365179779021
340100,973,GS_01,telemetry_UAV_01,0.1,Optimized,"['GS_01', 'SAT_62474', 'UAV_01']",UAV_01,7.56445309603426,20.0,200,HIT,47.564453096034256
340100,974,GS_01,telemetry_UAV_05,0.1,Optimized,"['GS_01', 'SAT_58748', 'UAV_05']",UAV_05,7.01557361441674,20.0,200,HIT,47.01557361441674
341100,975,GS_01,telemetry_UAV_05,0.1,Optimized,"['GS_01', 'SAT_58748', 'UAV_05']",UAV_05,7.320348586242975,20.0,200,HIT,47.32034858624297
341100,976,GS_01,telemetry_UAV_01,0.1,Optimized,"['GS_01', 'SAT_62474', 'UAV_01']",UAV_01,7.831959485101127,20.0,200,HIT,47.83195948510112
342100,977,GS_01,telemetry_UAV_05,0.1,Optimized,"['GS_01', 'SAT_58748', 'UAV_05']",UAV_05,7.3246905072693655,20.0,200,HIT,47.324690507269366
342100,978,GS_01,telemetry_UAV_01,0.1,Optimized,"['GS_01', 'SAT_62474', 'UAV_01']",UAV_01,7.561103173764132,20.0,200,HIT,47.56110317376413
342100,979,UAV_05,target_location_update,0.3,Optimized,"['UAV_05', 'SAT_58748', 'GS_01']",GS_01,7.2972159891142585,20.0,200,HIT,127.29721598911426
342100,980,UAV_01,target_location_update,0.3,Optimized,"['UAV_01', 'SAT_62474', 'GS_01']",GS_01,7.829786717563158,20.0,200,HIT,127.82978671756315
343100,981,GS_01,telemetry_UAV_01,0.1,Optimized,"['GS_01', 'SAT_62474', 'UAV_01']",UAV_01,7.643008385105466,20.0,200,HIT,47.64300838510547
343100,982,GS_01,telemetry_UAV_05,0.1,Optimized,"['GS_01', 'SAT_58748', 'UAV_05']",UAV_05,7.409876725931996,20.0,200,HIT,47.409876725931994
344100,983,GS_01,telemetry_UAV_05,0.1,Optimized,"['GS_01', 'SAT_58748', 'UAV_05']",UAV_05,7.390640124156137,20.0,200,HIT,47.390640124156135
344100,984,GS_01,telemetry_UAV_01,0.1,Optimized,"['GS_01', 'SAT_62474', 'UAV_01']",UAV_01,7.777625781228836,20.0,200,HIT,47.777625781228835
345100,985,GS_01,telemetry_UAV_01,0.1,Optimized,"['GS_01', 'SAT_62474', 'UAV_01']",UAV_01,7.525063309797745,20.0,200,HIT,47.525063309797744
345100,986,GS_01,telemetry_UAV_05,0.1,Optimized,"['GS_01', 'SAT_58748', 'UAV_05']",UAV_05,7.518196556865586,20.0,200,HIT,47.51819655686559
345100,987,UAV_01,fuel_status_UAV_05,0.1,Optimized,"['UAV_01', 'UAV_05']",UAV_05,0.01476278287639771,10.0,200,HIT,80.0147627828764
345100,988,UAV_01,status_update_UAV_05,0.2,Optimized,"['UAV_01', 'UAV_05']",UAV_05,0.01590965023932536,10.0,200,HIT,160.01590965023934
345100,989,UAV_05,target_location_update,0.3,Optimized,"['UAV_05', 'SAT_58748', 'GS_01']",GS_01,6.969707072392659,20.0,200,HIT,126.96970707239265
345100,990,UAV_01,target_location_update,0.3,Optimized,"['UAV_01', 'SAT_62474', 'GS_01']",GS_01,8.09924281892161,20.0,200,HIT,128.0992428189216
346100,991,GS_01,telemetry_UAV_05,0.1,Optimized,"['GS_01', 'SAT_58748', 'UAV_05']",UAV_05,7.9155500180040335,20.0,200,HIT,47.91555001800403
346100,992,GS_01,telemetry_UAV_01,0.1,Optimized,"['GS_01', 'SAT_62474', 'UAV_01']",UAV_01,8.101806206703,20.0,200,HIT,48.101806206703
347100,993,GS_01,telemetry_UAV_05,0.1,Optimized,"['GS_01', 'SAT_58748', 'UAV_05']",UAV_05,7.4859254083688995,20.0,200,HIT,47.4859254083689
347100,994,GS_01,telemetry_UAV_01,0.1,Optimized,"['GS_01', 'SAT_62474', 'UAV_01']",UAV_01,7.996503667783893,20.0,200,HIT,47.99650366778389
348100,995,UAV_01,target_location_update,0.3,Optimized,"['UAV_01', 'SAT_62474', 'GS_01']",GS_01,7.90792368424822,20.0,200,HIT,127.90792368424822
348100,996,UAV_05,target_location_update,0.3,Optimized,"['UAV_05', 'SAT_58748', 'GS_01']",GS_01,8.133576628685036,20.0,200,HIT,128.13357662868503
348100,997,GS_01,telemetry_UAV_01,0.1,Optimized,"['GS_01', 'SAT_62474', 'UAV_01']",UAV_01,8.021355283341991,20.0,200,HIT,48.02135528334199
348100,998,GS_01,telemetry_UAV_05,0.1,Optimized,"['GS_01', 'SAT_58748', 'UAV_05']",UAV_05,7.8590069928266555,20.0,200,HIT,47.85900699282666
349100,999,GS_01,telemetry_UAV_01,0.1,Optimized,"['GS_01', 'SAT_62474', 'UAV_01']",UAV_01,7.396511022310076,20.0,200,HIT,47.39651102231008
349100,1000,GS_01,telemetry_UAV_05,0.1,Optimized,"['GS_01', 'SAT_58748', 'UAV_05']",UAV_05,7.612541307280601,20.0,200,HIT,47.6125413072806
350100,1001,GS_01,telemetry_UAV_01,0.1,Optimized,"['GS_01', 'SAT_58748', 'UAV_01']",UAV_01,8.065355708038382,20.0,200,HIT,48.06535570803838
350100,1002,GS_01,telemetry_UAV_05,0.1,Optimized,"['GS_01', 'SAT_58748', 'UAV_05']",UAV_05,7.84304114964659,20.0,200,HIT,47.84304114964659
351000,1003,UAV_01,collaboration_request_UAV_06,0.2,Optimized,['UAV_01'],UAV_01,0.0,inf,200,HIT,0.0
351100,1004,GS_01,telemetry_UAV_05,0.1,Optimized,"['GS_01', 'SAT_58748', 'UAV_05']",UAV_05,7.97297204629478,20.0,200,HIT,47.97297204629478
351100,1005,GS_01,telemetry_UAV_01,0.1,Optimized,"['GS_01', 'SAT_58748', 'UAV_01']",UAV_01,7.829965646163197,20.0,200,HIT,47.829965646163195
351100,1006,UAV_05,target_location_update,0.3,Optimized,"['UAV_05', 'SAT_58748', 'GS_01']",GS_01,8.471369916224264,20.0,200,HIT,128.47136991622426
351100,1007,UAV_01,target_location_update,0.3,Optimized,"['UAV_01', 'SAT_58748', 'GS_01']",GS_01,8.28250090139137,20.0,200,HIT,128.28250090139136
352100,1008,GS_01,telemetry_UAV_01,0.1,Optimized,"['GS_01', 'SAT_58748', 'UAV_01']",UAV_01,8.259995335742405,20.0,200,HIT,48.2599953357424
352100,1009,GS_01,telemetry_UAV_05,0.1,Optimized,"['GS_01', 'SAT_58748', 'UAV_05']",UAV_05,7.8021383165915825,20.0,200,HIT,47.80213831659158
353100,1010,GS_01,telemetry_UAV_05,0.1,Optimized,"['GS_01', 'SAT_58748', 'UAV_05']",UAV_05,8.279167915893781,20.0,200,HIT,48.27916791589378
353100,1011,GS_01,telemetry_UAV_01,0.1,Optimized,"['GS_01', 'SAT_58748', 'UAV_01']",UAV_01,8.092190423082334,20.0,200,HIT,48.092190423082336
354100,1012,UAV_05,target_location_update,0.3,Optimized,"['UAV_05', 'SAT_58748', 'GS_01']",GS_01,8.365570763185614,20.0,200,HIT,128.36557076318562
354100,1013,GS_01,telemetry_UAV_01,0.1,Optimized,"['GS_01', 'SAT_58748', 'UAV_01']",UAV_01,8.8269163234545,20.0,200,HIT,48.8269163234545
354100,1014,GS_01,telemetry_UAV_05,0.1,Optimized,"['GS_01', 'SAT_58748', 'UAV_05']",UAV_05,7.964432338470127,20.0,200,HIT,47.964432338470125
354100,1015,UAV_01,target_location_update,0.3,Optimized,"['UAV_01', 'SAT_58748', 'GS_01']",GS_01,8.343300531723843,20.0,200,HIT,128.34330053172386
355100,1016,GS_01,telemetry_UAV_05,0.1,Optimized,"['GS_01', 'SAT_58748', 'UAV_05']",UAV_05,7.982348986565611,20.0,200,HIT,47.98234898656561
355100,1017,GS_01,telemetry_UAV_01,0.1,Optimized,"['GS_01', 'SAT_58748', 'UAV_01']",UAV_01,8.35058369489242,20.0,200,HIT,48.35058369489242
356100,1018,GS_01,telemetry_UAV_05,0.1,Optimized,"['GS_01', 'SAT_58748', 'UAV_05']",UAV_05,8.238981642510195,20.0,200,HIT,48.2389816425102
356100,1019,GS_01,telemetry_UAV_01,0.1,Optimized,"['GS_01', 'SAT_58748', 'UAV_01']",UAV_01,8.246135003991327,20.0,200,HIT,48.24613500399133
357100,1020,GS_01,telemetry_UAV_05,0.1,Optimized,"['GS_01', 'SAT_58748', 'UAV_05']",UAV_05,8.199785710995346,20.0,200,HIT,48.19978571099534
357100,1021,GS_01,telemetry_UAV_01,0.1,Optimized,"['GS_01', 'SAT_58748', 'UAV_01']",UAV_01,8.318969859762744,20.0,200,HIT,48.318969859762746
357100,1022,UAV_01,status_update_UAV_05,0.2,Optimized,"['UAV_01', 'UAV_05']",UAV_05,0.016199646129395985,10.0,200,HIT,160.0161996461294
357100,1023,UAV_01,target_location_update,0.3,Optimized,"['UAV_01', 'SAT_58748', 'GS_01']",GS_01,8.383453368421016,20.0,200,HIT,128.38345336842102
357100,1024,UAV_05,target_location_update,0.3,Optimized,"['UAV_05', 'SAT_58748', 'GS_01']",GS_01,8.274277196106112,20.0,200,HIT,128.2742771961061
358100,1025,GS_01,telemetry_UAV_05,0.1,Optimized,"['GS_01', 'SAT_58748', 'UAV_05']",UAV_05,8.257637311888171,20.0,200,HIT,48.257637311888175
358100,1026,GS_01,telemetry_UAV_01,0.1,Optimized,"['GS_01', 'SAT_58748', 'UAV_01']",UAV_01,8.400958706294361,20.0,200,HIT,48.40095870629436
359100,1027,GS_01,telemetry_UAV_01,0.1,Optimized,"['GS_01', 'SAT_58748', 'UAV_01']",UAV_01,8.24837420242089,20.0,200,HIT,48.24837420242089
359100,1028,GS_01,telemetry_UAV_05,0.1,Optimized,"['GS_01', 'SAT_58748', 'UAV_05']",UAV_05,7.499656820988444,20.0,200,HIT,47.49965682098844
360100,1029,GS_01,telemetry_UAV_01,0.1,Optimized,"['GS_01', 'SAT_60935', 'UAV_01']",UAV_01,4.894832314167166,20.0,200,HIT,44.89483231416717
360100,1030,GS_01,telemetry_UAV_05,0.1,Optimized,"['GS_01', 'SAT_60935', 'UAV_05']",UAV_05,5.153524721319862,20.0,200,HIT,45.15352472131986
360100,1031,UAV_01,target_location_update,0.3,Optimized,"['UAV_01', 'SAT_60935', 'GS_01']",GS_01,4.827971997596457,20.0,200,HIT,124.82797199759645
360100,1032,UAV_05,target_location_update,0.3,Optimized,"['UAV_05', 'SAT_60935', 'GS_01']",GS_01,5.0650904701434545,20.0,200,HIT,125.06509047014346
361100,1033,GS_01,telemetry_UAV_01,0.1,Optimized,"['GS_01', 'SAT_60935', 'UAV_01']",UAV_01,4.880292586023575,20.0,200,HIT,44.88029258602357
361100,1034,GS_01,telemetry_UAV_05,0.1,Optimized,"['GS_01', 'SAT_60935', 'UAV_05']",UAV_05,5.1536172111024445,20.0,200,HIT,45.15361721110244
362000,1035,GS_01,telemetry_UAV_05,0.1,Optimized,"['GS_01', 'SAT_60935', 'UAV_05']",UAV_05,4.606258808132667,20.0,200,HIT,44.606258808132665
362100,1036,GS_01,telemetry_UAV_01,0.1,Optimized,"['GS_01', 'SAT_60935', 'UAV_01']",UAV_01,4.909694485739143,20.0,200,HIT,44.909694485739145
363100,1037,GS_01,telemetry_UAV_01,0.1,Optimized,"['GS_01', 'SAT_60935', 'UAV_01']",UAV_01,4.806309534121455,20.0,200,HIT,44.80630953412145
363100,1038,UAV_01,target_location_update,0.3,Optimized,"['UAV_01', 'SAT_60935', 'GS_01']",GS_01,4.963529250378036,20.0,200,HIT,124.96352925037803
363100,1039,GS_01,telemetry_UAV_05,0.1,Optimized,"['GS_01', 'SAT_60935', 'UAV_05']",UAV_05,5.031912147665695,20.0,200,HIT,45.03191214766569
363100,1040,UAV_05,target_location_update,0.3,Optimized,"['UAV_05', 'SAT_60935', 'GS_01']",GS_01,4.631481368952579,20.0,200,HIT,124.63148136895258
364100,1041,GS_01,telemetry_UAV_05,0.1,Optimized,"['GS_01', 'SAT_60935', 'UAV_05']",UAV_05,5.001248715382152,20.0,200,HIT,45.001248715382154
364100,1042,GS_01,telemetry_UAV_01,0.1,Optimized,"['GS_01', 'SAT_60935', 'UAV_01']",UAV_01,4.520203891457353,20.0,200,HIT,44.520203891457356
365100,1043,GS_01,telemetry_UAV_01,0.1,Optimized,"['GS_01', 'SAT_60935', 'UAV_01']",UAV_01,4.39590187813034,20.0,200,HIT,44.39590187813034
365100,1044,GS_01,telemetry_UAV_05,0.1,Optimized,"['GS_01', 'SAT_60935', 'UAV_05']",UAV_05,5.182266354904074,20.0,200,HIT,45.18226635490407
366000,1045,GS_01,telemetry_UAV_05,0.1,Optimized,"['GS_01', 'SAT_60935', 'UAV_05']",UAV_05,4.783154284830219,20.0,200,HIT,44.78315428483022
366100,1046,GS_01,telemetry_UAV_01,0.1,Optimized,"['GS_01', 'SAT_60935', 'UAV_01']",UAV_01,4.884561352205397,20.0,200,HIT,44.884561352205395
366100,1047,UAV_05,target_location_update,0.3,Optimized,"['UAV_05', 'SAT_60935', 'GS_01']",GS_01,4.894174743394652,20.0,200,HIT,124.89417474339466
366100,1048,UAV_01,target_location_update,0.3,Optimized,"['UAV_01', 'SAT_60935', 'GS_01']",GS_01,4.75584164311665,20.0,200,HIT,124.75584164311665
367100,1049,GS_01,telemetry_UAV_05,0.1,Optimized,"['GS_01', 'SAT_60935', 'UAV_05']",UAV_05,5.0788786882301125,20.0,200,HIT,45.07887868823011
367100,1050,GS_01,telemetry_UAV_01,0.1,Optimized,"['GS_01', 'SAT_60935', 'UAV_01']",UAV_01,4.9407645578366015,20.0,200,HIT,44.9407645578366
368100,1051,GS_01,telemetry_UAV_05,0.1,Optimized,"['GS_01', 'SAT_60935', 'UAV_05']",UAV_05,5.083899898390342,20.0,200,HIT,45.08389989839034
368100,1052,GS_01,telemetry_UAV_01,0.1,Optimized,"['GS_01', 'SAT_60935', 'UAV_01']",UAV_01,5.021773201617089,20.0,200,HIT,45.02177320161709
369100,1053,UAV_01,target_location_update,0.3,Optimized,"['UAV_01', 'SAT_60935', 'GS_01']",GS_01,4.903803792757031,20.0,200,HIT,124.90380379275703
369100,1054,UAV_01,status_update_UAV_05,0.2,Optimized,"['UAV_01', 'UAV_05']",UAV_05,0.014563282383929881,10.0,200,HIT,160.01456328238393
369100,1055,UAV_05,target_location_update,0.3,Optimized,"['UAV_05', 'SAT_60935', 'GS_01']",GS_01,4.971552381370247,20.0,200,HIT,124.97155238137024
369100,1056,GS_01,telemetry_UAV_01,0.1,Optimized,"['GS_01', 'SAT_60935', 'UAV_01']",UAV_01,4.9781560241886424,20.0,200,HIT,44.97815602418864
369100,1057,GS_01,telemetry_UAV_05,0.1,Optimized,"['GS_01', 'SAT_60935', 'UAV_05']",UAV_05,4.8689638303460825,20.0,200,HIT,44.86896383034608
370100,1058,GS_01,telemetry_UAV_05,0.1,Optimized,"['GS_01', 'SAT_60935', 'UAV_05']",UAV_05,4.88495843154694,20.0,200,HIT,44.88495843154694
370100,1059,GS_01,telemetry_UAV_01,0.1,Optimized,"['GS_01', 'SAT_60935', 'UAV_01']",UAV_01,4.535035510380656,20.0,200,HIT,44.53503551038065
371100,1060,GS_01,telemetry_UAV_01,0.1,Optimized,"['GS_01', 'SAT_60935', 'UAV_01']",UAV_01,5.026345116257652,20.0,200,HIT,45.02634511625765
371100,1061,GS_01,telemetry_UAV_05,0.1,Optimized,"['GS_01', 'SAT_60935', 'UAV_05']",UAV_05,4.77693453384065,20.0,200,HIT,44.77693453384065
372100,1062,UAV_01,target_location_update,0.3,Optimized,"['UAV_01', 'SAT_60935', 'GS_01']",GS_01,4.828010911240606,20.0,200,HIT,124.82801091124061
372100,1063,GS_01,telemetry_UAV_05,0.1,Optimized,"['GS_01', 'SAT_60935', 'UAV_05']",UAV_05,4.470134807015099,20.0,200,HIT,44.4701348070151
372100,1064,GS_01,telemetry_UAV_01,0.1,Optimized,"['GS_01', 'SAT_60935', 'UAV_01']",UAV_01,4.828222509227723,20.0,200,HIT,44.82822250922772
372100,1065,UAV_05,target_location_update,0.3,Optimized,"['UAV_05', 'SAT_60935', 'GS_01']",GS_01,5.03531480842959,20.0,200,HIT,125.03531480842959
373100,1066,GS_01,telemetry_UAV_01,0.1,Optimized,"['GS_01', 'SAT_60935', 'UAV_01']",UAV_01,5.136262764406334,20.0,200,HIT,45.13626276440633
373100,1067,GS_01,telemetry_UAV_05,0.1,Optimized,"['GS_01', 'SAT_60935', 'UAV_05']",UAV_05,4.848161741642279,20.0,200,HIT,44.84816174164228
374100,1068,GS_01,telemetry_UAV_05,0.1,Optimized,"['GS_01', 'SAT_60935', 'UAV_05']",UAV_05,4.6039726945475525,20.0,200,HIT,44.60397269454755
374100,1069,GS_01,telemetry_UAV_01,0.1,Optimized,"['GS_01', 'SAT_60935', 'UAV_01']",UAV_01,4.817668625238095,20.0,200,HIT,44.8176686252381
375100,1070,GS_01,telemetry_UAV_05,0.1,Optimized,"['GS_01', 'SAT_60935', 'UAV_05']",UAV_05,5.008436417512032,20.0,200,HIT,45.00843641751203
375100,1071,UAV_01,target_location_update,0.3,Optimized,"['UAV_01', 'SAT_60935', 'GS_01']",GS_01,4.865190889136281,20.0,200,HIT,124.86519088913629
375100,1072,GS_01,telemetry_UAV_01,0.1,Optimized,"['GS_01', 'SAT_60935', 'UAV_01']",UAV_01,4.795687677615547,20.0,200,HIT,44.79568767761555
375100,1073,UAV_05,target_location_update,0.3,Optimized,"['UAV_05', 'SAT_60935', 'GS_01']",GS_01,4.966372842340769,20.0,200,HIT,124.96637284234077
376100,1074,GS_01,telemetry_UAV_01,0.1,Optimized,"['GS_01', 'SAT_60935', 'UAV_01']",UAV_01,4.863674159464253,20.0,200,HIT,44.86367415946425
376100,1075,GS_01,telemetry_UAV_05,0.1,Optimized,"['GS_01', 'SAT_60935', 'UAV_05']",UAV_05,5.015729283751128,20.0,200,HIT,45.01572928375113
377100,1076,GS_01,telemetry_UAV_01,0.1,Optimized,"['GS_01', 'SAT_60935', 'UAV_01']",UAV_01,4.693869868283901,20.0,200,HIT,44.6938698682839
377100,1077,GS_01,telemetry_UAV_05,0.1,Optimized,"['GS_01', 'SAT_60935', 'UAV_05']",UAV_05,4.843380817039817,20.0,200,HIT,44.843380817039815
378100,1078,UAV_05,target_location_update,0.3,Optimized,"['UAV_05', 'SAT_60935', 'GS_01']",GS_01,4.995735326508468,20.0,200,HIT,124.99573532650847
378100,1079,GS_01,telemetry_UAV_05,0.1,Optimized,"['GS_01', 'SAT_60935', 'UAV_05']",UAV_05,4.639021736375215,20.0,200,HIT,44.63902173637521
378100,1080,GS_01,telemetry_UAV_01,0.1,Optimized,"['GS_01', 'SAT_60935', 'UAV_01']",UAV_01,5.094463044235717,20.0,200,HIT,45.09446304423572
378100,1081,UAV_01,target_location_update,0.3,Optimized,"['UAV_01', 'SAT_60935', 'GS_01']",GS_01,4.862564502278565,20.0,200,HIT,124.86256450227856
379100,1082,GS_01,telemetry_UAV_05,0.1,Optimized,"['GS_01', 'SAT_60935', 'UAV_05']",UAV_05,5.10472067562443,20.0,200,HIT,45.10472067562443
379100,1083,GS_01,telemetry_UAV_01,0.1,Optimized,"['GS_01', 'SAT_60935', 'UAV_01']",UAV_01,4.882683279288841,20.0,200,HIT,44.88268327928884
379300,1084,UAV_05,emergency_assistance,0.1,Optimized,"['UAV_05', 'SAT_60935', 'GS_01']",GS_01,4.851235917719973,20.0,200,HIT,44.851235917719976
380100,1085,GS_01,telemetry_UAV_01,0.1,Optimized,"['GS_01', 'SAT_60935', 'UAV_01']",UAV_01,4.98697382484564,20.0,200,HIT,44.98697382484564
380100,1086,GS_01,telemetry_UAV_05,0.1,Optimized,"['GS_01', 'SAT_60935', 'UAV_05']",UAV_05,5.123028124852318,20.0,200,HIT,45.12302812485232
381100,1087,GS_01,telemetry_UAV_05,0.1,Optimized,"['GS_01', 'SAT_60935', 'UAV_05']",UAV_05,4.847828716796288,20.0,200,HIT,44.847828716796286
381100,1088,GS_01,telemetry_UAV_01,0.1,Optimized,"['GS_01', 'SAT_60935', 'UAV_01']",UAV_01,4.879174523100245,20.0,200,HIT,44.87917452310025
381100,1089,UAV_05,target_location_update,0.3,Optimized,"['UAV_05', 'SAT_60935', 'GS_01']",GS_01,4.62605143642368,20.0,200,HIT,124.62605143642368
381100,1090,UAV_01,target_location_update,0.3,Optimized,"['UAV_01', 'SAT_60935', 'GS_01']",GS_01,5.078581233987468,20.0,200,HIT,125.07858123398746
382100,1091,GS_01,telemetry_UAV_01,0.1,Optimized,"['GS_01', 'SAT_60935', 'UAV_01']",UAV_01,4.770538616170415,20.0,200,HIT,44.77053861617041
382100,1092,GS_01,telemetry_UAV_05,0.1,Optimized,"['GS_01', 'SAT_60935', 'UAV_05']",UAV_05,4.972194783731888,20.0,200,HIT,44.97219478373189
383100,1093,GS_01,telemetry_UAV_01,0.1,Optimized,"['GS_01', 'SAT_60935', 'UAV_01']",UAV_01,4.940642153367175,20.0,200,HIT,44.94064215336718
383100,1094,GS_01,telemetry_UAV_05,0.1,Optimized,"['GS_01', 'SAT_60935', 'UAV_05']",UAV_05,5.038619966054945,20.0,200,HIT,45.038619966054945
384100,1095,GS_01,telemetry_UAV_01,0.1,Optimized,"['GS_01', 'SAT_60935', 'UAV_01']",UAV_01,4.7753945309614725,20.0,200,HIT,44.77539453096147
384100,1096,UAV_01,target_location_update,0.3,Optimized,"['UAV_01', 'SAT_60935', 'GS_01']",GS_01,4.969076173654223,20.0,200,HIT,124.96907617365423
384100,1097,GS_01,telemetry_UAV_05,0.1,Optimized,"['GS_01', 'SAT_60935', 'UAV_05']",UAV_05,5.100531876764745,20.0,200,HIT,45.10053187676475
384100,1098,UAV_05,target_location_update,0.3,Optimized,"['UAV_05', 'SAT_60935', 'GS_01']",GS_01,5.178625174321631,20.0,200,HIT,125.17862517432164
385100,1099,GS_01,telemetry_UAV_05,0.1,Optimized,"['GS_01', 'SAT_60935', 'UAV_05']",UAV_05,4.738451419277795,20.0,200,HIT,44.738451419277794
385100,1100,GS_01,telemetry_UAV_01,0.1,Optimized,"['GS_01', 'SAT_60935', 'UAV_01']",UAV_01,4.889919258924305,20.0,200,HIT,44.88991925892431
386100,1101,GS_01,telemetry_UAV_05,0.1,Optimized,"['GS_01', 'SAT_60935', 'UAV_05']",UAV_05,5.165854805105447,20.0,200,HIT,45.16585480510545
386100,1102,GS_01,telemetry_UAV_01,0.1,Optimized,"['GS_01', 'SAT_60935', 'UAV_01']",UAV_01,5.165580352090059,20.0,200,HIT,45.16558035209006
387100,1103,UAV_01,status_update_UAV_05,0.2,Optimized,"['UAV_01', 'UAV_05']",UAV_05,0.014497857114099073,10.0,200,HIT,160.0144978571141
387100,1104,GS_01,telemetry_UAV_01,0.1,Optimized,"['GS_01', 'SAT_60935', 'UAV_01']",UAV_01,5.272782440768161,20.0,200,HIT,45.27278244076816
387100,1105,GS_01,telemetry_UAV_05,0.1,Optimized,"['GS_01', 'SAT_60935', 'UAV_05']",UAV_05,4.915416524256427,20.0,200,HIT,44.91541652425643
387100,1106,UAV_01,target_location_update,0.3,Optimized,"['UAV_01', 'SAT_60935', 'GS_01']",GS_01,5.1829525172377355,20.0,200,HIT,125.18295251723774
387100,1107,UAV_05,target_location_update,0.3,Optimized,"['UAV_05', 'SAT_60935', 'GS_01']",GS_01,5.067660223138656,20.0,200,HIT,125.06766022313866
388100,1108,GS_01,telemetry_UAV_05,0.1,Optimized,"['GS_01', 'SAT_60935', 'UAV_05']",UAV_05,4.746306487377656,20.0,200,HIT,44.74630648737766
388100,1109,GS_01,telemetry_UAV_01,0.1,Optimized,"['GS_01', 'SAT_60935', 'UAV_01']",UAV_01,4.949633007664567,20.0,200,HIT,44.949633007664566
389100,1110,GS_01,telemetry_UAV_05,0.1,Optimized,"['GS_01', 'SAT_60935', 'UAV_05']",UAV_05,4.691559685936737,20.0,200,HIT,44.69155968593674
389100,1111,GS_01,telemetry_UAV_01,0.1,Optimized,"['GS_01', 'SAT_60935', 'UAV_01']",UAV_01,5.139762427440461,20.0,200,HIT,45.13976242744046
390100,1112,GS_01,telemetry_UAV_05,0.1,Optimized,"['GS_01', 'SAT_60935', 'UAV_05']",UAV_05,5.0465537768286755,20.0,200,HIT,45.046553776828674
390100,1113,GS_01,telemetry_UAV_01,0.1,Optimized,"['GS_01', 'SAT_60935', 'UAV_01']",UAV_01,5.642547325970875,20.0,200,HIT,45.642547325970874
390100,1114,UAV_01,target_location_update,0.3,Optimized,"['UAV_01', 'SAT_60935', 'GS_01']",GS_01,5.6462130034777624,20.0,200,HIT,125.64621300347777
390100,1115,UAV_05,target_location_update,0.3,Optimized,"['UAV_05', 'SAT_60935', 'GS_01']",GS_01,5.580345011063592,20.0,200,HIT,125.5803450110636
391100,1116,GS_01,telemetry_UAV_05,0.1,Optimized,"['GS_01', 'SAT_60935', 'UAV_05']",UAV_05,5.419269743557744,20.0,200,HIT,45.41926974355774
391100,1117,GS_01,telemetry_UAV_01,0.1,Optimized,"['GS_01', 'SAT_60935', 'UAV_01']",UAV_01,5.305269603167609,20.0,200,HIT,45.30526960316761
391500,1118,UAV_01,collaboration_request_UAV_09,0.2,Optimized,['UAV_01'],UAV_01,0.0,inf,200,HIT,0.0
392100,1119,GS_01,telemetry_UAV_05,0.1,Optimized,"['GS_01', 'SAT_60935', 'UAV_05']",UAV_05,5.1769425048548,20.0,200,HIT,45.1769425048548
392100,1120,GS_01,telemetry_UAV_01,0.1,Optimized,"['GS_01', 'SAT_60935', 'UAV_01']",UAV_01,5.33587973782598,20.0,200,HIT,45.33587973782598
393100,1121,GS_01,telemetry_UAV_05,0.1,Optimized,"['GS_01', 'SAT_60935', 'UAV_05']",UAV_05,4.841773036041524,20.0,200,HIT,44.84177303604152
393100,1122,UAV_01,target_location_update,0.3,Optimized,"['UAV_01', 'SAT_60935', 'GS_01']",GS_01,4.919673435462675,20.0,200,HIT,124.91967343546267
393100,1123,GS_01,telemetry_UAV_01,0.1,Optimized,"['GS_01', 'SAT_60935', 'UAV_01']",UAV_01,5.099849934209162,20.0,200,HIT,45.09984993420916
393100,1124,UAV_05,target_location_update,0.3,Optimized,"['UAV_05', 'SAT_60935', 'GS_01']",GS_01,5.37377290840579,20.0,200,HIT,125.37377290840578
394100,1125,GS_01,telemetry_UAV_05,0.1,Optimized,"['GS_01', 'SAT_60935', 'UAV_05']",UAV_05,5.733368836134462,20.0,200,HIT,45.73336883613446
394100,1126,GS_01,telemetry_UAV_01,0.1,Optimized,"['GS_01', 'SAT_60935', 'UAV_01']",UAV_01,5.041094275976029,20.0,200,HIT,45.04109427597603
395100,1127,GS_01,telemetry_UAV_01,0.1,Optimized,"['GS_01', 'SAT_60935', 'UAV_01']",UAV_01,5.196962303447913,20.0,200,HIT,45.19696230344791
395100,1128,GS_01,telemetry_UAV_05,0.1,Optimized,"['GS_01', 'SAT_60935', 'UAV_05']",UAV_05,5.390828407767757,20.0,200,HIT,45.390828407767756
396100,1129,GS_01,telemetry_UAV_01,0.1,Optimized,"['GS_01', 'SAT_60935', 'UAV_01']",UAV_01,5.45831655507976,20.0,200,HIT,45.45831655507976
396100,1130,UAV_01,target_location_update,0.3,Optimized,"['UAV_01', 'SAT_60935', 'GS_01']",GS_01,5.479917056558109,20.0,200,HIT,125.47991705655811
396100,1131,GS_01,telemetry_UAV_05,0.1,Optimized,"['GS_01', 'SAT_60935', 'UAV_05']",UAV_05,5.436489081532843,20.0,200,HIT,45.43648908153284
396100,1132,UAV_05,target_location_update,0.3,Optimized,"['UAV_05', 'SAT_60935', 'GS_01']",GS_01,5.166987643413211,20.0,200,HIT,125.16698764341321
397100,1133,GS_01,telemetry_UAV_01,0.1,Optimized,"['GS_01', 'SAT_60935', 'UAV_01']",UAV_01,5.257355825051089,20.0,200,HIT,45.25735582505109
397100,1134,GS_01,telemetry_UAV_05,0.1,Optimized,"['GS_01', 'SAT_60935', 'UAV_05']",UAV_05,5.763443759783554,20.0,200,HIT,45.763443759783556
398100,1135,GS_01,telemetry_UAV_05,0.1,Optimized,"['GS_01', 'SAT_60935', 'UAV_05']",UAV_05,5.261603917044662,20.0,200,HIT,45.26160391704466
398100,1136,GS_01,telemetry_UAV_01,0.1,Optimized,"['GS_01', 'SAT_60935', 'UAV_01']",UAV_01,5.62104988884677,20.0,200,HIT,45.62104988884677
399100,1137,UAV_05,target_location_update,0.3,Optimized,"['UAV_05', 'SAT_60935', 'GS_01']",GS_01,5.39413729725497,20.0,200,HIT,125.39413729725497
399100,1138,GS_01,telemetry_UAV_05,0.1,Optimized,"['GS_01', 'SAT_60935', 'UAV_05']",UAV_05,4.933737792102567,20.0,200,HIT,44.93373779210257
399100,1139,GS_01,telemetry_UAV_01,0.1,Optimized,"['GS_01', 'SAT_60935', 'UAV_01']",UAV_01,5.64134041348928,20.0,200,HIT,45.64134041348928
399100,1140,UAV_01,target_location_update,0.3,Optimized,"['UAV_01', 'SAT_60935', 'GS_01']",GS_01,5.284346020319305,20.0,200,HIT,125.2843460203193
400100,1141,GS_01,telemetry_UAV_05,0.1,Optimized,"['GS_01', 'SAT_60935', 'UAV_05']",UAV_05,6.104864279557086,20.0,200,HIT,46.104864279557084
400100,1142,GS_01,telemetry_UAV_01,0.1,Optimized,"['GS_01', 'SAT_60935', 'UAV_01']",UAV_01,5.504711502130533,20.0,200,HIT,45.50471150213053
401100,1143,GS_01,telemetry_UAV_01,0.1,Optimized,"['GS_01', 'SAT_60935', 'UAV_01']",UAV_01,6.182927982677143,20.0,200,HIT,46.18292798267714
401100,1144,GS_01,telemetry_UAV_05,0.1,Optimized,"['GS_01', 'SAT_60935', 'UAV_05']",UAV_05,6.146449540301992,20.0,200,HIT,46.146449540301994
402100,1145,GS_01,telemetry_UAV_01,0.1,Optimized,"['GS_01', 'SAT_60935', 'UAV_01']",UAV_01,6.27297830668793,20.0,200,HIT,46.27297830668793
402100,1146,GS_01,telemetry_UAV_05,0.1,Optimized,"['GS_01', 'SAT_60935', 'UAV_05']",UAV_05,5.846807455682037,20.0,200,HIT,45.84680745568204
402100,1147,UAV_05,target_location_update,0.3,Optimized,"['UAV_05', 'SAT_60935', 'GS_01']",GS_01,5.733056778612518,20.0,200,HIT,125.73305677861252
402100,1148,UAV_01,target_location_update,0.3,Optimized,"['UAV_01', 'SAT_60935', 'GS_01']",GS_01,5.791909101484346,20.0,200,HIT,125.79190910148435
403100,1149,GS_01,telemetry_UAV_01,0.1,Optimized,"['GS_01', 'SAT_60935', 'UAV_01']",UAV_01,5.997029019751494,20.0,200,HIT,45.997029019751494
403100,1150,GS_01,telemetry_UAV_05,0.1,Optimized,"['GS_01', 'SAT_60935', 'UAV_05']",UAV_05,6.042243799784124,20.0,200,HIT,46.042243799784124
404100,1151,GS_01,telemetry_UAV_05,0.1,Optimized,"['GS_01', 'SAT_60935', 'UAV_05']",UAV_05,5.5188750232647426,20.0,200,HIT,45.51887502326474
404100,1152,GS_01,telemetry_UAV_01,0.1,Optimized,"['GS_01', 'SAT_60935', 'UAV_01']",UAV_01,6.035211488734264,20.0,200,HIT,46.03521148873426
405100,1153,GS_01,telemetry_UAV_05,0.1,Optimized,"['GS_01', 'SAT_60935', 'UAV_05']",UAV_05,5.621005905730174,20.0,200,HIT,45.62100590573017
405100,1154,UAV_05,target_location_update,0.3,Optimized,"['UAV_05', 'SAT_60935', 'GS_01']",GS_01,5.7932812886804825,20.0,200,HIT,125.79328128868048
405100,1155,GS_01,telemetry_UAV_01,0.1,Optimized,"['GS_01', 'SAT_60935', 'UAV_01']",UAV_01,6.050955635527359,20.0,200,HIT,46.05095563552736
405100,1156,UAV_01,target_location_update,0.3,Optimized,"['UAV_01', 'SAT_60935', 'GS_01']",GS_01,6.170730067929576,20.0,200,HIT,126.17073006792958
406100,1157,GS_01,telemetry_UAV_01,0.1,Optimized,"['GS_01', 'SAT_60935', 'UAV_01']",UAV_01,5.77842059916756,20.0,200,HIT,45.77842059916756
406100,1158,GS_01,telemetry_UAV_05,0.1,Optimized,"['GS_01', 'SAT_60935', 'UAV_05']",UAV_05,5.6576674847273045,20.0,200,HIT,45.657667484727305
406600,1159,UAV_01,status_update_UAV_05,0.2,Optimized,"['UAV_01', 'UAV_05']",UAV_05,0.014398679867782191,10.0,200,HIT,160.01439867986778
407100,1160,GS_01,telemetry_UAV_01,0.1,Optimized,"['GS_01', 'SAT_60935', 'UAV_01']",UAV_01,5.8592595331344,20.0,200,HIT,45.8592595331344
407100,1161,GS_01,telemetry_UAV_05,0.1,Optimized,"['GS_01', 'SAT_60935', 'UAV_05']",UAV_05,5.729885270254911,20.0,200,HIT,45.72988527025491
408100,1162,GS_01,telemetry_UAV_01,0.1,Optimized,"['GS_01', 'SAT_60935', 'UAV_01']",UAV_01,5.855178785893611,20.0,200,HIT,45.855178785893614
408100,1163,GS_01,telemetry_UAV_05,0.1,Optimized,"['GS_01', 'SAT_60935', 'UAV_05']",UAV_05,5.682847175593431,20.0,200,HIT,45.68284717559343
408100,1164,UAV_01,target_location_update,0.3,Optimized,"['UAV_01', 'SAT_60935', 'GS_01']",GS_01,5.826799247689724,20.0,200,HIT,125.82679924768972
408100,1165,UAV_05,target_location_update,0.3,Optimized,"['UAV_05', 'SAT_60935', 'GS_01']",GS_01,6.122022749101344,20.0,200,HIT,126.12202274910135
409100,1166,GS_01,telemetry_UAV_05,0.1,Optimized,"['GS_01', 'SAT_60935', 'UAV_05']",UAV_05,5.579527550090394,20.0,200,HIT,45.5795275500904
409100,1167,GS_01,telemetry_UAV_01,0.1,Optimized,"['GS_01', 'SAT_60935', 'UAV_01']",UAV_01,5.900813921150864,20.0,200,HIT,45.90081392115086
409600,1168,UAV_05,emergency_assistance,0.1,Optimized,"['UAV_05', 'SAT_60935', 'GS_01']",GS_01,5.415294574383658,20.0,200,HIT,45.41529457438366
410100,1169,GS_01,telemetry_UAV_01,0.1,Optimized,"['GS_01', 'SAT_60935', 'UAV_01']",UAV_01,6.323495603019325,20.0,200,HIT,46.323495603019325
410100,1170,GS_01,telemetry_UAV_05,0.1,Optimized,"['GS_01', 'SAT_60935', 'UAV_05']",UAV_05,6.350042868151777,20.0,200,HIT,46.350042868151775
411100,1171,GS_01,telemetry_UAV_05,0.1,Optimized,"['GS_01', 'SAT_60935', 'UAV_05']",UAV_05,6.606567500418272,20.0,200,HIT,46.60656750041827
411100,1172,GS_01,telemetry_UAV_01,0.1,Optimized,"['GS_01', 'SAT_60935', 'UAV_01']",UAV_01,6.047958536597379,20.0,200,HIT,46.04795853659738
411100,1173,UAV_01,target_location_update,0.3,Optimized,"['UAV_01', 'SAT_60935', 'GS_01']",GS_01,6.161652729896539,20.0,200,HIT,126.16165272989655
411100,1174,UAV_05,target_location_update,0.3,Optimized,"['UAV_05', 'SAT_60935', 'GS_01']",GS_01,5.978741960302848,20.0,200,HIT,125.97874196030284
412100,1175,GS_01,telemetry_UAV_05,0.1,Optimized,"['GS_01', 'SAT_60935', 'UAV_05']",UAV_05,6.696671696536358,20.0,200,HIT,46.696671696536356
412100,1176,GS_01,telemetry_UAV_01,0.1,Optimized,"['GS_01', 'SAT_60935', 'UAV_01']",UAV_01,6.806561844811883,20.0,200,HIT,46.80656184481188
413100,1177,GS_01,telemetry_UAV_05,0.1,Optimized,"['GS_01', 'SAT_60935', 'UAV_05']",UAV_05,6.527803658883693,20.0,200,HIT,46.52780365888369
413100,1178,GS_01,telemetry_UAV_01,0.1,Optimized,"['GS_01', 'SAT_60935', 'UAV_01']",UAV_01,6.21881598151177,20.0,200,HIT,46.21881598151177
413300,1179,UAV_05,emergency_assistance,0.1,Optimized,"['UAV_05', 'SAT_60935', 'GS_01']",GS_01,5.925758832075266,20.0,200,HIT,45.92575883207527
414100,1180,GS_01,telemetry_UAV_05,0.1,Optimized,"['GS_01', 'SAT_60935', 'UAV_05']",UAV_05,6.901270327822688,20.0,200,HIT,46.90127032782269
414100,1181,GS_01,telemetry_UAV_01,0.1,Optimized,"['GS_01', 'SAT_60935', 'UAV_01']",UAV_01,6.88455760104635,20.0,200,HIT,46.88455760104635
414100,1182,UAV_01,target_location_update,0.3,Optimized,"['UAV_01', 'SAT_60935', 'GS_01']",GS_01,6.888368203365632,20.0,200,HIT,126.88836820336563
414100,1183,UAV_05,target_location_update,0.3,Optimized,"['UAV_05', 'SAT_60935', 'GS_01']",GS_01,6.078088563977121,20.0,200,HIT,126.07808856397712
415000,1184,GS_01,telemetry_UAV_05,0.1,Optimized,"['GS_01', 'SAT_60935', 'UAV_05']",UAV_05,6.9783646137528486,20.0,200,HIT,46.978364613752845
415100,1185,GS_01,telemetry_UAV_01,0.1,Optimized,"['GS_01', 'SAT_60935', 'UAV_01']",UAV_01,6.134285278975565,20.0,200,HIT,46.13428527897557
416100,1186,GS_01,telemetry_UAV_05,0.1,Optimized,"['GS_01', 'SAT_60935', 'UAV_05']",UAV_05,6.2645495668923905,20.0,200,HIT,46.26454956689239
416100,1187,GS_01,telemetry_UAV_01,0.1,Optimized,"['GS_01', 'SAT_60935', 'UAV_01']",UAV_01,6.114919151497318,20.0,200,HIT,46.11491915149732
417100,1188,GS_01,telemetry_UAV_01,0.1,Optimized,"['GS_01', 'SAT_60935', 'UAV_01']",UAV_01,6.393560462378215,20.0,200,HIT,46.39356046237822
417100,1189,GS_01,telemetry_UAV_05,0.1,Optimized,"['GS_01', 'SAT_60935', 'UAV_05']",UAV_05,6.78113040763482,20.0,200,HIT,46.78113040763482
417100,1190,UAV_05,target_location_update,0.3,Optimized,"['UAV_05', 'SAT_60935', 'GS_01']",GS_01,6.226797199257803,20.0,200,HIT,126.2267971992578
417100,1191,UAV_01,target_location_update,0.3,Optimized,"['UAV_01', 'SAT_60935', 'GS_01']",GS_01,6.558112996885029,20.0,200,HIT,126.55811299688503
418100,1192,GS_01,telemetry_UAV_01,0.1,Optimized,"['GS_01', 'SAT_60935', 'UAV_01']",UAV_01,6.775229238719326,20.0,200,HIT,46.77522923871933
418100,1193,GS_01,telemetry_UAV_05,0.1,Optimized,"['GS_01', 'SAT_60935', 'UAV_05']",UAV_05,6.328576147100124,20.0,200,HIT,46.32857614710012
418600,1194,UAV_01,status_update_UAV_05,0.2,Optimized,"['UAV_01', 'UAV_05']",UAV_05,0.012109695525683544,10.0,200,HIT,160.01210969552568
419100,1195,GS_01,telemetry_UAV_05,0.1,Optimized,"['GS_01', 'SAT_60935', 'UAV_05']",UAV_05,6.300608695450515,20.0,200,HIT,46.300608695450514
419100,1196,GS_01,telemetry_UAV_01,0.1,Optimized,"['GS_01', 'SAT_60935', 'UAV_01']",UAV_01,6.1194282727465055,20.0,200,HIT,46.119428272746504
420100,1197,UAV_05,target_location_update,0.3,Optimized,"['UAV_05', 'SAT_63194', 'GS_01']",GS_01,5.720756867387506,20.0,200,HIT,125.72075686738751
420100,1198,UAV_01,target_location_update,0.3,Optimized,"['UAV_01', 'SAT_63194', 'GS_01']",GS_01,5.528093251055516,20.0,200,HIT,125.52809325105551
420100,1199,GS_01,telemetry_UAV_05,0.1,Optimized,"['GS_01', 'SAT_63194', 'UAV_05']",UAV_05,5.790184684314106,20.0,200,HIT,45.790184684314106
420100,1200,GS_01,telemetry_UAV_01,0.1,Optimized,"['GS_01', 'SAT_63194', 'UAV_01']",UAV_01,5.972274340202739,20.0,200,HIT,45.97227434020274
421100,1201,GS_01,telemetry_UAV_01,0.1,Optimized,"['GS_01', 'SAT_63194', 'UAV_01']",UAV_01,5.853243795034115,20.0,200,HIT,45.85324379503412
421100,1202,GS_01,telemetry_UAV_05,0.1,Optimized,"['GS_01', 'SAT_63194', 'UAV_05']",UAV_05,5.685354787138495,20.0,200,HIT,45.68535478713849
422100,1203,GS_01,telemetry_UAV_05,0.1,Optimized,"['GS_01', 'SAT_63194', 'UAV_05']",UAV_05,5.459213859486704,20.0,200,HIT,45.4592138594867
422100,1204,GS_01,telemetry_UAV_01,0.1,Optimized,"['GS_01', 'SAT_63194', 'UAV_01']",UAV_01,5.604418482182506,20.0,200,HIT,45.60441848218251
423100,1205,GS_01,telemetry_UAV_01,0.1,Optimized,"['GS_01', 'SAT_63194', 'UAV_01']",UAV_01,5.787006163570769,20.0,200,HIT,45.787006163570766
423100,1206,GS_01,telemetry_UAV_05,0.1,Optimized,"['GS_01', 'SAT_63194', 'UAV_05']",UAV_05,5.617632474772019,20.0,200,HIT,45.61763247477202
423100,1207,UAV_05,target_location_update,0.3,Optimized,"['UAV_05', 'SAT_63194', 'GS_01']",GS_01,5.333710263946703,20.0,200,HIT,125.3337102639467
423100,1208,UAV_01,target_location_update,0.3,Optimized,"['UAV_01', 'SAT_63194', 'GS_01']",GS_01,5.582639660320487,20.0,200,HIT,125.58263966032048
424100,1209,GS_01,telemetry_UAV_05,0.1,Optimized,"['GS_01', 'SAT_63194', 'UAV_05']",UAV_05,5.857577309983721,20.0,200,HIT,45.857577309983725
424100,1210,GS_01,telemetry_UAV_01,0.1,Optimized,"['GS_01', 'SAT_63194', 'UAV_01']",UAV_01,5.601503795010437,20.0,200,HIT,45.60150379501044
425100,1211,GS_01,telemetry_UAV_05,0.1,Optimized,"['GS_01', 'SAT_63194', 'UAV_05']",UAV_05,5.901967267231072,20.0,200,HIT,45.90196726723107
425100,1212,GS_01,telemetry_UAV_01,0.1,Optimized,"['GS_01', 'SAT_63194', 'UAV_01']",UAV_01,5.8578500325317755,20.0,200,HIT,45.85785003253177
426100,1213,UAV_05,target_location_update,0.3,Optimized,"['UAV_05', 'SAT_63194', 'GS_01']",GS_01,5.728365879634207,20.0,200,HIT,125.72836587963421
426100,1214,UAV_01,target_location_update,0.3,Optimized,"['UAV_01', 'SAT_63194', 'GS_01']",GS_01,5.502817829578798,20.0,200,HIT,125.5028178295788
426100,1215,GS_01,telemetry_UAV_05,0.1,Optimized,"['GS_01', 'SAT_63194', 'UAV_05']",UAV_05,5.349117488391203,20.0,200,HIT,45.3491174883912
426100,1216,GS_01,telemetry_UAV_01,0.1,Optimized,"['GS_01', 'SAT_63194', 'UAV_01']",UAV_01,5.7047143949004795,20.0,200,HIT,45.70471439490048
427100,1217,GS_01,telemetry_UAV_01,0.1,Optimized,"['GS_01', 'SAT_63194', 'UAV_01']",UAV_01,5.431321909890592,20.0,200,HIT,45.43132190989059
427100,1218,GS_01,telemetry_UAV_05,0.1,Optimized,"['GS_01', 'SAT_63194', 'UAV_05']",UAV_05,5.851810141596077,20.0,200,HIT,45.851810141596076
428100,1219,GS_01,telemetry_UAV_01,0.1,Optimized,"['GS_01', 'SAT_63194', 'UAV_01']",UAV_01,5.758801841686932,20.0,200,HIT,45.75880184168693
428100,1220,GS_01,telemetry_UAV_05,0.1,Optimized,"['GS_01', 'SAT_63194', 'UAV_05']",UAV_05,6.086963073026286,20.0,200,HIT,46.08696307302628
429100,1221,UAV_05,target_location_update,0.3,Optimized,"['UAV_05', 'SAT_63194', 'GS_01']",GS_01,5.5334182679234925,20.0,200,HIT,125.5334182679235
429100,1222,GS_01,telemetry_UAV_01,0.1,Optimized,"['GS_01', 'SAT_63194', 'UAV_01']",UAV_01,5.6551382318361405,20.0,200,HIT,45.65513823183614
429100,1223,GS_01,telemetry_UAV_05,0.1,Optimized,"['GS_01', 'SAT_63194', 'UAV_05']",UAV_05,5.3904706145866665,20.0,200,HIT,45.39047061458667
429100,1224,UAV_01,target_location_update,0.3,Optimized,"['UAV_01', 'SAT_63194', 'GS_01']",GS_01,5.801453262655405,20.0,200,HIT,125.8014532626554
430100,1225,GS_01,telemetry_UAV_01,0.1,Optimized,"['GS_01', 'SAT_63194', 'UAV_01']",UAV_01,5.517152109908647,20.0,200,HIT,45.51715210990865
430100,1226,GS_01,telemetry_UAV_05,0.1,Optimized,"['GS_01', 'SAT_63194', 'UAV_05']",UAV_05,5.725342125682882,20.0,200,HIT,45.725342125682886
431100,1227,GS_01,telemetry_UAV_01,0.1,Optimized,"['GS_01', 'SAT_63194', 'UAV_01']",UAV_01,5.515063363558008,20.0,200,HIT,45.515063363558006
431100,1228,GS_01,telemetry_UAV_05,0.1,Optimized,"['GS_01', 'SAT_63194', 'UAV_05']",UAV_05,5.9530878406101975,20.0,200,HIT,45.953087840610195
432100,1229,GS_01,telemetry_UAV_05,0.1,Optimized,"['GS_01', 'SAT_63194', 'UAV_05']",UAV_05,5.818274817113522,20.0,200,HIT,45.81827481711352
432100,1230,GS_01,telemetry_UAV_01,0.1,Optimized,"['GS_01', 'SAT_63194', 'UAV_01']",UAV_01,6.0382361675302505,20.0,200,HIT,46.03823616753025
432100,1231,UAV_01,target_location_update,0.3,Optimized,"['UAV_01', 'SAT_63194', 'GS_01']",GS_01,5.846193801683467,20.0,200,HIT,125.84619380168347
432100,1232,UAV_05,target_location_update,0.3,Optimized,"['UAV_05', 'SAT_63194', 'GS_01']",GS_01,5.463863462397873,20.0,200,HIT,125.46386346239787
433100,1233,GS_01,telemetry_UAV_01,0.1,Optimized,"['GS_01', 'SAT_63194', 'UAV_01']",UAV_01,6.163274408740447,20.0,200,HIT,46.16327440874045
433100,1234,GS_01,telemetry_UAV_05,0.1,Optimized,"['GS_01', 'SAT_63194', 'UAV_05']",UAV_05,6.0813158413299515,20.0,200,HIT,46.08131584132995
434100,1235,GS_01,telemetry_UAV_05,0.1,Optimized,"['GS_01', 'SAT_63194', 'UAV_05']",UAV_05,5.2810113957848195,20.0,200,HIT,45.281011395784816
434100,1236,GS_01,telemetry_UAV_01,0.1,Optimized,"['GS_01', 'SAT_63194', 'UAV_01']",UAV_01,5.723313252892237,20.0,200,HIT,45.72331325289224
435100,1237,UAV_01,target_location_update,0.3,Optimized,"['UAV_01', 'SAT_63194', 'GS_01']",GS_01,5.850317750238185,20.0,200,HIT,125.85031775023819
435100,1238,UAV_01,status_update_UAV_05,0.2,Optimized,"['UAV_01', 'UAV_05']",UAV_05,0.015853627859965316,10.0,200,HIT,160.01585362785997
435100,1239,GS_01,telemetry_UAV_05,0.1,Optimized,"['GS_01', 'SAT_63194', 'UAV_05']",UAV_05,5.525195799219125,20.0,200,HIT,45.52519579921913
435100,1240,GS_01,telemetry_UAV_01,0.1,Optimized,"['GS_01', 'SAT_63194', 'UAV_01']",UAV_01,5.333831270436521,20.0,200,HIT,45.33383127043652
435100,1241,UAV_05,target_location_update,0.3,Optimized,"['UAV_05', 'SAT_63194', 'GS_01']",GS_01,5.225204916839081,20.0,200,HIT,125.22520491683908
436100,1242,GS_01,telemetry_UAV_01,0.1,Optimized,"['GS_01', 'SAT_63194', 'UAV_01']",UAV_01,5.7677879131460585,20.0,200,HIT,45.76778791314606
436100,1243,GS_01,telemetry_UAV_05,0.1,Optimized,"['GS_01', 'SAT_63194', 'UAV_05']",UAV_05,6.134586414040621,20.0,200,HIT,46.13458641404062
437100,1244,GS_01,telemetry_UAV_05,0.1,Optimized,"['GS_01', 'SAT_63194', 'UAV_05']",UAV_05,5.833349843856073,20.0,200,HIT,45.83334984385607
437100,1245,GS_01,telemetry_UAV_01,0.1,Optimized,"['GS_01', 'SAT_63194', 'UAV_01']",UAV_01,5.794761926893642,20.0,200,HIT,45.79476192689364
438100,1246,UAV_05,target_location_update,0.3,Optimized,"['UAV_05', 'SAT_63194', 'GS_01']",GS_01,5.95263668998161,20.0,200,HIT,125.9526366899816
438100,1247,GS_01,telemetry_UAV_05,0.1,Optimized,"['GS_01', 'SAT_63194', 'UAV_05']",UAV_05,5.906502915380594,20.0,200,HIT,45.90650291538059
438100,1248,GS_01,telemetry_UAV_01,0.1,Optimized,"['GS_01', 'SAT_63194', 'UAV_01']",UAV_01,5.627251290842482,20.0,200,HIT,45.62725129084248
438100,1249,UAV_01,target_location_update,0.3,Optimized,"['UAV_01', 'SAT_63194', 'GS_01']",GS_01,5.570139479871218,20.0,200,HIT,125.57013947987122
439000,1250,GS_01,telemetry_UAV_01,0.1,Optimized,"['GS_01', 'SAT_63194', 'UAV_01']",UAV_01,5.404658060762858,20.0,200,HIT,45.404658060762856
439100,1251,GS_01,telemetry_UAV_05,0.1,Optimized,"['GS_01', 'SAT_63194', 'UAV_05']",UAV_05,6.011331666642423,20.0,200,HIT,46.01133166664242
439600,1252,UAV_01,status_update_UAV_05,0.2,Optimized,"['UAV_01', 'UAV_05']",UAV_05,0.017202638945003436,10.0,200,HIT,160.017202638945
440100,1253,GS_01,telemetry_UAV_01,0.1,Optimized,"['GS_01', 'SAT_63194', 'UAV_01']",UAV_01,5.680964897475392,20.0,200,HIT,45.68096489747539
440100,1254,GS_01,telemetry_UAV_05,0.1,Optimized,"['GS_01', 'SAT_63194', 'UAV_05']",UAV_05,6.079364916818489,20.0,200,HIT,46.07936491681849
441100,1255,UAV_01,target_location_update,0.3,Optimized,"['UAV_01', 'SAT_63194', 'GS_01']",GS_01,5.9769765718567704,20.0,200,HIT,125.97697657185677
441100,1256,GS_01,telemetry_UAV_05,0.1,Optimized,"['GS_01', 'SAT_63194', 'UAV_05']",UAV_05,5.975234179961859,20.0,200,HIT,45.97523417996186
441100,1257,GS_01,telemetry_UAV_01,0.1,Optimized,"['GS_01', 'SAT_63194', 'UAV_01']",UAV_01,5.620603088642438,20.0,200,HIT,45.62060308864244
441100,1258,UAV_05,target_location_update,0.3,Optimized,"['UAV_05', 'SAT_63194', 'GS_01']",GS_01,5.740353080359969,20.0,200,HIT,125.74035308035997
442100,1259,GS_01,telemetry_UAV_05,0.1,Optimized,"['GS_01', 'SAT_63194', 'UAV_05']",UAV_05,5.702313286515508,20.0,200,HIT,45.702313286515505
442100,1260,GS_01,telemetry_UAV_01,0.1,Optimized,"['GS_01', 'SAT_63194', 'UAV_01']",UAV_01,6.05483265925324,20.0,200,HIT,46.054832659253236
443100,1261,GS_01,telemetry_UAV_05,0.1,Optimized,"['GS_01', 'SAT_63194', 'UAV_05']",UAV_05,5.788523471232882,20.0,200,HIT,45.78852347123288
443100,1262,GS_01,telemetry_UAV_01,0.1,Optimized,"['GS_01', 'SAT_63194', 'UAV_01']",UAV_01,5.816837288218846,20.0,200,HIT,45.81683728821885
444100,1263,GS_01,telemetry_UAV_01,0.1,Optimized,"['GS_01', 'SAT_63194', 'UAV_01']",UAV_01,6.0929681507391305,20.0,200,HIT,46.09296815073913
444100,1264,UAV_01,status_update_UAV_05,0.2,Optimized,"['UAV_01', 'UAV_05']",UAV_05,0.017553860659468463,10.0,200,HIT,160.01755386065946
444100,1265,GS_01,telemetry_UAV_05,0.1,Optimized,"['GS_01', 'SAT_63194', 'UAV_05']",UAV_05,5.649202408749509,20.0,200,HIT,45.64920240874951
444100,1266,UAV_01,target_location_update,0.3,Optimized,"['UAV_01', 'SAT_63194', 'GS_01']",GS_01,5.940096559332387,20.0,200,HIT,125.94009655933239
444100,1267,UAV_05,target_location_update,0.3,Optimized,"['UAV_05', 'SAT_63194', 'GS_01']",GS_01,6.299414432741309,20.0,200,HIT,126.29941443274132
445100,1268,GS_01,telemetry_UAV_05,0.1,Optimized,"['GS_01', 'SAT_63194', 'UAV_05']",UAV_05,6.1136628359447105,20.0,200,HIT,46.11366283594471
445100,1269,GS_01,telemetry_UAV_01,0.1,Optimized,"['GS_01', 'SAT_63194', 'UAV_01']",UAV_01,5.8972277673871485,20.0,200,HIT,45.89722776738715
446100,1270,GS_01,telemetry_UAV_01,0.1,Optimized,"['GS_01', 'SAT_63194', 'UAV_01']",UAV_01,5.910595763973106,20.0,200,HIT,45.910595763973106
446100,1271,GS_01,telemetry_UAV_05,0.1,Optimized,"['GS_01', 'SAT_63194', 'UAV_05']",UAV_05,5.9213080677927294,20.0,200,HIT,45.92130806779273
447100,1272,UAV_01,status_update_UAV_05,0.2,Optimized,"['UAV_01', 'UAV_05']",UAV_05,0.01603146048392358,10.0,200,HIT,160.01603146048393
447100,1273,GS_01,telemetry_UAV_01,0.1,Optimized,"['GS_01', 'SAT_63194', 'UAV_01']",UAV_01,5.881901868502368,20.0,200,HIT,45.88190186850237
447100,1274,GS_01,telemetry_UAV_05,0.1,Optimized,"['GS_01', 'SAT_63194', 'UAV_05']",UAV_05,5.705479264392481,20.0,200,HIT,45.70547926439248
447100,1275,UAV_01,target_location_update,0.3,Optimized,"['UAV_01', 'SAT_63194', 'GS_01']",GS_01,5.463320962173324,20.0,200,HIT,125.46332096217333
447100,1276,UAV_05,target_location_update,0.3,Optimized,"['UAV_05', 'SAT_63194', 'GS_01']",GS_01,5.753934264750159,20.0,200,HIT,125.75393426475016
448100,1277,GS_01,telemetry_UAV_05,0.1,Optimized,"['GS_01', 'SAT_63194', 'UAV_05']",UAV_05,6.049836850555707,20.0,200,HIT,46.04983685055571
448100,1278,GS_01,telemetry_UAV_01,0.1,Optimized,"['GS_01', 'SAT_63194', 'UAV_01']",UAV_01,5.897976616084806,20.0,200,HIT,45.897976616084804
448600,1279,UAV_01,status_update_UAV_05,0.2,Optimized,"['UAV_01', 'UAV_05']",UAV_05,0.01626751124700089,10.0,200,HIT,160.016267511247
449100,1280,GS_01,telemetry_UAV_01,0.1,Optimized,"['GS_01', 'SAT_63194', 'UAV_01']",UAV_01,5.893892643952158,20.0,200,HIT,45.89389264395216
449100,1281,GS_01,telemetry_UAV_05,0.1,Optimized,"['GS_01', 'SAT_63194', 'UAV_05']",UAV_05,6.149432759093886,20.0,200,HIT,46.149432759093884
450100,1282,GS_01,telemetry_UAV_05,0.1,Optimized,"['GS_01', 'SAT_63194', 'UAV_05']",UAV_05,6.1186246721771065,20.0,200,HIT,46.118624672177106
450100,1283,GS_01,telemetry_UAV_01,0.1,Optimized,"['GS_01', 'SAT_63194', 'UAV_01']",UAV_01,6.24906221509491,20.0,200,HIT,46.24906221509491
450100,1284,UAV_01,target_location_update,0.3,Optimized,"['UAV_01', 'SAT_63194', 'GS_01']",GS_01,6.3266267823739355,20.0,200,HIT,126.32662678237394
450100,1285,UAV_05,target_location_update,0.3,Optimized,"['UAV_05', 'SAT_63194', 'GS_01']",GS_01,6.491106390097285,20.0,200,HIT,126.49110639009729
451100,1286,GS_01,telemetry_UAV_05,0.1,Optimized,"['GS_01', 'SAT_63194', 'UAV_05']",UAV_05,5.72228813894344,20.0,200,HIT,45.72228813894344
451100,1287,GS_01,telemetry_UAV_01,0.1,Optimized,"['GS_01', 'SAT_63194', 'UAV_01']",UAV_01,6.072834003556688,20.0,200,HIT,46.072834003556686
452100,1288,GS_01,telemetry_UAV_01,0.1,Optimized,"['GS_01', 'SAT_63194', 'UAV_01']",UAV_01,6.270718862765731,20.0,200,HIT,46.27071886276573
452100,1289,GS_01,telemetry_UAV_05,0.1,Optimized,"['GS_01', 'SAT_63194', 'UAV_05']",UAV_05,6.288222122176644,20.0,200,HIT,46.28822212217664
453100,1290,GS_01,telemetry_UAV_05,0.1,Optimized,"['GS_01', 'SAT_63194', 'UAV_05']",UAV_05,5.9937302551341185,20.0,200,HIT,45.99373025513412
453100,1291,UAV_05,target_location_update,0.3,Optimized,"['UAV_05', 'SAT_63194', 'GS_01']",GS_01,6.192404551838692,20.0,200,HIT,126.19240455183869
453100,1292,GS_01,telemetry_UAV_01,0.1,Optimized,"['GS_01', 'SAT_63194', 'UAV_01']",UAV_01,6.000195201457802,20.0,200,HIT,46.0001952014578
453100,1293,UAV_01,target_location_update,0.3,Optimized,"['UAV_01', 'SAT_63194', 'GS_01']",GS_01,6.138581045735183,20.0,200,HIT,126.13858104573518
454100,1294,GS_01,telemetry_UAV_05,0.1,Optimized,"['GS_01', 'SAT_63194', 'UAV_05']",UAV_05,6.392020244616637,20.0,200,HIT,46.39202024461664
454100,1295,GS_01,telemetry_UAV_01,0.1,Optimized,"['GS_01', 'SAT_63194', 'UAV_01']",UAV_01,5.974155673296578,20.0,200,HIT,45.97415567329658
455100,1296,GS_01,telemetry_UAV_01,0.1,Optimized,"['GS_01', 'SAT_63194', 'UAV_01']",UAV_01,6.1434687845129226,20.0,200,HIT,46.14346878451292
455100,1297,GS_01,telemetry_UAV_05,0.1,Optimized,"['GS_01', 'SAT_63194', 'UAV_05']",UAV_05,6.550590365978591,20.0,200,HIT,46.55059036597859
456100,1298,GS_01,telemetry_UAV_01,0.1,Optimized,"['GS_01', 'SAT_63194', 'UAV_01']",UAV_01,6.263262030658225,20.0,200,HIT,46.263262030658225
456100,1299,UAV_01,target_location_update,0.3,Optimized,"['UAV_01', 'SAT_63194', 'GS_01']",GS_01,6.0997633137374265,20.0,200,HIT,126.09976331373743
456100,1300,GS_01,telemetry_UAV_05,0.1,Optimized,"['GS_01', 'SAT_63194', 'UAV_05']",UAV_05,6.244890865377832,20.0,200,HIT,46.24489086537783
456100,1301,UAV_05,target_location_update,0.3,Optimized,"['UAV_05', 'SAT_63194', 'GS_01']",GS_01,5.723011088381828,20.0,200,HIT,125.72301108838182
457100,1302,GS_01,telemetry_UAV_01,0.1,Optimized,"['GS_01', 'SAT_63194', 'UAV_01']",UAV_01,6.273444157649965,20.0,200,HIT,46.27344415764996
457100,1303,GS_01,telemetry_UAV_05,0.1,Optimized,"['GS_01', 'SAT_63194', 'UAV_05']",UAV_05,5.9887621511860685,20.0,200,HIT,45.988762151186066
458100,1304,GS_01,telemetry_UAV_01,0.1,Optimized,"['GS_01', 'SAT_63194', 'UAV_01']",UAV_01,6.390632206994909,20.0,200,HIT,46.39063220699491
458100,1305,GS_01,telemetry_UAV_05,0.1,Optimized,"['GS_01', 'SAT_63194', 'UAV_05']",UAV_05,6.180854525701219,20.0,200,HIT,46.18085452570122
459100,1306,GS_01,telemetry_UAV_05,0.1,Optimized,"['GS_01', 'SAT_63194', 'UAV_05']",UAV_05,6.131418215592271,20.0,200,HIT,46.13141821559227
459100,1307,GS_01,telemetry_UAV_01,0.1,Optimized,"['GS_01', 'SAT_63194', 'UAV_01']",UAV_01,6.2170741637251705,20.0,200,HIT,46.21707416372517
459100,1308,UAV_05,target_location_update,0.3,Optimized,"['UAV_05', 'SAT_63194', 'GS_01']",GS_01,5.731129366689887,20.0,200,HIT,125.73112936668988
459100,1309,UAV_01,target_location_update,0.3,Optimized,"['UAV_01', 'SAT_63194', 'GS_01']",GS_01,5.840140833363647,20.0,200,HIT,125.84014083336365
460100,1310,GS_01,telemetry_UAV_01,0.1,Optimized,"['GS_01', 'SAT_63194', 'UAV_01']",UAV_01,6.255381989877009,20.0,200,HIT,46.25538198987701
460100,1311,GS_01,telemetry_UAV_05,0.1,Optimized,"['GS_01', 'SAT_63194', 'UAV_05']",UAV_05,6.743547249922388,20.0,200,HIT,46.743547249922386
460500,1312,UAV_01,status_update_UAV_05,0.2,Optimized,"['UAV_01', 'UAV_05']",UAV_05,0.016372259710051042,10.0,200,HIT,160.01637225971004
461100,1313,GS_01,telemetry_UAV_01,0.1,Optimized,"['GS_01', 'SAT_63194', 'UAV_01']",UAV_01,6.638995235740642,20.0,200,HIT,46.638995235740644
461100,1314,GS_01,telemetry_UAV_05,0.1,Optimized,"['GS_01', 'SAT_63194', 'UAV_05']",UAV_05,6.831660540605501,20.0,200,HIT,46.8316605406055
462100,1315,GS_01,telemetry_UAV_05,0.1,Optimized,"['GS_01', 'SAT_63194', 'UAV_05']",UAV_05,6.332005068213721,20.0,200,HIT,46.33200506821372
462100,1316,UAV_05,target_location_update,0.3,Optimized,"['UAV_05', 'SAT_63194', 'GS_01']",GS_01,6.394495806978635,20.0,200,HIT,126.39449580697864
462100,1317,GS_01,telemetry_UAV_01,0.1,Optimized,"['GS_01', 'SAT_63194', 'UAV_01']",UAV_01,6.799473826265578,20.0,200,HIT,46.799473826265576
462100,1318,UAV_01,target_location_update,0.3,Optimized,"['UAV_01', 'SAT_63194', 'GS_01']",GS_01,6.325501312613941,20.0,200,HIT,126.32550131261394
463100,1319,GS_01,telemetry_UAV_01,0.1,Optimized,"['GS_01', 'SAT_63194', 'UAV_01']",UAV_01,7.068378525512765,20.0,200,HIT,47.06837852551276
463100,1320,GS_01,telemetry_UAV_05,0.1,Optimized,"['GS_01', 'SAT_63194', 'UAV_05']",UAV_05,6.588270344752354,20.0,200,HIT,46.58827034475235
464100,1321,GS_01,telemetry_UAV_01,0.1,Optimized,"['GS_01', 'SAT_63194', 'UAV_01']",UAV_01,6.682046447964881,20.0,200,HIT,46.68204644796488
464100,1322,GS_01,telemetry_UAV_05,0.1,Optimized,"['GS_01', 'SAT_63194', 'UAV_05']",UAV_05,7.139417051939914,20.0,200,HIT,47.139417051939915
465100,1323,GS_01,telemetry_UAV_05,0.1,Optimized,"['GS_01', 'SAT_63194', 'UAV_05']",UAV_05,6.740194797489254,20.0,200,HIT,46.74019479748925
465100,1324,GS_01,telemetry_UAV_01,0.1,Optimized,"['GS_01', 'SAT_63194', 'UAV_01']",UAV_01,6.555904987281753,20.0,200,HIT,46.55590498728175
465100,1325,UAV_05,target_location_update,0.3,Optimized,"['UAV_05', 'SAT_63194', 'GS_01']",GS_01,6.531999069163076,20.0,200,HIT,126.53199906916308
465100,1326,UAV_01,target_location_update,0.3,Optimized,"['UAV_01', 'SAT_63194', 'GS_01']",GS_01,6.664261304488015,20.0,200,HIT,126.66426130448801
466100,1327,GS_01,telemetry_UAV_05,0.1,Optimized,"['GS_01', 'SAT_63194', 'UAV_05']",UAV_05,6.752253347508422,20.0,200,HIT,46.75225334750842
466100,1328,GS_01,telemetry_UAV_01,0.1,Optimized,"['GS_01', 'SAT_63194', 'UAV_01']",UAV_01,6.557751648369139,20.0,200,HIT,46.55775164836914
467100,1329,GS_01,telemetry_UAV_05,0.1,Optimized,"['GS_01', 'SAT_63194', 'UAV_05']",UAV_05,6.372047543055842,20.0,200,HIT,46.37204754305584
467100,1330,GS_01,telemetry_UAV_01,0.1,Optimized,"['GS_01', 'SAT_63194', 'UAV_01']",UAV_01,6.620876178425509,20.0,200,HIT,46.62087617842551
468100,1331,GS_01,telemetry_UAV_05,0.1,Optimized,"['GS_01', 'SAT_63194', 'UAV_05']",UAV_05,6.637533129947102,20.0,200,HIT,46.6375331299471
468100,1332,UAV_01,target_location_update,0.3,Optimized,"['UAV_01', 'SAT_63194', 'GS_01']",GS_01,6.202831242789535,20.0,200,HIT,126.20283124278953
468100,1333,GS_01,telemetry_UAV_01,0.1,Optimized,"['GS_01', 'SAT_63194', 'UAV_01']",UAV_01,7.110883456326546,20.0,200,HIT,47.11088345632655
468100,1334,UAV_05,target_location_update,0.3,Optimized,"['UAV_05', 'SAT_63194', 'GS_01']",GS_01,6.038914454946163,20.0,200,HIT,126.03891445494617
469100,1335,GS_01,telemetry_UAV_01,0.1,Optimized,"['GS_01', 'SAT_63194', 'UAV_01']",UAV_01,6.7365874472149745,20.0,200,HIT,46.73658744721497
469100,1336,GS_01,telemetry_UAV_05,0.1,Optimized,"['GS_01', 'SAT_63194', 'UAV_05']",UAV_05,6.656253215124893,20.0,200,HIT,46.65625321512489
470100,1337,GS_01,telemetry_UAV_05,0.1,Optimized,"['GS_01', 'SAT_63194', 'UAV_05']",UAV_05,7.191012616859311,20.0,200,HIT,47.19101261685931
470100,1338,GS_01,telemetry_UAV_01,0.1,Optimized,"['GS_01', 'SAT_63194', 'UAV_01']",UAV_01,6.826290701632613,20.0,200,HIT,46.826290701632615
471100,1339,GS_01,telemetry_UAV_05,0.1,Optimized,"['GS_01', 'SAT_63194', 'UAV_05']",UAV_05,7.549526888947367,20.0,200,HIT,47.54952688894737
471100,1340,UAV_05,target_location_update,0.3,Optimized,"['UAV_05', 'SAT_63194', 'GS_01']",GS_01,7.258458556379983,20.0,200,HIT,127.25845855637998
471100,1341,GS_01,telemetry_UAV_01,0.1,Optimized,"['GS_01', 'SAT_63194', 'UAV_01']",UAV_01,7.388661145984444,20.0,200,HIT,47.38866114598444
471100,1342,UAV_01,target_location_update,0.3,Optimized,"['UAV_01', 'SAT_63194', 'GS_01']",GS_01,7.655329461844535,20.0,200,HIT,127.65532946184453
472100,1343,GS_01,telemetry_UAV_01,0.1,Optimized,"['GS_01', 'SAT_63194', 'UAV_01']",UAV_01,7.693402766055668,20.0,200,HIT,47.69340276605567
472100,1344,GS_01,telemetry_UAV_05,0.1,Optimized,"['GS_01', 'SAT_63194', 'UAV_05']",UAV_05,7.534034106381776,20.0,200,HIT,47.534034106381775
473100,1345,GS_01,telemetry_UAV_05,0.1,Optimized,"['GS_01', 'SAT_63194', 'UAV_05']",UAV_05,7.164851928287303,20.0,200,HIT,47.164851928287305
473100,1346,GS_01,telemetry_UAV_01,0.1,Optimized,"['GS_01', 'SAT_63194', 'UAV_01']",UAV_01,6.989168418605857,20.0,200,HIT,46.98916841860586
474100,1347,GS_01,telemetry_UAV_05,0.1,Optimized,"['GS_01', 'SAT_63194', 'UAV_05']",UAV_05,7.340063318560749,20.0,200,HIT,47.34006331856075
474100,1348,GS_01,telemetry_UAV_01,0.1,Optimized,"['GS_01', 'SAT_63194', 'UAV_01']",UAV_01,7.02164665407871,20.0,200,HIT,47.02164665407871
474100,1349,UAV_05,target_location_update,0.3,Optimized,"['UAV_05', 'SAT_63194', 'GS_01']",GS_01,7.118707359741412,20.0,200,HIT,127.1187073597414
474100,1350,UAV_01,target_location_update,0.3,Optimized,"['UAV_01', 'SAT_63194', 'GS_01']",GS_01,6.527748007047869,20.0,200,HIT,126.52774800704788
475100,1351,GS_01,telemetry_UAV_01,0.1,Optimized,"['GS_01', 'SAT_63194', 'UAV_01']",UAV_01,6.864103916611638,20.0,200,HIT,46.86410391661164
475100,1352,GS_01,telemetry_UAV_05,0.1,Optimized,"['GS_01', 'SAT_63194', 'UAV_05']",UAV_05,7.298693021770687,20.0,200,HIT,47.29869302177069
476100,1353,GS_01,telemetry_UAV_05,0.1,Optimized,"['GS_01', 'SAT_63194', 'UAV_05']",UAV_05,7.155453380080717,20.0,200,HIT,47.155453380080715
476100,1354,GS_01,telemetry_UAV_01,0.1,Optimized,"['GS_01', 'SAT_63194', 'UAV_01']",UAV_01,7.68585740312715,20.0,200,HIT,47.68585740312715
477100,1355,GS_01,telemetry_UAV_01,0.1,Optimized,"['GS_01', 'SAT_63194', 'UAV_01']",UAV_01,7.283884444606181,20.0,200,HIT,47.28388444460618
477100,1356,UAV_05,target_location_update,0.3,Optimized,"['UAV_05', 'SAT_63194', 'GS_01']",GS_01,6.844646170839564,20.0,200,HIT,126.84464617083957
477100,1357,GS_01,telemetry_UAV_05,0.1,Optimized,"['GS_01', 'SAT_63194', 'UAV_05']",UAV_05,7.490448254963331,20.0,200,HIT,47.49044825496333
477100,1358,UAV_01,target_location_update,0.3,Optimized,"['UAV_01', 'SAT_63194', 'GS_01']",GS_01,7.078161527371384,20.0,200,HIT,127.07816152737138
478100,1359,GS_01,telemetry_UAV_05,0.1,Optimized,"['GS_01', 'SAT_63194', 'UAV_05']",UAV_05,7.34057093365983,20.0,200,HIT,47.34057093365983
478100,1360,GS_01,telemetry_UAV_01,0.1,Optimized,"['GS_01', 'SAT_63194', 'UAV_01']",UAV_01,6.750102894126941,20.0,200,HIT,46.75010289412694
479100,1361,GS_01,telemetry_UAV_05,0.1,Optimized,"['GS_01', 'SAT_63194', 'UAV_05']",UAV_05,7.6628663588557,20.0,200,HIT,47.6628663588557
479100,1362,GS_01,telemetry_UAV_01,0.1,Optimized,"['GS_01', 'SAT_63194', 'UAV_01']",UAV_01,7.197770160332619,20.0,200,HIT,47.19777016033262
480100,1363,UAV_05,target_location_update,0.3,Optimized,"['UAV_05', 'SAT_46681', 'GS_01']",GS_01,5.049174878663482,20.0,200,HIT,125.04917487866348
480100,1364,GS_01,telemetry_UAV_01,0.1,Optimized,"['GS_01', 'SAT_46681', 'UAV_01']",UAV_01,5.360859998026623,20.0,200,HIT,45.360859998026626
480100,1365,GS_01,telemetry_UAV_05,0.1,Optimized,"['GS_01', 'SAT_46681', 'UAV_05']",UAV_05,5.237186606495932,20.0,200,HIT,45.23718660649593
480100,1366,UAV_01,target_location_update,0.3,Optimized,"['UAV_01', 'SAT_46681', 'GS_01']",GS_01,5.191034175951167,20.0,200,HIT,125.19103417595116
481100,1367,GS_01,telemetry_UAV_01,0.1,Optimized,"['GS_01', 'SAT_46681', 'UAV_01']",UAV_01,5.173781065904906,20.0,200,HIT,45.173781065904905
481100,1368,GS_01,telemetry_UAV_05,0.1,Optimized,"['GS_01', 'SAT_46681', 'UAV_05']",UAV_05,5.340554054410151,20.0,200,HIT,45.34055405441015
482100,1369,GS_01,telemetry_UAV_01,0.1,Optimized,"['GS_01', 'SAT_46681', 'UAV_01']",UAV_01,4.964183873453338,20.0,200,HIT,44.96418387345334
482100,1370,GS_01,telemetry_UAV_05,0.1,Optimized,"['GS_01', 'SAT_46681', 'UAV_05']",UAV_05,5.35296875543467,20.0,200,HIT,45.352968755434674
483100,1371,GS_01,telemetry_UAV_01,0.1,Optimized,"['GS_01', 'SAT_46681', 'UAV_01']",UAV_01,5.13044451863278,20.0,200,HIT,45.13044451863278
483100,1372,GS_01,telemetry_UAV_05,0.1,Optimized,"['GS_01', 'SAT_46681', 'UAV_05']",UAV_05,5.190609326129685,20.0,200,HIT,45.19060932612969
483100,1373,UAV_01,target_location_update,0.3,Optimized,"['UAV_01', 'SAT_46681', 'GS_01']",GS_01,5.5429597629631235,20.0,200,HIT,125.54295976296312
483100,1374,UAV_05,target_location_update,0.3,Optimized,"['UAV_05', 'SAT_46681', 'GS_01']",GS_01,4.846005648947626,20.0,200,HIT,124.84600564894762
484100,1375,GS_01,telemetry_UAV_05,0.1,Optimized,"['GS_01', 'SAT_46681', 'UAV_05']",UAV_05,5.108605890089191,20.0,200,HIT,45.108605890089194
484100,1376,GS_01,telemetry_UAV_01,0.1,Optimized,"['GS_01', 'SAT_46681', 'UAV_01']",UAV_01,5.443151357890024,20.0,200,HIT,45.443151357890024
485100,1377,GS_01,telemetry_UAV_05,0.1,Optimized,"['GS_01', 'SAT_46681', 'UAV_05']",UAV_05,4.879466692642589,20.0,200,HIT,44.87946669264259
485100,1378,GS_01,telemetry_UAV_01,0.1,Optimized,"['GS_01', 'SAT_46681', 'UAV_01']",UAV_01,4.896516391442292,20.0,200,HIT,44.89651639144229
486100,1379,GS_01,telemetry_UAV_01,0.1,Optimized,"['GS_01', 'SAT_46681', 'UAV_01']",UAV_01,5.1410904163113464,20.0,200,HIT,45.14109041631134
486100,1380,UAV_01,target_location_update,0.3,Optimized,"['UAV_01', 'SAT_46681', 'GS_01']",GS_01,5.5745244759018835,20.0,200,HIT,125.57452447590188
486100,1381,UAV_05,target_location_update,0.3,Optimized,"['UAV_05', 'SAT_46681', 'GS_01']",GS_01,5.442404465939395,20.0,200,HIT,125.44240446593939
486100,1382,GS_01,telemetry_UAV_05,0.1,Optimized,"['GS_01', 'SAT_46681', 'UAV_05']",UAV_05,5.399131897806527,20.0,200,HIT,45.39913189780653
487100,1383,GS_01,telemetry_UAV_01,0.1,Optimized,"['GS_01', 'SAT_46681', 'UAV_01']",UAV_01,4.88340115181709,20.0,200,HIT,44.88340115181709
487100,1384,GS_01,telemetry_UAV_05,0.1,Optimized,"['GS_01', 'SAT_46681', 'UAV_05']",UAV_05,5.324389249491083,20.0,200,HIT,45.324389249491084
488100,1385,GS_01,telemetry_UAV_05,0.1,Optimized,"['GS_01', 'SAT_46681', 'UAV_05']",UAV_05,5.370003200390383,20.0,200,HIT,45.370003200390386
488100,1386,GS_01,telemetry_UAV_01,0.1,Optimized,"['GS_01', 'SAT_46681', 'UAV_01']",UAV_01,4.9232225392097995,20.0,200,HIT,44.9232225392098
489100,1387,GS_01,telemetry_UAV_05,0.1,Optimized,"['GS_01', 'SAT_46681', 'UAV_05']",UAV_05,4.761346089782211,20.0,200,HIT,44.76134608978221
489100,1388,GS_01,telemetry_UAV_01,0.1,Optimized,"['GS_01', 'SAT_46681', 'UAV_01']",UAV_01,5.32983060751985,20.0,200,HIT,45.32983060751985
489100,1389,UAV_01,target_location_update,0.3,Optimized,"['UAV_01', 'SAT_46681', 'GS_01']",GS_01,5.263127165510547,20.0,200,HIT,125.26312716551055
489100,1390,UAV_05,target_location_update,0.3,Optimized,"['UAV_05', 'SAT_46681', 'GS_01']",GS_01,4.765944402273641,20.0,200,HIT,124.76594440227365
490100,1391,GS_01,telemetry_UAV_01,0.1,Optimized,"['GS_01', 'SAT_46681', 'UAV_01']",UAV_01,5.309031082112261,20.0,200,HIT,45.30903108211226
490100,1392,GS_01,telemetry_UAV_05,0.1,Optimized,"['GS_01', 'SAT_46681', 'UAV_05']",UAV_05,5.624662655941522,20.0,200,HIT,45.62466265594152
490600,1393,UAV_01,status_update_UAV_05,0.2,Optimized,"['UAV_01', 'UAV_05']",UAV_05,0.015059418936021701,10.0,200,HIT,160.01505941893603
491100,1394,GS_01,telemetry_UAV_05,0.1,Optimized,"['GS_01', 'SAT_46681', 'UAV_05']",UAV_05,5.03953319443308,20.0,200,HIT,45.039533194433076
491100,1395,GS_01,telemetry_UAV_01,0.1,Optimized,"['GS_01', 'SAT_46681', 'UAV_01']",UAV_01,5.685634159705083,20.0,200,HIT,45.68563415970508
492100,1396,UAV_01,status_update_UAV_05,0.2,Optimized,"['UAV_01', 'UAV_05']",UAV_05,0.016734921233649773,10.0,200,HIT,160.01673492123365
492100,1397,GS_01,telemetry_UAV_01,0.1,Optimized,"['GS_01', 'SAT_46681', 'UAV_01']",UAV_01,5.572160848231102,20.0,200,HIT,45.5721608482311
492100,1398,GS_01,telemetry_UAV_05,0.1,Optimized,"['GS_01', 'SAT_46681', 'UAV_05']",UAV_05,5.025261413964905,20.0,200,HIT,45.025261413964905
492100,1399,UAV_05,target_location_update,0.3,Optimized,"['UAV_05', 'SAT_46681', 'GS_01']",GS_01,5.318441574159857,20.0,200,HIT,125.31844157415986
492100,1400,UAV_01,target_location_update,0.3,Optimized,"['UAV_01', 'SAT_46681', 'GS_01']",GS_01,5.223117316045656,20.0,200,HIT,125.22311731604566
493100,1401,GS_01,telemetry_UAV_01,0.1,Optimized,"['GS_01', 'SAT_46681', 'UAV_01']",UAV_01,4.940859607541446,20.0,200,HIT,44.94085960754145
493100,1402,GS_01,telemetry_UAV_05,0.1,Optimized,"['GS_01', 'SAT_46681', 'UAV_05']",UAV_05,5.474294436971188,20.0,200,HIT,45.474294436971185
494100,1403,GS_01,telemetry_UAV_01,0.1,Optimized,"['GS_01', 'SAT_46681', 'UAV_01']",UAV_01,5.247322318955264,20.0,200,HIT,45.24732231895526
494100,1404,GS_01,telemetry_UAV_05,0.1,Optimized,"['GS_01', 'SAT_46681', 'UAV_05']",UAV_05,5.341459312945602,20.0,200,HIT,45.3414593129456
495100,1405,GS_01,telemetry_UAV_01,0.1,Optimized,"['GS_01', 'SAT_46681', 'UAV_01']",UAV_01,5.571737750439825,20.0,200,HIT,45.57173775043982
495100,1406,GS_01,telemetry_UAV_05,0.1,Optimized,"['GS_01', 'SAT_46681', 'UAV_05']",UAV_05,5.215253010339557,20.0,200,HIT,45.21525301033956
495100,1407,UAV_05,target_location_update,0.3,Optimized,"['UAV_05', 'SAT_46681', 'GS_01']",GS_01,5.328461072201364,20.0,200,HIT,125.32846107220136
495100,1408,UAV_01,target_location_update,0.3,Optimized,"['UAV_01', 'SAT_46681', 'GS_01']",GS_01,5.4737510248994425,20.0,200,HIT,125.47375102489944
496100,1409,GS_01,telemetry_UAV_01,0.1,Optimized,"['GS_01', 'SAT_46681', 'UAV_01']",UAV_01,5.297902628089302,20.0,200,HIT,45.297902628089304
496100,1410,GS_01,telemetry_UAV_05,0.1,Optimized,"['GS_01', 'SAT_46681', 'UAV_05']",UAV_05,5.29189376093654,20.0,200,HIT,45.29189376093654
497100,1411,GS_01,telemetry_UAV_05,0.1,Optimized,"['GS_01', 'SAT_46681', 'UAV_05']",UAV_05,5.580517892174468,20.0,200,HIT,45.58051789217447
497100,1412,GS_01,telemetry_UAV_01,0.1,Optimized,"['GS_01', 'SAT_46681', 'UAV_01']",UAV_01,5.270080638707992,20.0,200,HIT,45.270080638707995
498100,1413,GS_01,telemetry_UAV_05,0.1,Optimized,"['GS_01', 'SAT_46681', 'UAV_05']",UAV_05,5.433197092003854,20.0,200,HIT,45.43319709200385
498100,1414,UAV_05,target_location_update,0.3,Optimized,"['UAV_05', 'SAT_46681', 'GS_01']",GS_01,5.345831530732602,20.0,200,HIT,125.3458315307326
498100,1415,GS_01,telemetry_UAV_01,0.1,Optimized,"['GS_01', 'SAT_46681', 'UAV_01']",UAV_01,5.44286638272572,20.0,200,HIT,45.44286638272572
498100,1416,UAV_01,target_location_update,0.3,Optimized,"['UAV_01', 'SAT_46681', 'GS_01']",GS_01,5.126303707479755,20.0,200,HIT,125.12630370747975
499100,1417,GS_01,telemetry_UAV_01,0.1,Optimized,"['GS_01', 'SAT_46681', 'UAV_01']",UAV_01,5.228786596147765,20.0,200,HIT,45.22878659614776
499100,1418,GS_01,telemetry_UAV_05,0.1,Optimized,"['GS_01', 'SAT_46681', 'UAV_05']",UAV_05,5.448679268204772,20.0,200,HIT,45.44867926820477
499600,1419,UAV_01,status_update_UAV_05,0.2,Optimized,"['UAV_01', 'UAV_05']",UAV_05,0.0168636064985263,10.0,200,HIT,160.01686360649853
500100,1420,GS_01,telemetry_UAV_05,0.1,Optimized,"['GS_01', 'SAT_46681', 'UAV_05']",UAV_05,5.442161853264256,20.0,200,HIT,45.44216185326425
500100,1421,GS_01,telemetry_UAV_01,0.1,Optimized,"['GS_01', 'SAT_46681', 'UAV_01']",UAV_01,5.33998341607454,20.0,200,HIT,45.33998341607454
501100,1422,GS_01,telemetry_UAV_05,0.1,Optimized,"['GS_01', 'SAT_46681', 'UAV_05']",UAV_05,5.325645721709314,20.0,200,HIT,45.325645721709314
501100,1423,GS_01,telemetry_UAV_01,0.1,Optimized,"['GS_01', 'SAT_46681', 'UAV_01']",UAV_01,5.56612255793438,20.0,200,HIT,45.56612255793438
501100,1424,UAV_01,target_location_update,0.3,Optimized,"['UAV_01', 'SAT_46681', 'GS_01']",GS_01,5.27956423758676,20.0,200,HIT,125.27956423758675
501100,1425,UAV_05,target_location_update,0.3,Optimized,"['UAV_05', 'SAT_46681', 'GS_01']",GS_01,5.666011606634697,20.0,200,HIT,125.6660116066347
502100,1426,GS_01,telemetry_UAV_01,0.1,Optimized,"['GS_01', 'SAT_46681', 'UAV_01']",UAV_01,5.640172337271819,20.0,200,HIT,45.64017233727182
502100,1427,GS_01,telemetry_UAV_05,0.1,Optimized,"['GS_01', 'SAT_46681', 'UAV_05']",UAV_05,5.902381982177124,20.0,200,HIT,45.902381982177126
503100,1428,GS_01,telemetry_UAV_05,0.1,Optimized,"['GS_01', 'SAT_46681', 'UAV_05']",UAV_05,6.134087958671094,20.0,200,HIT,46.134087958671095
503100,1429,GS_01,telemetry_UAV_01,0.1,Optimized,"['GS_01', 'SAT_46681', 'UAV_01']",UAV_01,5.730092795713016,20.0,200,HIT,45.73009279571302
504100,1430,UAV_01,target_location_update,0.3,Optimized,"['UAV_01', 'SAT_46681', 'GS_01']",GS_01,5.7017630488046525,20.0,200,HIT,125.70176304880465
504100,1431,GS_01,telemetry_UAV_05,0.1,Optimized,"['GS_01', 'SAT_46681', 'UAV_05']",UAV_05,5.632778298275213,20.0,200,HIT,45.63277829827521
504100,1432,GS_01,telemetry_UAV_01,0.1,Optimized,"['GS_01', 'SAT_46681', 'UAV_01']",UAV_01,5.472133408678607,20.0,200,HIT,45.47213340867861
504100,1433,UAV_05,target_location_update,0.3,Optimized,"['UAV_05', 'SAT_46681', 'GS_01']",GS_01,5.293794699923824,20.0,200,HIT,125.29379469992382
505100,1434,GS_01,telemetry_UAV_01,0.1,Optimized,"['GS_01', 'SAT_46681', 'UAV_01']",UAV_01,5.8073952613340385,20.0,200,HIT,45.80739526133404
505100,1435,GS_01,telemetry_UAV_05,0.1,Optimized,"['GS_01', 'SAT_46681', 'UAV_05']",UAV_05,5.902149354354163,20.0,200,HIT,45.902149354354165
506100,1436,GS_01,telemetry_UAV_01,0.1,Optimized,"['GS_01', 'SAT_46681', 'UAV_01']",UAV_01,5.905682598572335,20.0,200,HIT,45.905682598572334
506100,1437,GS_01,telemetry_UAV_05,0.1,Optimized,"['GS_01', 'SAT_46681', 'UAV_05']",UAV_05,5.2523621654808075,20.0,200,HIT,45.252362165480804
507100,1438,GS_01,telemetry_UAV_05,0.1,Optimized,"['GS_01', 'SAT_46681', 'UAV_05']",UAV_05,5.968955379966809,20.0,200,HIT,45.96895537996681
507100,1439,UAV_05,target_location_update,0.3,Optimized,"['UAV_05', 'SAT_46681', 'GS_01']",GS_01,5.555482686302058,20.0,200,HIT,125.55548268630206
507100,1440,GS_01,telemetry_UAV_01,0.1,Optimized,"['GS_01', 'SAT_46681', 'UAV_01']",UAV_01,5.5714326315914136,20.0,200,HIT,45.571432631591414
507100,1441,UAV_01,target_location_update,0.3,Optimized,"['UAV_01', 'SAT_46681', 'GS_01']",GS_01,5.559077387389452,20.0,200,HIT,125.55907738738945
508100,1442,GS_01,telemetry_UAV_05,0.1,Optimized,"['GS_01', 'SAT_46681', 'UAV_05']",UAV_05,5.373368994257283,20.0,200,HIT,45.373368994257284
508100,1443,GS_01,telemetry_UAV_01,0.1,Optimized,"['GS_01', 'SAT_46681', 'UAV_01']",UAV_01,5.892138812483781,20.0,200,HIT,45.89213881248378
509100,1444,GS_01,telemetry_UAV_01,0.1,Optimized,"['GS_01', 'SAT_46681', 'UAV_01']",UAV_01,5.890699396604914,20.0,200,HIT,45.890699396604916
509100,1445,GS_01,telemetry_UAV_05,0.1,Optimized,"['GS_01', 'SAT_46681', 'UAV_05']",UAV_05,6.155686588265043,20.0,200,HIT,46.15568658826504
510100,1446,UAV_05,target_location_update,0.3,Optimized,"['UAV_05', 'SAT_46681', 'GS_01']",GS_01,5.713338643396002,20.0,200,HIT,125.713338643396
510100,1447,GS_01,telemetry_UAV_01,0.1,Optimized,"['GS_01', 'SAT_46681', 'UAV_01']",UAV_01,6.349939294382209,20.0,200,HIT,46.34993929438221
510100,1448,GS_01,telemetry_UAV_05,0.1,Optimized,"['GS_01', 'SAT_46681', 'UAV_05']",UAV_05,6.644246587311924,20.0,200,HIT,46.644246587311926
510100,1449,UAV_01,target_location_update,0.3,Optimized,"['UAV_01', 'SAT_46681', 'GS_01']",GS_01,6.340757138510197,20.0,200,HIT,126.3407571385102
511100,1450,GS_01,telemetry_UAV_05,0.1,Optimized,"['GS_01', 'SAT_46681', 'UAV_05']",UAV_05,6.540393815405908,20.0,200,HIT,46.540393815405906
511100,1451,GS_01,telemetry_UAV_01,0.1,Optimized,"['GS_01', 'SAT_46681', 'UAV_01']",UAV_01,6.29883087610707,20.0,200,HIT,46.29883087610707
512100,1452,GS_01,telemetry_UAV_01,0.1,Optimized,"['GS_01', 'SAT_46681', 'UAV_01']",UAV_01,6.109341151667127,20.0,200,HIT,46.109341151667124
512100,1453,GS_01,telemetry_UAV_05,0.1,Optimized,"['GS_01', 'SAT_46681', 'UAV_05']",UAV_05,5.975430726870212,20.0,200,HIT,45.975430726870215
513100,1454,GS_01,telemetry_UAV_05,0.1,Optimized,"['GS_01', 'SAT_46681', 'UAV_05']",UAV_05,6.234148527212035,20.0,200,HIT,46.234148527212035
513100,1455,GS_01,telemetry_UAV_01,0.1,Optimized,"['GS_01', 'SAT_46681', 'UAV_01']",UAV_01,5.720218631713989,20.0,200,HIT,45.72021863171399
513100,1456,UAV_01,target_location_update,0.3,Optimized,"['UAV_01', 'SAT_46681', 'GS_01']",GS_01,5.96162155029048,20.0,200,HIT,125.96162155029047
513100,1457,UAV_05,target_location_update,0.3,Optimized,"['UAV_05', 'SAT_46681', 'GS_01']",GS_01,6.417066862428577,20.0,200,HIT,126.41706686242858
514100,1458,GS_01,telemetry_UAV_01,0.1,Optimized,"['GS_01', 'SAT_46681', 'UAV_01']",UAV_01,6.39392871744526,20.0,200,HIT,46.39392871744526
514100,1459,GS_01,telemetry_UAV_05,0.1,Optimized,"['GS_01', 'SAT_46681', 'UAV_05']",UAV_05,6.2865088428468905,20.0,200,HIT,46.28650884284689
515100,1460,GS_01,telemetry_UAV_01,0.1,Optimized,"['GS_01', 'SAT_46681', 'UAV_01']",UAV_01,6.227016173573246,20.0,200,HIT,46.22701617357325
515100,1461,GS_01,telemetry_UAV_05,0.1,Optimized,"['GS_01', 'SAT_46681', 'UAV_05']",UAV_05,6.069514976411044,20.0,200,HIT,46.06951497641104
516100,1462,GS_01,telemetry_UAV_01,0.1,Optimized,"['GS_01', 'SAT_46681', 'UAV_01']",UAV_01,6.136729539958658,20.0,200,HIT,46.13672953995866
516100,1463,GS_01,telemetry_UAV_05,0.1,Optimized,"['GS_01', 'SAT_46681', 'UAV_05']",UAV_05,6.298618742689127,20.0,200,HIT,46.29861874268913
516100,1464,UAV_01,target_location_update,0.3,Optimized,"['UAV_01', 'SAT_46681', 'GS_01']",GS_01,6.089692891992188,20.0,200,HIT,126.08969289199219
516100,1465,UAV_05,target_location_update,0.3,Optimized,"['UAV_05', 'SAT_46681', 'GS_01']",GS_01,5.676168316601099,20.0,200,HIT,125.67616831660109
517100,1466,GS_01,telemetry_UAV_01,0.1,Optimized,"['GS_01', 'SAT_46681', 'UAV_01']",UAV_01,5.66162412278092,20.0,200,HIT,45.66162412278092
517100,1467,GS_01,telemetry_UAV_05,0.1,Optimized,"['GS_01', 'SAT_46681', 'UAV_05']",UAV_05,6.320722517934905,20.0,200,HIT,46.320722517934904
517500,1468,UAV_01,collaboration_request_UAV_05,0.2,Optimized,['UAV_01'],UAV_01,0.0,inf,200,HIT,0.0
518100,1469,GS_01,telemetry_UAV_01,0.1,Optimized,"['GS_01', 'SAT_46681', 'UAV_01']",UAV_01,6.35022929183714,20.0,200,HIT,46.35022929183714
518100,1470,GS_01,telemetry_UAV_05,0.1,Optimized,"['GS_01', 'SAT_46681', 'UAV_05']",UAV_05,6.137654175744261,20.0,200,HIT,46.13765417574426
519100,1471,GS_01,telemetry_UAV_05,0.1,Optimized,"['GS_01', 'SAT_46681', 'UAV_05']",UAV_05,6.1091241442610205,20.0,200,HIT,46.10912414426102
519100,1472,UAV_05,target_location_update,0.3,Optimized,"['UAV_05', 'SAT_46681', 'GS_01']",GS_01,6.533262191744381,20.0,200,HIT,126.53326219174438
519100,1473,UAV_01,target_location_update,0.3,Optimized,"['UAV_01', 'SAT_46681', 'GS_01']",GS_01,6.536890133353484,20.0,200,HIT,126.53689013335348
519100,1474,GS_01,telemetry_UAV_01,0.1,Optimized,"['GS_01', 'SAT_46681', 'UAV_01']",UAV_01,6.374422880066368,20.0,200,HIT,46.37442288006637
520100,1475,GS_01,telemetry_UAV_01,0.1,Optimized,"['GS_01', 'SAT_46681', 'UAV_01']",UAV_01,6.595634895149038,20.0,200,HIT,46.59563489514904
520100,1476,GS_01,telemetry_UAV_05,0.1,Optimized,"['GS_01', 'SAT_46681', 'UAV_05']",UAV_05,6.428201868960008,20.0,200,HIT,46.42820186896001
521100,1477,GS_01,telemetry_UAV_05,0.1,Optimized,"['GS_01', 'SAT_46681', 'UAV_05']",UAV_05,6.453024272523795,20.0,200,HIT,46.45302427252379
521100,1478,GS_01,telemetry_UAV_01,0.1,Optimized,"['GS_01', 'SAT_46681', 'UAV_01']",UAV_01,7.2262782455857515,20.0,200,HIT,47.22627824558575
522100,1479,GS_01,telemetry_UAV_01,0.1,Optimized,"['GS_01', 'SAT_46681', 'UAV_01']",UAV_01,7.036777472896688,20.0,200,HIT,47.03677747289669
522100,1480,UAV_05,target_location_update,0.3,Optimized,"['UAV_05', 'SAT_46681', 'GS_01']",GS_01,6.6509545986096885,20.0,200,HIT,126.65095459860969
522100,1481,GS_01,telemetry_UAV_05,0.1,Optimized,"['GS_01', 'SAT_46681', 'UAV_05']",UAV_05,6.557271788621935,20.0,200,HIT,46.55727178862193
522100,1482,UAV_01,target_location_update,0.3,Optimized,"['UAV_01', 'SAT_46681', 'GS_01']",GS_01,6.808027799171828,20.0,200,HIT,126.80802779917182
523100,1483,GS_01,telemetry_UAV_01,0.1,Optimized,"['GS_01', 'SAT_46681', 'UAV_01']",UAV_01,6.990646572758271,20.0,200,HIT,46.99064657275827
523100,1484,GS_01,telemetry_UAV_05,0.1,Optimized,"['GS_01', 'SAT_46681', 'UAV_05']",UAV_05,6.436929389776514,20.0,200,HIT,46.436929389776516
523600,1485,UAV_01,status_update_UAV_05,0.2,Optimized,"['UAV_01', 'UAV_05']",UAV_05,0.01416865968899567,10.0,200,HIT,160.014168659689
524100,1486,GS_01,telemetry_UAV_01,0.1,Optimized,"['GS_01', 'SAT_46681', 'UAV_01']",UAV_01,6.8181258561082325,20.0,200,HIT,46.81812585610823
524100,1487,GS_01,telemetry_UAV_05,0.1,Optimized,"['GS_01', 'SAT_46681', 'UAV_05']",UAV_05,7.237428481356478,20.0,200,HIT,47.237428481356474
525100,1488,GS_01,telemetry_UAV_01,0.1,Optimized,"['GS_01', 'SAT_46681', 'UAV_01']",UAV_01,6.629860842234288,20.0,200,HIT,46.62986084223429
525100,1489,GS_01,telemetry_UAV_05,0.1,Optimized,"['GS_01', 'SAT_46681', 'UAV_05']",UAV_05,7.149767742936167,20.0,200,HIT,47.14976774293616
525100,1490,UAV_01,fuel_status_UAV_05,0.1,Optimized,"['UAV_01', 'UAV_05']",UAV_05,0.014023737578496148,10.0,200,HIT,80.0140237375785
525100,1491,UAV_01,target_location_update,0.3,Optimized,"['UAV_01', 'SAT_46681', 'GS_01']",GS_01,6.345317516877218,20.0,200,HIT,126.34531751687722
525100,1492,UAV_05,target_location_update,0.3,Optimized,"['UAV_05', 'SAT_46681', 'GS_01']",GS_01,6.867490923812733,20.0,200,HIT,126.86749092381274
526100,1493,GS_01,telemetry_UAV_05,0.1,Optimized,"['GS_01', 'SAT_46681', 'UAV_05']",UAV_05,7.071413960180678,20.0,200,HIT,47.07141396018068
526100,1494,GS_01,telemetry_UAV_01,0.1,Optimized,"['GS_01', 'SAT_46681', 'UAV_01']",UAV_01,6.739547705103598,20.0,200,HIT,46.7395477051036
527100,1495,GS_01,telemetry_UAV_01,0.1,Optimized,"['GS_01', 'SAT_46681', 'UAV_01']",UAV_01,6.399691073686954,20.0,200,HIT,46.39969107368695
527100,1496,GS_01,telemetry_UAV_05,0.1,Optimized,"['GS_01', 'SAT_46681', 'UAV_05']",UAV_05,7.037778041932498,20.0,200,HIT,47.0377780419325
528100,1497,UAV_01,status_update_UAV_05,0.2,Optimized,"['UAV_01', 'UAV_05']",UAV_05,0.014637603459275624,10.0,200,HIT,160.01463760345928
528100,1498,GS_01,telemetry_UAV_05,0.1,Optimized,"['GS_01', 'SAT_46681', 'UAV_05']",UAV_05,6.536706832266278,20.0,200,HIT,46.536706832266276
528100,1499,GS_01,telemetry_UAV_01,0.1,Optimized,"['GS_01', 'SAT_46681', 'UAV_01']",UAV_01,6.75308954450011,20.0,200,HIT,46.753089544500114
528100,1500,UAV_01,target_location_update,0.3,Optimized,"['UAV_01', 'SAT_46681', 'GS_01']",GS_01,6.851137565643782,20.0,200,HIT,126.85113756564378
528100,1501,UAV_05,target_location_update,0.3,Optimized,"['UAV_05', 'SAT_46681', 'GS_01']",GS_01,6.807477164597862,20.0,200,HIT,126.80747716459786
529100,1502,GS_01,telemetry_UAV_01,0.1,Optimized,"['GS_01', 'SAT_46681', 'UAV_01']",UAV_01,6.806954211235767,20.0,200,HIT,46.80695421123577
529100,1503,GS_01,telemetry_UAV_05,0.1,Optimized,"['GS_01', 'SAT_46681', 'UAV_05']",UAV_05,7.3266378703536095,20.0,200,HIT,47.32663787035361
530100,1504,GS_01,telemetry_UAV_05,0.1,Optimized,"['GS_01', 'SAT_67325', 'UAV_05']",UAV_05,7.119516564692319,20.0,200,HIT,47.11951656469232
530100,1505,GS_01,telemetry_UAV_01,0.1,Optimized,"['GS_01', 'SAT_67325', 'UAV_01']",UAV_01,6.864364639409867,20.0,200,HIT,46.86436463940987
531100,1506,UAV_05,target_location_update,0.3,Optimized,"['UAV_05', 'SAT_67325', 'GS_01']",GS_01,7.475917571056063,20.0,200,HIT,127.47591757105606
531100,1507,UAV_01,target_location_update,0.3,Optimized,"['UAV_01', 'SAT_67325', 'GS_01']",GS_01,6.903846963609867,20.0,200,HIT,126.90384696360987
531100,1508,GS_01,telemetry_UAV_01,0.1,Optimized,"['GS_01', 'SAT_67325', 'UAV_01']",UAV_01,7.01360012359361,20.0,200,HIT,47.01360012359361
531100,1509,GS_01,telemetry_UAV_05,0.1,Optimized,"['GS_01', 'SAT_67325', 'UAV_05']",UAV_05,6.778945443270667,20.0,200,HIT,46.778945443270665
532100,1510,GS_01,telemetry_UAV_05,0.1,Optimized,"['GS_01', 'SAT_67325', 'UAV_05']",UAV_05,7.077830823186943,20.0,200,HIT,47.07783082318694
532100,1511,GS_01,telemetry_UAV_01,0.1,Optimized,"['GS_01', 'SAT_67325', 'UAV_01']",UAV_01,6.913397191922474,20.0,200,HIT,46.91339719192247
533000,1512,GS_01,telemetry_UAV_01,0.1,Optimized,"['GS_01', 'SAT_67325', 'UAV_01']",UAV_01,6.795949743118536,20.0,200,HIT,46.795949743118534
533100,1513,GS_01,telemetry_UAV_05,0.1,Optimized,"['GS_01', 'SAT_67325', 'UAV_05']",UAV_05,7.549605014579857,20.0,200,HIT,47.54960501457985
534100,1514,UAV_05,target_location_update,0.3,Optimized,"['UAV_05', 'SAT_67325', 'GS_01']",GS_01,7.271223869148638,20.0,200,HIT,127.27122386914864
534100,1515,UAV_01,target_location_update,0.3,Optimized,"['UAV_01', 'SAT_67325', 'GS_01']",GS_01,7.52547302323223,20.0,200,HIT,127.52547302323222
534100,1516,GS_01,telemetry_UAV_05,0.1,Optimized,"['GS_01', 'SAT_67325', 'UAV_05']",UAV_05,6.7995694514779,20.0,200,HIT,46.7995694514779
534100,1517,GS_01,telemetry_UAV_01,0.1,Optimized,"['GS_01', 'SAT_67325', 'UAV_01']",UAV_01,7.373821875468331,20.0,200,HIT,47.37382187546833
534100,1518,UAV_01,status_update_UAV_05,0.2,Optimized,"['UAV_01', 'UAV_05']",UAV_05,0.013597011903489192,10.0,200,HIT,160.0135970119035
535100,1519,GS_01,telemetry_UAV_05,0.1,Optimized,"['GS_01', 'SAT_67325', 'UAV_05']",UAV_05,7.556409588498455,20.0,200,HIT,47.556409588498454
535100,1520,GS_01,telemetry_UAV_01,0.1,Optimized,"['GS_01', 'SAT_67325', 'UAV_01']",UAV_01,7.270310130485251,20.0,200,HIT,47.27031013048525
535600,1521,UAV_01,status_update_UAV_05,0.2,Optimized,"['UAV_01', 'UAV_05']",UAV_05,0.01290732193705301,10.0,200,HIT,160.01290732193706
536100,1522,GS_01,telemetry_UAV_01,0.1,Optimized,"['GS_01', 'SAT_67325', 'UAV_01']",UAV_01,7.187878594787265,20.0,200,HIT,47.187878594787264
536100,1523,GS_01,telemetry_UAV_05,0.1,Optimized,"['GS_01', 'SAT_67325', 'UAV_05']",UAV_05,6.892817372228316,20.0,200,HIT,46.892817372228315
537100,1524,GS_01,telemetry_UAV_05,0.1,Optimized,"['GS_01', 'SAT_67325', 'UAV_05']",UAV_05,7.423665869130307,20.0,200,HIT,47.4236658691303
537100,1525,GS_01,telemetry_UAV_01,0.1,Optimized,"['GS_01', 'SAT_67325', 'UAV_01']",UAV_01,7.026579349895275,20.0,200,HIT,47.02657934989527
537100,1526,UAV_05,target_location_update,0.3,Optimized,"['UAV_05', 'SAT_67325', 'GS_01']",GS_01,7.199602625817771,20.0,200,HIT,127.19960262581777
537100,1527,UAV_01,target_location_update,0.3,Optimized,"['UAV_01', 'SAT_67325', 'GS_01']",GS_01,7.684128258107224,20.0,200,HIT,127.68412825810722
538100,1528,GS_01,telemetry_UAV_05,0.1,Optimized,"['GS_01', 'SAT_67325', 'UAV_05']",UAV_05,7.284396293149156,20.0,200,HIT,47.28439629314916
538100,1529,GS_01,telemetry_UAV_01,0.1,Optimized,"['GS_01', 'SAT_67325', 'UAV_01']",UAV_01,7.121611748366488,20.0,200,HIT,47.12161174836649
539100,1530,GS_01,telemetry_UAV_05,0.1,Optimized,"['GS_01', 'SAT_67325', 'UAV_05']",UAV_05,7.582236671091428,20.0,200,HIT,47.58223667109143
539100,1531,GS_01,telemetry_UAV_01,0.1,Optimized,"['GS_01', 'SAT_67325', 'UAV_01']",UAV_01,7.027588817910908,20.0,200,HIT,47.02758881791091
540100,1532,GS_01,telemetry_UAV_05,0.1,Optimized,"['GS_01', 'SAT_64914', 'UAV_05']",UAV_05,6.3572505282940615,20.0,200,HIT,46.35725052829406
540100,1533,GS_01,telemetry_UAV_01,0.1,Optimized,"['GS_01', 'SAT_64914', 'UAV_01']",UAV_01,6.892143263979833,20.0,200,HIT,46.89214326397983
540100,1534,UAV_01,target_location_update,0.3,Optimized,"['UAV_01', 'SAT_64914', 'GS_01']",GS_01,6.841386489525126,20.0,200,HIT,126.84138648952512
540100,1535,UAV_05,target_location_update,0.3,Optimized,"['UAV_05', 'SAT_64914', 'GS_01']",GS_01,6.933917197527791,20.0,200,HIT,126.93391719752779
541100,1536,GS_01,telemetry_UAV_01,0.1,Optimized,"['GS_01', 'SAT_64914', 'UAV_01']",UAV_01,6.988689506868776,20.0,200,HIT,46.98868950686877
541100,1537,GS_01,telemetry_UAV_05,0.1,Optimized,"['GS_01', 'SAT_64914', 'UAV_05']",UAV_05,6.382800235551219,20.0,200,HIT,46.382800235551215
542100,1538,GS_01,telemetry_UAV_05,0.1,Optimized,"['GS_01', 'SAT_64914', 'UAV_05']",UAV_05,6.731978269717084,20.0,200,HIT,46.73197826971708
542100,1539,GS_01,telemetry_UAV_01,0.1,Optimized,"['GS_01', 'SAT_64914', 'UAV_01']",UAV_01,6.696410692544157,20.0,200,HIT,46.696410692544156
543100,1540,GS_01,telemetry_UAV_01,0.1,Optimized,"['GS_01', 'SAT_64914', 'UAV_01']",UAV_01,6.5692614533435885,20.0,200,HIT,46.569261453343586
543100,1541,GS_01,telemetry_UAV_05,0.1,Optimized,"['GS_01', 'SAT_64914', 'UAV_05']",UAV_05,6.75961622551192,20.0,200,HIT,46.75961622551192
543100,1542,UAV_05,target_location_update,0.3,Optimized,"['UAV_05', 'SAT_64914', 'GS_01']",GS_01,6.739600478421257,20.0,200,HIT,126.73960047842125
543100,1543,UAV_01,target_location_update,0.3,Optimized,"['UAV_01', 'SAT_64914', 'GS_01']",GS_01,6.399597649812193,20.0,200,HIT,126.3995976498122
544100,1544,GS_01,telemetry_UAV_05,0.1,Optimized,"['GS_01', 'SAT_64914', 'UAV_05']",UAV_05,6.856328685641499,20.0,200,HIT,46.8563286856415
544100,1545,GS_01,telemetry_UAV_01,0.1,Optimized,"['GS_01', 'SAT_64914', 'UAV_01']",UAV_01,6.855182368622852,20.0,200,HIT,46.85518236862285
544600,1546,UAV_01,status_update_UAV_05,0.2,Optimized,"['UAV_01', 'UAV_05']",UAV_05,0.01563355255749479,10.0,200,HIT,160.0156335525575
545100,1547,GS_01,telemetry_UAV_05,0.1,Optimized,"['GS_01', 'SAT_64914', 'UAV_05']",UAV_05,7.094176945778709,20.0,200,HIT,47.094176945778706
545100,1548,GS_01,telemetry_UAV_01,0.1,Optimized,"['GS_01', 'SAT_64914', 'UAV_01']",UAV_01,6.805811290392926,20.0,200,HIT,46.805811290392924
546100,1549,GS_01,telemetry_UAV_05,0.1,Optimized,"['GS_01', 'SAT_64914', 'UAV_05']",UAV_05,7.229813297746576,20.0,200,HIT,47.229813297746574
546100,1550,GS_01,telemetry_UAV_01,0.1,Optimized,"['GS_01', 'SAT_64914', 'UAV_01']",UAV_01,6.6552930899348155,20.0,200,HIT,46.655293089934815
546100,1551,UAV_01,target_location_update,0.3,Optimized,"['UAV_01', 'SAT_64914', 'GS_01']",GS_01,6.4272045323507685,20.0,200,HIT,126.42720453235077
546100,1552,UAV_05,target_location_update,0.3,Optimized,"['UAV_05', 'SAT_64914', 'GS_01']",GS_01,6.618245873470263,20.0,200,HIT,126.61824587347026
547100,1553,GS_01,telemetry_UAV_05,0.1,Optimized,"['GS_01', 'SAT_64914', 'UAV_05']",UAV_05,7.303193038694058,20.0,200,HIT,47.30319303869406
547100,1554,GS_01,telemetry_UAV_01,0.1,Optimized,"['GS_01', 'SAT_64914', 'UAV_01']",UAV_01,6.5308906689121535,20.0,200,HIT,46.53089066891215
548100,1555,GS_01,telemetry_UAV_01,0.1,Optimized,"['GS_01', 'SAT_64914', 'UAV_01']",UAV_01,6.644820354999595,20.0,200,HIT,46.644820354999595
548100,1556,GS_01,telemetry_UAV_05,0.1,Optimized,"['GS_01', 'SAT_64914', 'UAV_05']",UAV_05,6.626112937359172,20.0,200,HIT,46.626112937359174
549100,1557,GS_01,telemetry_UAV_05,0.1,Optimized,"['GS_01', 'SAT_64914', 'UAV_05']",UAV_05,6.1556598137704635,20.0,200,HIT,46.15565981377046
549100,1558,GS_01,telemetry_UAV_01,0.1,Optimized,"['GS_01', 'SAT_64914', 'UAV_01']",UAV_01,6.595172096744157,20.0,200,HIT,46.59517209674416
549100,1559,UAV_01,target_location_update,0.3,Optimized,"['UAV_01', 'SAT_64914', 'GS_01']",GS_01,6.778330111639196,20.0,200,HIT,126.77833011163919
549100,1560,UAV_05,target_location_update,0.3,Optimized,"['UAV_05', 'SAT_64914', 'GS_01']",GS_01,6.8164501859175175,20.0,200,HIT,126.81645018591752
550100,1561,GS_01,telemetry_UAV_01,0.1,Optimized,"['GS_01', 'SAT_64914', 'UAV_01']",UAV_01,7.355018493109187,20.0,200,HIT,47.355018493109185
550100,1562,GS_01,telemetry_UAV_05,0.1,Optimized,"['GS_01', 'SAT_64914', 'UAV_05']",UAV_05,7.0615675878940145,20.0,200,HIT,47.06156758789402
551100,1563,GS_01,telemetry_UAV_05,0.1,Optimized,"['GS_01', 'SAT_64914', 'UAV_05']",UAV_05,7.23549435748626,20.0,200,HIT,47.23549435748626
551100,1564,GS_01,telemetry_UAV_01,0.1,Optimized,"['GS_01', 'SAT_64914', 'UAV_01']",UAV_01,6.875665475645747,20.0,200,HIT,46.87566547564575
552100,1565,UAV_05,target_location_update,0.3,Optimized,"['UAV_05', 'SAT_64914', 'GS_01']",GS_01,6.6137382849214,20.0,200,HIT,126.6137382849214
552100,1566,GS_01,telemetry_UAV_05,0.1,Optimized,"['GS_01', 'SAT_64914', 'UAV_05']",UAV_05,7.297796637538427,20.0,200,HIT,47.297796637538426
552100,1567,GS_01,telemetry_UAV_01,0.1,Optimized,"['GS_01', 'SAT_64914', 'UAV_01']",UAV_01,6.586562032243991,20.0,200,HIT,46.58656203224399
552100,1568,UAV_01,target_location_update,0.3,Optimized,"['UAV_01', 'SAT_64914', 'GS_01']",GS_01,6.77025796311852,20.0,200,HIT,126.77025796311852
553000,1569,GS_01,telemetry_UAV_01,0.1,Optimized,"['GS_01', 'SAT_64914', 'UAV_01']",UAV_01,6.549631662956694,20.0,200,HIT,46.54963166295669
553100,1570,GS_01,telemetry_UAV_05,0.1,Optimized,"['GS_01', 'SAT_64914', 'UAV_05']",UAV_05,7.2687352996378305,20.0,200,HIT,47.26873529963783
553500,1571,UAV_01,collaboration_request_UAV_02,0.2,Optimized,['UAV_01'],UAV_01,0.0,inf,200,HIT,0.0
554100,1572,GS_01,telemetry_UAV_01,0.1,Optimized,"['GS_01', 'SAT_64914', 'UAV_01']",UAV_01,6.944385118321451,20.0,200,HIT,46.94438511832145
554100,1573,GS_01,telemetry_UAV_05,0.1,Optimized,"['GS_01', 'SAT_64914', 'UAV_05']",UAV_05,6.851818859758084,20.0,200,HIT,46.85181885975808
555100,1574,UAV_05,target_location_update,0.3,Optimized,"['UAV_05', 'SAT_64914', 'GS_01']",GS_01,6.931233993819918,20.0,200,HIT,126.93123399381992
555100,1575,GS_01,telemetry_UAV_01,0.1,Optimized,"['GS_01', 'SAT_64914', 'UAV_01']",UAV_01,6.789435931649749,20.0,200,HIT,46.78943593164975
555100,1576,GS_01,telemetry_UAV_05,0.1,Optimized,"['GS_01', 'SAT_64914', 'UAV_05']",UAV_05,6.983131674388662,20.0,200,HIT,46.98313167438866
555100,1577,UAV_01,target_location_update,0.3,Optimized,"['UAV_01', 'SAT_64914', 'GS_01']",GS_01,6.764490484329407,20.0,200,HIT,126.7644904843294
556100,1578,GS_01,telemetry_UAV_01,0.1,Optimized,"['GS_01', 'SAT_64914', 'UAV_01']",UAV_01,6.273744557833609,20.0,200,HIT,46.27374455783361
556100,1579,GS_01,telemetry_UAV_05,0.1,Optimized,"['GS_01', 'SAT_64914', 'UAV_05']",UAV_05,6.905451130659946,20.0,200,HIT,46.90545113065995
556600,1580,UAV_01,status_update_UAV_05,0.2,Optimized,"['UAV_01', 'UAV_05']",UAV_05,0.012028308626841296,10.0,200,HIT,160.01202830862684
557100,1581,GS_01,telemetry_UAV_05,0.1,Optimized,"['GS_01', 'SAT_64914', 'UAV_05']",UAV_05,6.513644275081395,20.0,200,HIT,46.5136442750814
557100,1582,GS_01,telemetry_UAV_01,0.1,Optimized,"['GS_01', 'SAT_64914', 'UAV_01']",UAV_01,7.1486820037317536,20.0,200,HIT,47.14868200373175
558100,1583,GS_01,telemetry_UAV_01,0.1,Optimized,"['GS_01', 'SAT_64914', 'UAV_01']",UAV_01,6.733388255497459,20.0,200,HIT,46.73338825549746
558100,1584,UAV_01,target_location_update,0.3,Optimized,"['UAV_01', 'SAT_64914', 'GS_01']",GS_01,6.813532218358313,20.0,200,HIT,126.81353221835832
558100,1585,UAV_05,target_location_update,0.3,Optimized,"['UAV_05', 'SAT_64914', 'GS_01']",GS_01,6.654894933235793,20.0,200,HIT,126.6548949332358
558100,1586,GS_01,telemetry_UAV_05,0.1,Optimized,"['GS_01', 'SAT_64914', 'UAV_05']",UAV_05,6.650947950092004,20.0,200,HIT,46.650947950092004
559100,1587,GS_01,telemetry_UAV_05,0.1,Optimized,"['GS_01', 'SAT_64914', 'UAV_05']",UAV_05,7.096700606320435,20.0,200,HIT,47.09670060632043
559100,1588,GS_01,telemetry_UAV_01,0.1,Optimized,"['GS_01', 'SAT_64914', 'UAV_01']",UAV_01,6.928305418171912,20.0,200,HIT,46.92830541817191
560100,1589,UAV_01,fuel_status_UAV_05,0.1,Optimized,"['UAV_01', 'UAV_05']",UAV_05,0.01574143005236205,10.0,200,HIT,80.01574143005236
560100,1590,GS_01,telemetry_UAV_05,0.1,Optimized,"['GS_01', 'SAT_60442', 'UAV_05']",UAV_05,6.494838305159821,20.0,200,HIT,46.49483830515982
560100,1591,GS_01,telemetry_UAV_01,0.1,Optimized,"['GS_01', 'SAT_60442', 'UAV_01']",UAV_01,6.959286810687335,20.0,200,HIT,46.95928681068733
561100,1592,GS_01,telemetry_UAV_05,0.1,Optimized,"['GS_01', 'SAT_60442', 'UAV_05']",UAV_05,6.898898901756027,20.0,200,HIT,46.89889890175603
561100,1593,UAV_05,target_location_update,0.3,Optimized,"['UAV_05', 'SAT_60442', 'GS_01']",GS_01,6.282050873534821,20.0,200,HIT,126.28205087353481
561100,1594,GS_01,telemetry_UAV_01,0.1,Optimized,"['GS_01', 'SAT_60442', 'UAV_01']",UAV_01,7.030911588727523,20.0,200,HIT,47.03091158872752
561100,1595,UAV_01,target_location_update,0.3,Optimized,"['UAV_01', 'SAT_60442', 'GS_01']",GS_01,7.275426587216561,20.0,200,HIT,127.27542658721656
562100,1596,GS_01,telemetry_UAV_05,0.1,Optimized,"['GS_01', 'SAT_60442', 'UAV_05']",UAV_05,6.2358623656822365,20.0,200,HIT,46.23586236568224
562100,1597,GS_01,telemetry_UAV_01,0.1,Optimized,"['GS_01', 'SAT_60442', 'UAV_01']",UAV_01,6.469853558703132,20.0,200,HIT,46.469853558703136
563100,1598,GS_01,telemetry_UAV_05,0.1,Optimized,"['GS_01', 'SAT_60442', 'UAV_05']",UAV_05,6.987545860364984,20.0,200,HIT,46.98754586036498
563100,1599,GS_01,telemetry_UAV_01,0.1,Optimized,"['GS_01', 'SAT_60442', 'UAV_01']",UAV_01,6.570679934956085,20.0,200,HIT,46.57067993495608
564100,1600,UAV_05,target_location_update,0.3,Optimized,"['UAV_05', 'SAT_60442', 'GS_01']",GS_01,6.427554285375697,20.0,200,HIT,126.42755428537569
564100,1601,GS_01,telemetry_UAV_01,0.1,Optimized,"['GS_01', 'SAT_60442', 'UAV_01']",UAV_01,6.429457028713946,20.0,200,HIT,46.42945702871395
564100,1602,GS_01,telemetry_UAV_05,0.1,Optimized,"['GS_01', 'SAT_60442', 'UAV_05']",UAV_05,6.346728796346499,20.0,200,HIT,46.3467287963465
564100,1603,UAV_01,target_location_update,0.3,Optimized,"['UAV_01', 'SAT_60442', 'GS_01']",GS_01,6.649396565483422,20.0,200,HIT,126.64939656548343
565100,1604,GS_01,telemetry_UAV_05,0.1,Optimized,"['GS_01', 'SAT_60442', 'UAV_05']",UAV_05,6.885637776493625,20.0,200,HIT,46.885637776493624
565100,1605,GS_01,telemetry_UAV_01,0.1,Optimized,"['GS_01', 'SAT_60442', 'UAV_01']",UAV_01,6.885972217228423,20.0,200,HIT,46.88597221722842
566100,1606,GS_01,telemetry_UAV_01,0.1,Optimized,"['GS_01', 'SAT_60442', 'UAV_01']",UAV_01,6.77465749832951,20.0,200,HIT,46.77465749832951
566100,1607,GS_01,telemetry_UAV_05,0.1,Optimized,"['GS_01', 'SAT_60442', 'UAV_05']",UAV_05,6.5381608543401075,20.0,200,HIT,46.538160854340106
567100,1608,GS_01,telemetry_UAV_01,0.1,Optimized,"['GS_01', 'SAT_60442', 'UAV_01']",UAV_01,6.797673152003337,20.0,200,HIT,46.797673152003334
567100,1609,UAV_05,target_location_update,0.3,Optimized,"['UAV_05', 'SAT_60442', 'GS_01']",GS_01,6.83460630626837,20.0,200,HIT,126.83460630626837
567100,1610,GS_01,telemetry_UAV_05,0.1,Optimized,"['GS_01', 'SAT_60442', 'UAV_05']",UAV_05,6.226864254148866,20.0,200,HIT,46.226864254148865
567100,1611,UAV_01,target_location_update,0.3,Optimized,"['UAV_01', 'SAT_60442', 'GS_01']",GS_01,6.945186339745291,20.0,200,HIT,126.94518633974529
568100,1612,GS_01,telemetry_UAV_01,0.1,Optimized,"['GS_01', 'SAT_60442', 'UAV_01']",UAV_01,6.648169725608337,20.0,200,HIT,46.64816972560834
568100,1613,GS_01,telemetry_UAV_05,0.1,Optimized,"['GS_01', 'SAT_60442', 'UAV_05']",UAV_05,6.765911214460862,20.0,200,HIT,46.765911214460864
569100,1614,GS_01,telemetry_UAV_01,0.1,Optimized,"['GS_01', 'SAT_60442', 'UAV_01']",UAV_01,7.13958563526942,20.0,200,HIT,47.13958563526942
569100,1615,GS_01,telemetry_UAV_05,0.1,Optimized,"['GS_01', 'SAT_60442', 'UAV_05']",UAV_05,6.8019848743273394,20.0,200,HIT,46.80198487432734
570100,1616,GS_01,telemetry_UAV_01,0.1,Optimized,"['GS_01', 'SAT_60442', 'UAV_01']",UAV_01,6.914563078306927,20.0,200,HIT,46.91456307830693
570100,1617,GS_01,telemetry_UAV_05,0.1,Optimized,"['GS_01', 'SAT_60442', 'UAV_05']",UAV_05,6.6561789791926795,20.0,200,HIT,46.65617897919268
570100,1618,UAV_01,target_location_update,0.3,Optimized,"['UAV_01', 'SAT_60442', 'GS_01']",GS_01,6.401761866846571,20.0,200,HIT,126.40176186684657
570100,1619,UAV_05,target_location_update,0.3,Optimized,"['UAV_05', 'SAT_60442', 'GS_01']",GS_01,6.07362227455772,20.0,200,HIT,126.07362227455772
571100,1620,GS_01,telemetry_UAV_01,0.1,Optimized,"['GS_01', 'SAT_60442', 'UAV_01']",UAV_01,6.559260756913309,20.0,200,HIT,46.55926075691331
571100,1621,GS_01,telemetry_UAV_05,0.1,Optimized,"['GS_01', 'SAT_60442', 'UAV_05']",UAV_05,6.692358929735235,20.0,200,HIT,46.692358929735235
572100,1622,GS_01,telemetry_UAV_01,0.1,Optimized,"['GS_01', 'SAT_60442', 'UAV_01']",UAV_01,6.485138726960653,20.0,200,HIT,46.485138726960656
572100,1623,GS_01,telemetry_UAV_05,0.1,Optimized,"['GS_01', 'SAT_60442', 'UAV_05']",UAV_05,6.385924488564506,20.0,200,HIT,46.385924488564505
573100,1624,GS_01,telemetry_UAV_05,0.1,Optimized,"['GS_01', 'SAT_60442', 'UAV_05']",UAV_05,6.178681453283531,20.0,200,HIT,46.17868145328353
573100,1625,UAV_01,target_location_update,0.3,Optimized,"['UAV_01', 'SAT_60442', 'GS_01']",GS_01,6.516429446117707,20.0,200,HIT,126.51642944611771
573100,1626,GS_01,telemetry_UAV_01,0.1,Optimized,"['GS_01', 'SAT_60442', 'UAV_01']",UAV_01,6.605584411676462,20.0,200,HIT,46.60558441167646
573100,1627,UAV_05,target_location_update,0.3,Optimized,"['UAV_05', 'SAT_60442', 'GS_01']",GS_01,6.7804693690803575,20.0,200,HIT,126.78046936908035
574100,1628,GS_01,telemetry_UAV_01,0.1,Optimized,"['GS_01', 'SAT_60442', 'UAV_01']",UAV_01,6.722494507359929,20.0,200,HIT,46.722494507359926
574100,1629,GS_01,telemetry_UAV_05,0.1,Optimized,"['GS_01', 'SAT_60442', 'UAV_05']",UAV_05,7.025302495449065,20.0,200,HIT,47.02530249544907
574600,1630,UAV_01,status_update_UAV_05,0.2,Optimized,"['UAV_01', 'UAV_05']",UAV_05,0.015548395420527134,10.0,200,HIT,160.01554839542052
575100,1631,GS_01,telemetry_UAV_05,0.1,Optimized,"['GS_01', 'SAT_60442', 'UAV_05']",UAV_05,6.950942272747464,20.0,200,HIT,46.95094227274746
575100,1632,GS_01,telemetry_UAV_01,0.1,Optimized,"['GS_01', 'SAT_60442', 'UAV_01']",UAV_01,6.8423642055614575,20.0,200,HIT,46.84236420556146
576100,1633,UAV_01,status_update_UAV_05,0.2,Optimized,"['UAV_01', 'UAV_05']",UAV_05,0.014407319779340087,10.0,200,HIT,160.01440731977934
576100,1634,GS_01,telemetry_UAV_01,0.1,Optimized,"['GS_01', 'SAT_60442', 'UAV_01']",UAV_01,6.809492499448203,20.0,200,HIT,46.809492499448204
576100,1635,UAV_01,target_location_update,0.3,Optimized,"['UAV_01', 'SAT_60442', 'GS_01']",GS_01,6.418430892982066,20.0,200,HIT,126.41843089298206
576100,1636,GS_01,telemetry_UAV_05,0.1,Optimized,"['GS_01', 'SAT_60442', 'UAV_05']",UAV_05,6.30934414556811,20.0,200,HIT,46.30934414556811
576100,1637,UAV_05,target_location_update,0.3,Optimized,"['UAV_05', 'SAT_60442', 'GS_01']",GS_01,6.237162129333857,20.0,200,HIT,126.23716212933385
577100,1638,GS_01,telemetry_UAV_05,0.1,Optimized,"['GS_01', 'SAT_60442', 'UAV_05']",UAV_05,6.224804129171326,20.0,200,HIT,46.224804129171325
577100,1639,GS_01,telemetry_UAV_01,0.1,Optimized,"['GS_01', 'SAT_60442', 'UAV_01']",UAV_01,6.604876025723553,20.0,200,HIT,46.604876025723556
578100,1640,GS_01,telemetry_UAV_05,0.1,Optimized,"['GS_01', 'SAT_60442', 'UAV_05']",UAV_05,6.79319826424873,20.0,200,HIT,46.79319826424873
578100,1641,GS_01,telemetry_UAV_01,0.1,Optimized,"['GS_01', 'SAT_60442', 'UAV_01']",UAV_01,6.152890518313292,20.0,200,HIT,46.15289051831329
579100,1642,GS_01,telemetry_UAV_01,0.1,Optimized,"['GS_01', 'SAT_60442', 'UAV_01']",UAV_01,6.891191338524202,20.0,200,HIT,46.8911913385242
579100,1643,UAV_01,target_location_update,0.3,Optimized,"['UAV_01', 'SAT_60442', 'GS_01']",GS_01,6.178367936453157,20.0,200,HIT,126.17836793645316
579100,1644,GS_01,telemetry_UAV_05,0.1,Optimized,"['GS_01', 'SAT_60442', 'UAV_05']",UAV_05,6.52364640896743,20.0,200,HIT,46.52364640896743
579100,1645,UAV_05,target_location_update,0.3,Optimized,"['UAV_05', 'SAT_60442', 'GS_01']",GS_01,6.28002773692378,20.0,200,HIT,126.28002773692378
580100,1646,GS_01,telemetry_UAV_01,0.1,Optimized,"['GS_01', 'SAT_60442', 'UAV_01']",UAV_01,6.716516365456684,20.0,200,HIT,46.716516365456684
580100,1647,GS_01,telemetry_UAV_05,0.1,Optimized,"['GS_01', 'SAT_60442', 'UAV_05']",UAV_05,6.680835022942553,20.0,200,HIT,46.68083502294255
580500,1648,UAV_01,collaboration_request_UAV_05,0.2,Optimized,['UAV_01'],UAV_01,0.0,inf,200,HIT,0.0
581100,1649,GS_01,telemetry_UAV_05,0.1,Optimized,"['GS_01', 'SAT_60442', 'UAV_05']",UAV_05,7.242592536621052,20.0,200,HIT,47.24259253662105
581100,1650,GS_01,telemetry_UAV_01,0.1,Optimized,"['GS_01', 'SAT_60442', 'UAV_01']",UAV_01,7.241168611857891,20.0,200,HIT,47.24116861185789
582100,1651,GS_01,telemetry_UAV_01,0.1,Optimized,"['GS_01', 'SAT_60442', 'UAV_01']",UAV_01,6.719452469047633,20.0,200,HIT,46.71945246904763
582100,1652,GS_01,telemetry_UAV_05,0.1,Optimized,"['GS_01', 'SAT_60442', 'UAV_05']",UAV_05,6.919296931386516,20.0,200,HIT,46.91929693138651
582100,1653,UAV_01,target_location_update,0.3,Optimized,"['UAV_01', 'SAT_60442', 'GS_01']",GS_01,7.104152276025113,20.0,200,HIT,127.10415227602512
582100,1654,UAV_05,target_location_update,0.3,Optimized,"['UAV_05', 'SAT_60442', 'GS_01']",GS_01,7.002044684459126,20.0,200,HIT,127.00204468445912
583100,1655,GS_01,telemetry_UAV_05,0.1,Optimized,"['GS_01', 'SAT_60442', 'UAV_05']",UAV_05,6.66136737261909,20.0,200,HIT,46.66136737261909
583100,1656,GS_01,telemetry_UAV_01,0.1,Optimized,"['GS_01', 'SAT_60442', 'UAV_01']",UAV_01,6.332454328343385,20.0,200,HIT,46.33245432834339
584100,1657,GS_01,telemetry_UAV_05,0.1,Optimized,"['GS_01', 'SAT_60442', 'UAV_05']",UAV_05,6.534610076803802,20.0,200,HIT,46.5346100768038
584100,1658,GS_01,telemetry_UAV_01,0.1,Optimized,"['GS_01', 'SAT_60442', 'UAV_01']",UAV_01,6.626387739500522,20.0,200,HIT,46.62638773950052
585100,1659,GS_01,telemetry_UAV_05,0.1,Optimized,"['GS_01', 'SAT_60442', 'UAV_05']",UAV_05,7.243403162045679,20.0,200,HIT,47.24340316204568
585100,1660,GS_01,telemetry_UAV_01,0.1,Optimized,"['GS_01', 'SAT_60442', 'UAV_01']",UAV_01,6.901377461274215,20.0,200,HIT,46.901377461274215
585100,1661,UAV_05,target_location_update,0.3,Optimized,"['UAV_05', 'SAT_60442', 'GS_01']",GS_01,6.491857606350804,20.0,200,HIT,126.4918576063508
585100,1662,UAV_01,target_location_update,0.3,Optimized,"['UAV_01', 'SAT_60442', 'GS_01']",GS_01,6.587071252741414,20.0,200,HIT,126.58707125274141
586100,1663,GS_01,telemetry_UAV_05,0.1,Optimized,"['GS_01', 'SAT_60442', 'UAV_05']",UAV_05,7.045534015149155,20.0,200,HIT,47.04553401514916
586100,1664,GS_01,telemetry_UAV_01,0.1,Optimized,"['GS_01', 'SAT_60442', 'UAV_01']",UAV_01,6.722120727740343,20.0,200,HIT,46.72212072774035
587100,1665,GS_01,telemetry_UAV_01,0.1,Optimized,"['GS_01', 'SAT_60442', 'UAV_01']",UAV_01,7.1168417379091675,20.0,200,HIT,47.11684173790917
587100,1666,GS_01,telemetry_UAV_05,0.1,Optimized,"['GS_01', 'SAT_60442', 'UAV_05']",UAV_05,6.611858275156628,20.0,200,HIT,46.61185827515663
588100,1667,GS_01,telemetry_UAV_01,0.1,Optimized,"['GS_01', 'SAT_60442', 'UAV_01']",UAV_01,6.62969254670916,20.0,200,HIT,46.62969254670916
588100,1668,GS_01,telemetry_UAV_05,0.1,Optimized,"['GS_01', 'SAT_60442', 'UAV_05']",UAV_05,7.320331583059364,20.0,200,HIT,47.320331583059364
588100,1669,UAV_05,target_location_update,0.3,Optimized,"['UAV_05', 'SAT_60442', 'GS_01']",GS_01,6.400157694659688,20.0,200,HIT,126.40015769465968
588100,1670,UAV_01,target_location_update,0.3,Optimized,"['UAV_01', 'SAT_60442', 'GS_01']",GS_01,6.70132611533761,20.0,200,HIT,126.70132611533761
589100,1671,GS_01,telemetry_UAV_01,0.1,Optimized,"['GS_01', 'SAT_60442', 'UAV_01']",UAV_01,6.488448976992066,20.0,200,HIT,46.48844897699207
589100,1672,GS_01,telemetry_UAV_05,0.1,Optimized,"['GS_01', 'SAT_60442', 'UAV_05']",UAV_05,6.791330953326193,20.0,200,HIT,46.791330953326195
590100,1673,GS_01,telemetry_UAV_05,0.1,Optimized,"['GS_01', 'SAT_60442', 'UAV_05']",UAV_05,7.222360436013824,20.0,200,HIT,47.22236043601382
590100,1674,GS_01,telemetry_UAV_01,0.1,Optimized,"['GS_01', 'SAT_60442', 'UAV_01']",UAV_01,6.964211596225727,20.0,200,HIT,46.964211596225724
591100,1675,GS_01,telemetry_UAV_05,0.1,Optimized,"['GS_01', 'SAT_60442', 'UAV_05']",UAV_05,6.920067811850986,20.0,200,HIT,46.920067811850984
591100,1676,GS_01,telemetry_UAV_01,0.1,Optimized,"['GS_01', 'SAT_60442', 'UAV_01']",UAV_01,6.804859085016879,20.0,200,HIT,46.80485908501688
591100,1677,UAV_01,target_location_update,0.3,Optimized,"['UAV_01', 'SAT_60442', 'GS_01']",GS_01,7.177141312079057,20.0,200,HIT,127.17714131207906
591100,1678,UAV_05,target_location_update,0.3,Optimized,"['UAV_05', 'SAT_60442', 'GS_01']",GS_01,6.779867624612884,20.0,200,HIT,126.77986762461289
592100,1679,GS_01,telemetry_UAV_05,0.1,Optimized,"['GS_01', 'SAT_60442', 'UAV_05']",UAV_05,6.5881737839595615,20.0,200,HIT,46.58817378395956
592100,1680,GS_01,telemetry_UAV_01,0.1,Optimized,"['GS_01', 'SAT_60442', 'UAV_01']",UAV_01,7.207320055519881,20.0,200,HIT,47.20732005551988
593100,1681,GS_01,telemetry_UAV_01,0.1,Optimized,"['GS_01', 'SAT_60442', 'UAV_01']",UAV_01,7.51703999905234,20.0,200,HIT,47.51703999905234
593100,1682,GS_01,telemetry_UAV_05,0.1,Optimized,"['GS_01', 'SAT_60442', 'UAV_05']",UAV_05,6.899373335138915,20.0,200,HIT,46.89937333513892
594100,1683,UAV_05,target_location_update,0.3,Optimized,"['UAV_05', 'SAT_60442', 'GS_01']",GS_01,6.6857939636217125,20.0,200,HIT,126.6857939636217
594100,1684,GS_01,telemetry_UAV_01,0.1,Optimized,"['GS_01', 'SAT_60442', 'UAV_01']",UAV_01,6.745824295703498,20.0,200,HIT,46.7458242957035
594100,1685,GS_01,telemetry_UAV_05,0.1,Optimized,"['GS_01', 'SAT_60442', 'UAV_05']",UAV_05,7.144230668249092,20.0,200,HIT,47.144230668249094
594100,1686,UAV_01,target_location_update,0.3,Optimized,"['UAV_01', 'SAT_60442', 'GS_01']",GS_01,7.043958695729061,20.0,200,HIT,127.04395869572906
595100,1687,GS_01,telemetry_UAV_01,0.1,Optimized,"['GS_01', 'SAT_60442', 'UAV_01']",UAV_01,7.214280442410175,20.0,200,HIT,47.21428044241017
595100,1688,GS_01,telemetry_UAV_05,0.1,Optimized,"['GS_01', 'SAT_60442', 'UAV_05']",UAV_05,6.6746091919716015,20.0,200,HIT,46.6746091919716
596100,1689,GS_01,telemetry_UAV_05,0.1,Optimized,"['GS_01', 'SAT_60442', 'UAV_05']",UAV_05,6.736460059946768,20.0,200,HIT,46.736460059946765
596100,1690,GS_01,telemetry_UAV_01,0.1,Optimized,"['GS_01', 'SAT_60442', 'UAV_01']",UAV_01,7.379848237686483,20.0,200,HIT,47.37984823768648
597100,1691,GS_01,telemetry_UAV_01,0.1,Optimized,"['GS_01', 'SAT_60442', 'UAV_01']",UAV_01,7.269384379528141,20.0,200,HIT,47.26938437952814
597100,1692,GS_01,telemetry_UAV_05,0.1,Optimized,"['GS_01', 'SAT_60442', 'UAV_05']",UAV_05,7.210933128382698,20.0,200,HIT,47.2109331283827
597100,1693,UAV_01,target_location_update,0.3,Optimized,"['UAV_01', 'SAT_60442', 'GS_01']",GS_01,6.585120314514596,20.0,200,HIT,126.5851203145146
597100,1694,UAV_05,target_location_update,0.3,Optimized,"['UAV_05', 'SAT_60442', 'GS_01']",GS_01,6.919394224420763,20.0,200,HIT,126.91939422442076
598100,1695,GS_01,telemetry_UAV_01,0.1,Optimized,"['GS_01', 'SAT_60442', 'UAV_01']",UAV_01,6.546464289451919,20.0,200,HIT,46.54646428945192
598100,1696,GS_01,telemetry_UAV_05,0.1,Optimized,"['GS_01', 'SAT_60442', 'UAV_05']",UAV_05,7.29555160516842,20.0,200,HIT,47.29555160516842
599100,1697,GS_01,telemetry_UAV_05,0.1,Optimized,"['GS_01', 'SAT_60442', 'UAV_05']",UAV_05,6.9058228935838475,20.0,200,HIT,46.905822893583846
599100,1698,GS_01,telemetry_UAV_01,0.1,Optimized,"['GS_01', 'SAT_60442', 'UAV_01']",UAV_01,7.041563324537018,20.0,200,HIT,47.041563324537016
